case,family,length,sizing,slip,trades,closed_pnl,display_pnl,wr,pf,realized_mdd,price_mdd,end_price_equity,end_floating,open_positions,worst30_price,L_pnl,S_pnl,L_trades,S_trades,holding_hours,fee,extra_cost,exits,early_pnl,early_trades,early_equity_change,late_pnl,late_trades,late_equity_change,recent_pnl,recent_trades,recent_equity_change,block1_pnl,block1_equity_change,block2_pnl,block2_equity_change,block3_pnl,block3_equity_change,block4_pnl,block4_equity_change,block5_pnl,block5_equity_change,block6_pnl,block6_equity_change,funding,funding_low,funding_high,funded_end_equity,mark_mdd,worst30_mark
joint_100,fixed_joint,100,flat,0,262,6675.5379408098615,6675.53,61.06870229007634,2.546802909813701,409.80153209132186,415.92899567095355,6675.5379408098615,0.0,0,-365.36244904603336,3347.727158667789,3327.8107821420726,134,128,1589,1048.0,1310.0,"{'TP': 102, 'MH': 72, 'MFE': 59, 'MHx': 14, 'BE': 13, 'SN': 2}",4985.398353568944,173,4972.7600556966045,1690.139587240917,89,1702.777885113257,369.3216511852497,35,369.32165118525063,1719.3868099973242,1719.386809997324,1023.8871587366348,1023.8871587366345,894.8399861449049,894.8399861449043,1203.7560111722958,1203.7560111722973,1448.6585056509346,1448.6585056509339,385.00946910776713,385.0094691077675,-7.41996568322153,-14.691260282738902,3.369659794807353,6668.11797512664,415.9555130416429,-366.11185466077495
joint_101,fixed_joint,101,flat,0,262,6691.506833145449,6691.5,61.06870229007634,2.5562615519099716,409.80153209132186,415.92899567095355,6691.5068331454495,0.0,0,-365.36244904603336,3347.727158667789,3343.7796744776597,134,128,1587,1048.0,1310.0,"{'TP': 102, 'MH': 72, 'MFE': 59, 'MHx': 14, 'BE': 13, 'SN': 2}",5001.367245904531,173,4988.7289480321915,1690.139587240917,89,1702.777885113258,369.3216511852497,35,369.32165118525063,1719.3868099973242,1719.386809997324,1039.8560510722216,1039.8560510722216,894.8399861449049,894.8399861449043,1203.7560111722958,1203.7560111722973,1448.6585056509346,1448.6585056509348,385.00946910776713,385.0094691077675,-7.396325901529908,-14.667620501047281,3.369659794807353,6684.1105072439195,415.9555130416429,-366.11185466077495
joint_102,fixed_joint,102,flat,0,261,6720.678377914759,6720.67,61.30268199233716,2.5737229852826538,409.80153209132186,415.92899567095355,6720.678377914761,0.0,0,-365.36244904603336,3376.8987034371003,3343.7796744776597,133,128,1580,1044.0,1305.0,"{'TP': 102, 'MH': 71, 'MFE': 59, 'MHx': 14, 'BE': 13, 'SN': 2}",5030.538790673842,172,5017.900492801503,1690.139587240917,89,1702.777885113258,369.3216511852497,35,369.32165118525063,1748.5583547666356,1748.5583547666354,1039.8560510722216,1039.8560510722216,894.8399861449049,894.8399861449043,1203.7560111722958,1203.7560111722973,1448.6585056509346,1448.6585056509348,385.00946910776713,385.0094691077675,-6.16003138270636,-13.431325982223738,4.605954313630901,6714.518346532054,415.9555130416429,-366.11185466077495
joint_103,fixed_joint,103,flat,0,261,6544.718650030518,6544.709999999999,60.91954022988506,2.520213631147709,409.80153209132186,415.92899567095355,6544.71865003052,0.0,0,-365.36244904603336,3235.509891504087,3309.20875852643,132,129,1582,1044.0,1305.0,"{'TP': 101, 'MH': 72, 'MFE': 59, 'MHx': 14, 'BE': 13, 'SN': 2}",4854.5790627896,172,4841.940764917262,1690.139587240917,89,1702.777885113258,369.3216511852497,35,369.32165118525063,1607.1695428336227,1607.1695428336227,1005.2851351209927,1005.2851351209931,894.8399861449049,894.8399861449043,1203.7560111722958,1203.7560111722973,1448.6585056509346,1448.6585056509348,385.00946910776713,385.0094691077675,-5.712627617435576,-12.983922216952957,5.053358078901686,6539.006022413084,415.9555130416429,-366.11185466077495
joint_104,fixed_joint,104,flat,0,259,6393.1436449087,6393.129999999999,60.231660231660236,2.4855091093336754,409.80153209132186,415.92899567095355,6393.1436449087005,0.0,0,-365.36244904603336,3135.174137352069,3257.9695075566306,131,128,1572,1036.0,1295.0,"{'TP': 100, 'MH': 73, 'MFE': 57, 'MHx': 14, 'BE': 13, 'SN': 2}",4754.243308637582,171,4741.605010765243,1638.9003362711178,88,1651.5386341434578,369.3216511852497,35,369.32165118525063,1481.2769275062885,1481.2769275062885,1005.2851351209927,1005.2851351209922,894.8399861449049,894.8399861449043,1229.312872347612,1229.3128723476134,1397.4192546811353,1397.4192546811346,385.00946910776713,385.0094691077675,-4.118256982630438,-11.389551582147817,5.833706147344875,6389.02538792607,415.9555130416429,-366.11185466077495
joint_105,fixed_joint,105,flat,0,259,6515.110899607649,6515.1,60.61776061776062,2.523887082111781,409.80153209132186,415.92899567095355,6515.110899607652,0.0,0,-365.36244904603336,3252.8912956483036,3262.2196039593455,131,128,1569,1036.0,1295.0,"{'TP': 100, 'MH': 72, 'MFE': 58, 'MHx': 14, 'BE': 13, 'SN': 2}",4876.210563336532,171,4863.572265464193,1638.9003362711178,88,1651.5386341434587,369.3216511852497,35,369.32165118525063,1598.9940858025232,1598.9940858025227,1009.7306712631214,1009.7306712631218,894.8399861449049,894.8399861449047,1229.1174326081982,1229.1174326081996,1397.4192546811353,1397.4192546811355,385.00946910776713,385.0094691077675,-4.9322795489923905,-12.207872746294791,5.833706147344875,6510.178620058659,415.9555130416429,-366.11185466077495
joint_106,fixed_joint,106,flat,0,259,6515.110899607649,6515.1,60.61776061776062,2.523887082111781,409.80153209132186,415.92899567095355,6515.110899607652,0.0,0,-365.36244904603336,3252.8912956483036,3262.2196039593455,131,128,1569,1036.0,1295.0,"{'TP': 100, 'MH': 72, 'MFE': 58, 'MHx': 14, 'BE': 13, 'SN': 2}",4876.210563336532,171,4863.572265464193,1638.9003362711178,88,1651.5386341434587,369.3216511852497,35,369.32165118525063,1598.9940858025232,1598.9940858025227,1009.7306712631214,1009.7306712631218,894.8399861449049,894.8399861449047,1229.1174326081982,1229.1174326081996,1397.4192546811353,1397.4192546811355,385.00946910776713,385.0094691077675,-4.9322795489923905,-12.207872746294791,5.833706147344875,6510.178620058659,415.9555130416429,-366.11185466077495
joint_107,fixed_joint,107,flat,0,264,6664.6106104633345,6664.6,60.984848484848484,2.5512639912817328,409.80153209132186,415.92899567095355,6664.610610463336,0.0,0,-365.36244904603336,3259.261184392705,3405.349426070629,132,132,1608,1056.0,1320.0,"{'TP': 102, 'MH': 73, 'MFE': 59, 'MHx': 15, 'BE': 13, 'SN': 2}",4876.210563336532,171,4863.572265464193,1788.4000471268018,93,1801.0383449991432,369.3216511852497,35,369.32165118525063,1598.9940858025232,1598.9940858025227,1009.7306712631214,1009.7306712631218,894.8399861449049,894.8399861449047,1229.1174326081982,1229.1174326081996,1546.9189655368198,1546.91896553682,385.00946910776713,385.0094691077675,-4.79098490163745,-12.084564690472865,6.375002480301406,6659.819625561699,415.9555130416429,-366.11185466077495
joint_108,fixed_joint,108,flat,0,265,6599.189476445337,6599.18,60.75471698113207,2.5129972905756315,409.80153209132186,415.92899567095355,6599.18947644534,0.0,0,-365.36244904603336,3259.261184392705,3339.928292052632,132,133,1618,1060.0,1325.0,"{'TP': 102, 'MH': 74, 'MFE': 59, 'MHx': 15, 'BE': 13, 'SN': 2}",4876.210563336532,171,4863.572265464193,1722.9789131088055,94,1735.6172109811469,369.3216511852497,35,369.32165118525063,1598.9940858025232,1598.9940858025227,1009.7306712631214,1009.7306712631218,894.8399861449049,894.8399861449047,1229.1174326081982,1229.1174326081996,1481.4978315188232,1481.4978315188237,385.00946910776713,385.0094691077675,-4.980475353484667,-12.274055142320082,6.185512028454189,6594.2090010918555,415.9555130416429,-366.11185466077495
joint_109,fixed_joint,109,flat,0,266,6630.7768590633505,6630.77,60.902255639097746,2.5202393351461065,409.80153209132186,415.92899567095355,6630.776859063352,0.0,0,-365.36244904603336,3259.261184392705,3371.515674670645,132,134,1630,1064.0,1330.0,"{'TP': 102, 'MH': 74, 'MFE': 59, 'MHx': 16, 'BE': 13, 'SN': 2}",4907.797945954545,172,4895.159648082205,1722.9789131088055,94,1735.6172109811469,369.3216511852497,35,369.32165118525063,1598.9940858025232,1598.9940858025227,1009.7306712631214,1009.7306712631218,926.4273687629175,926.427368762917,1229.1174326081982,1229.1174326081996,1481.4978315188232,1481.4978315188237,385.00946910776713,385.0094691077675,-4.873999718285593,-12.167579507121008,6.291987663653263,6625.902859345067,415.9555130416429,-366.11185466077404
gate_only_100,fixed_gate_only,100,flat,0,262,6675.5379408098615,6675.53,61.06870229007634,2.546802909813701,409.80153209132186,415.92899567095355,6675.5379408098615,0.0,0,-365.36244904603336,3347.727158667789,3327.8107821420726,134,128,1589,1048.0,1310.0,"{'TP': 102, 'MH': 72, 'MFE': 59, 'MHx': 14, 'BE': 13, 'SN': 2}",4985.398353568944,173,4972.7600556966045,1690.139587240917,89,1702.777885113257,369.3216511852497,35,369.32165118525063,1719.3868099973242,1719.386809997324,1023.8871587366348,1023.8871587366345,894.8399861449049,894.8399861449043,1203.7560111722958,1203.7560111722973,1448.6585056509346,1448.6585056509339,385.00946910776713,385.0094691077675,-7.41996568322153,-14.691260282738902,3.369659794807353,6668.11797512664,415.9555130416429,-366.11185466077495
gate_only_101,fixed_gate_only,101,flat,0,262,6675.5379408098615,6675.53,61.06870229007634,2.546802909813701,409.80153209132186,415.92899567095355,6675.5379408098615,0.0,0,-365.36244904603336,3347.727158667789,3327.8107821420726,134,128,1589,1048.0,1310.0,"{'TP': 102, 'MH': 72, 'MFE': 59, 'MHx': 14, 'BE': 13, 'SN': 2}",4985.398353568944,173,4972.7600556966045,1690.139587240917,89,1702.777885113257,369.3216511852497,35,369.32165118525063,1719.3868099973242,1719.386809997324,1023.8871587366348,1023.8871587366345,894.8399861449049,894.8399861449043,1203.7560111722958,1203.7560111722973,1448.6585056509346,1448.6585056509339,385.00946910776713,385.0094691077675,-7.41996568322153,-14.691260282738902,3.369659794807353,6668.11797512664,415.9555130416429,-366.11185466077495
gate_only_102,fixed_gate_only,102,flat,0,261,6704.709485579173,6704.7,61.30268199233716,2.564134923096304,409.80153209132186,415.92899567095355,6704.709485579173,0.0,0,-365.36244904603336,3376.8987034371003,3327.8107821420726,133,128,1582,1044.0,1305.0,"{'TP': 102, 'MH': 71, 'MFE': 59, 'MHx': 14, 'BE': 13, 'SN': 2}",5014.569898338255,172,5001.931600465916,1690.139587240917,89,1702.777885113257,369.3216511852497,35,369.32165118525063,1748.5583547666356,1748.5583547666354,1023.8871587366348,1023.8871587366345,894.8399861449049,894.8399861449043,1203.7560111722958,1203.7560111722973,1448.6585056509346,1448.6585056509339,385.00946910776713,385.0094691077675,-6.183671164397982,-13.454965763915359,4.605954313630901,6698.525814414775,415.9555130416429,-366.11185466077495
gate_only_103,fixed_gate_only,103,flat,0,261,6528.74975769493,6528.74,60.91954022988506,2.5109000252963574,409.80153209132186,415.92899567095355,6528.749757694932,0.0,0,-365.36244904603336,3235.509891504087,3293.239866190843,132,129,1584,1044.0,1305.0,"{'TP': 101, 'MH': 72, 'MFE': 59, 'MHx': 14, 'BE': 13, 'SN': 2}",4838.610170454013,172,4825.971872581674,1690.139587240917,89,1702.777885113258,369.3216511852497,35,369.32165118525063,1607.1695428336227,1607.1695428336227,989.3162427854057,989.3162427854061,894.8399861449049,894.8399861449043,1203.7560111722958,1203.7560111722964,1448.6585056509346,1448.6585056509348,385.00946910776713,385.0094691077675,-5.736267399127197,-13.00756199864458,5.053358078901686,6523.013490295804,415.9555130416429,-366.11185466077495
gate_only_104,fixed_gate_only,104,flat,0,259,6351.6178913977965,6351.6,60.231660231660236,2.46175584204646,409.80153209132186,415.92899567095355,6351.617891397797,0.0,0,-365.36244904603336,3109.617276176753,3242.0006152210435,131,128,1573,1036.0,1295.0,"{'TP': 100, 'MH': 73, 'MFE': 57, 'MHx': 14, 'BE': 13, 'SN': 2}",4712.717555126679,171,4700.07925725434,1638.9003362711178,88,1651.5386341434578,369.3216511852497,35,369.32165118525063,1481.2769275062885,1481.2769275062885,989.3162427854057,989.3162427854052,894.8399861449049,894.8399861449043,1203.7560111722958,1203.7560111722973,1397.4192546811353,1397.4192546811346,385.00946910776713,385.0094691077675,-4.141896764322059,-11.413191363839442,5.833706147344875,6347.475994633475,415.9555130416429,-366.11185466077495
gate_only_105,fixed_gate_only,105,flat,0,259,6469.335049694031,6469.32,60.61776061776062,2.4971501210798976,409.80153209132186,415.92899567095355,6469.335049694032,0.0,0,-365.36244904603336,3227.3344344729876,3242.0006152210435,131,128,1574,1036.0,1295.0,"{'TP': 100, 'MH': 72, 'MFE': 58, 'MHx': 14, 'BE': 13, 'SN': 2}",4830.434713422914,171,4817.796415550574,1638.9003362711178,88,1651.5386341434578,369.3216511852497,35,369.32165118525063,1598.9940858025232,1598.9940858025227,989.3162427854057,989.3162427854061,894.8399861449049,894.8399861449047,1203.7560111722958,1203.7560111722964,1397.4192546811353,1397.4192546811346,385.00946910776713,385.0094691077675,-4.9559193306840115,-12.227213930201396,5.833706147344875,6464.379130363348,415.9555130416429,-366.11185466077495
gate_only_106,fixed_gate_only,106,flat,0,259,6469.335049694031,6469.32,60.61776061776062,2.4971501210798976,409.80153209132186,415.92899567095355,6469.335049694032,0.0,0,-365.36244904603336,3227.3344344729876,3242.0006152210435,131,128,1574,1036.0,1295.0,"{'TP': 100, 'MH': 72, 'MFE': 58, 'MHx': 14, 'BE': 13, 'SN': 2}",4830.434713422914,171,4817.796415550574,1638.9003362711178,88,1651.5386341434578,369.3216511852497,35,369.32165118525063,1598.9940858025232,1598.9940858025227,989.3162427854057,989.3162427854061,894.8399861449049,894.8399861449047,1203.7560111722958,1203.7560111722964,1397.4192546811353,1397.4192546811346,385.00946910776713,385.0094691077675,-4.9559193306840115,-12.227213930201396,5.833706147344875,6464.379130363348,415.9555130416429,-366.11185466077495
gate_only_107,fixed_gate_only,107,flat,0,264,6618.8347605497165,6618.82,60.984848484848484,2.524367236547179,409.80153209132186,415.92899567095355,6618.8347605497165,0.0,0,-365.36244904603336,3233.704323217389,3385.130437332327,132,132,1613,1056.0,1320.0,"{'TP': 102, 'MH': 73, 'MFE': 59, 'MHx': 15, 'BE': 13, 'SN': 2}",4830.434713422914,171,4817.796415550574,1788.4000471268018,93,1801.0383449991423,369.3216511852497,35,369.32165118525063,1598.9940858025232,1598.9940858025227,989.3162427854057,989.3162427854061,894.8399861449049,894.8399861449047,1203.7560111722958,1203.7560111722964,1546.9189655368198,1546.918965536819,385.00946910776713,385.0094691077675,-4.814624683329071,-12.10390587437947,6.375002480301406,6614.020135866387,415.9555130416429,-366.11185466077495
gate_only_108,fixed_gate_only,108,flat,0,265,6553.413626531719,6553.4,60.75471698113207,2.486897212627523,409.80153209132186,415.92899567095355,6553.41362653172,0.0,0,-365.36244904603336,3233.704323217389,3319.70930331433,132,133,1623,1060.0,1325.0,"{'TP': 102, 'MH': 74, 'MFE': 59, 'MHx': 15, 'BE': 13, 'SN': 2}",4830.434713422914,171,4817.796415550574,1722.9789131088055,94,1735.617210981146,369.3216511852497,35,369.32165118525063,1598.9940858025232,1598.9940858025227,989.3162427854057,989.3162427854061,894.8399861449049,894.8399861449047,1203.7560111722958,1203.7560111722964,1481.4978315188232,1481.4978315188227,385.00946910776713,385.0094691077675,-5.0041151351762885,-12.293396326226686,6.185512028454189,6548.409511396544,415.9555130416429,-366.11185466077495
gate_only_109,fixed_gate_only,109,flat,0,266,6585.0010091497315,6584.99,60.902255639097746,2.494064041069234,409.80153209132186,415.92899567095355,6585.001009149734,0.0,0,-365.36244904603336,3233.704323217389,3351.296685932343,132,134,1635,1064.0,1330.0,"{'TP': 102, 'MH': 74, 'MFE': 59, 'MHx': 16, 'BE': 13, 'SN': 2}",4862.022096040926,172,4849.383798168587,1722.9789131088055,94,1735.6172109811469,369.3216511852497,35,369.32165118525063,1598.9940858025232,1598.9940858025227,989.3162427854057,989.3162427854061,926.4273687629175,926.427368762917,1203.7560111722958,1203.7560111722973,1481.4978315188232,1481.4978315188237,385.00946910776713,385.0094691077675,-4.897639499977215,-12.186920691027613,6.291987663653263,6580.103369649757,415.9555130416429,-366.11185466077404
no_gate_all,fixed_gate_only,100,flat,0,304,6109.004352909562,6108.969999999999,57.56578947368421,2.067294368130666,540.4456759660143,581.8085076138113,6109.004352909563,0.0,0,-506.50488459938697,3072.7598452649454,3036.244507644617,154,150,1898,1216.0,1520.0,"{'TP': 109, 'MH': 92, 'MFE': 69, 'MHx': 17, 'BE': 13, 'SN': 4}",4937.733613070302,204,4925.095315197964,1171.2707398392597,100,1183.909037711599,281.9730583736731,41,281.97305837367276,1477.9282230117394,1477.9282230117399,970.2474011217333,970.247401121733,1035.5659846592755,1035.5659846592748,1198.18760824781,1198.187608247812,1129.4142595728135,1129.4142595728135,297.6608762961904,297.6608762961896,-14.486610100680748,-24.107943822089084,-1.7623271061506363,6094.517742808882,582.6890839091602,-506.8756961408453
no_gate_L,fixed_gate_only,100,flat,0,283,6396.556285816405,6396.54,59.36395759717315,2.2867338274284994,409.80153209132186,415.92899567095355,6396.556285816405,0.0,0,-365.36244904603336,3068.745503674333,3327.8107821420726,155,128,1695,1132.0,1415.0,"{'TP': 103, 'MH': 80, 'MFE': 69, 'MHx': 15, 'BE': 13, 'SN': 3}",4805.92250496574,190,4793.2842070934,1590.6337808506646,93,1603.2720787230046,297.4559712948578,38,297.4559712948585,1599.7071867055267,1599.7071867055267,970.0616034818444,970.0616034818438,854.5809346363864,854.5809346363858,1238.0443926241983,1238.0443926241996,1421.018379151074,1421.0183791510735,313.14378921737523,313.14378921737534,-14.846947090686772,-23.285492955975105,-2.892205483530527,6381.709338725718,415.9555130416429,-366.11185466077495
no_gate_S,fixed_gate_only,100,flat,0,283,6387.986007903019,6387.96,59.01060070671378,2.2603639021104422,540.4456759660143,581.8085076138113,6387.9860079030195,0.0,0,-506.50488459938697,3351.741500258401,3036.244507644617,133,150,1792,1132.0,1415.0,"{'TP': 108, 'MH': 84, 'MFE': 59, 'MHx': 16, 'BE': 13, 'SN': 3}",5117.209461673506,187,5104.571163801167,1270.7765462295122,96,1283.4148441018524,353.838738264065,38,353.8387382640649,1597.607846303537,1597.6078463035371,1024.0729563765237,1024.0729563765237,1075.8250361677942,1075.8250361677933,1163.8992267959068,1163.8992267959088,1157.0543860726739,1157.0543860726748,369.52655618658247,369.52655618658173,-7.059628693215506,-15.513711148852893,4.499538172187243,6380.926379209804,582.6890839091602,-506.8756961408453
anchor_joint125,fixed_joint,125,flat,0,261,6324.34334273395,6324.32,60.91954022988506,2.433672950814247,377.5476152675592,408.57822715808925,6324.343342733953,0.0,0,-333.1085322222707,2919.3637205510418,3404.9796221829083,124,137,1619,1044.0,1305.0,"{'TP': 103, 'MH': 73, 'MFE': 53, 'MHx': 15, 'BE': 14, 'SN': 3}",4651.245931810981,166,4638.607633938643,1673.0974109229699,95,1685.7357087953105,277.235772056983,35,277.2357720569844,1535.1014628367034,1535.1014628367031,721.5645410797202,721.5645410797213,987.5507437400641,987.5507437400638,1295.7547134604708,1295.7547134604729,1491.4482916374911,1491.448291637491,292.92358997950043,292.92358997950123,-2.144571378353505,-9.122198565579719,7.503245858134836,6322.1987713556,408.52844061163614,-333.8579378370123
anchor_scaled150,scaled_joint,150,flat,0,255,7122.141506072901,7122.099999999999,62.745098039215684,2.8353105012773003,344.1248353734063,408.57822715808925,7122.141506072904,0.0,0,-315.07247035032196,3067.259082254004,4054.8824238188977,128,127,1559,1020.0,1275.0,"{'TP': 102, 'MH': 67, 'MFE': 56, 'BE': 14, 'MHx': 14, 'SN': 2}",5099.683389599483,166,5087.045091727145,2022.4581164734182,89,2035.0964143457595,527.3889739370574,33,527.3889739370597,1640.8086433304907,1640.8086433304907,830.1482526634235,830.148252663424,1213.5937066267911,1213.5937066267911,1321.8943781567045,1321.894378156706,1572.619733435917,1572.6197334359158,543.0767918595748,543.0767918595766,-5.249930724128793,-11.885917004375868,3.2005202499570893,7116.891575348775,408.52844061163614,-316.1599637603704
joint_100,fixed_joint,100,flat,2,257,6320.252528150043,6320.200000000001,60.311284046692606,2.463391985378771,409.2909131705119,432.84735579914286,6320.252528150045,0.0,0,-377.7714999936543,3060.4544985969187,3259.7980295531233,130,127,1560,1028.0,1285.0,"{'TP': 100, 'MH': 71, 'MFE': 59, 'MHx': 13, 'BE': 12, 'SN': 2}",4679.914661461889,170,4666.478650791686,1640.3378666881538,87,1653.7738773583587,313.237911986191,35,313.23791198618983,1689.9221670517834,1689.9221670517838,828.3769647522362,828.376964752237,846.6922581189632,846.6922581189633,1161.7882638131018,1161.788263813104,1480.4407936354264,1480.4407936354246,313.03208077853276,313.03208077853196,-6.633436409237522,-13.872127024799697,3.820358977089468,6313.619091740808,432.71604061311155,-378.4156930151994
joint_101,fixed_joint,101,flat,2,257,6336.227809320332,6336.18,60.311284046692606,2.472537700597581,409.2909131705119,432.84735579914286,6336.227809320332,0.0,0,-377.7714999936543,3060.4544985969187,3275.7733107234117,130,127,1558,1028.0,1285.0,"{'TP': 100, 'MH': 71, 'MFE': 59, 'MHx': 13, 'BE': 12, 'SN': 2}",4695.889942632179,170,4682.453931961974,1640.3378666881538,87,1653.7738773583578,313.237911986191,35,313.23791198618983,1689.9221670517834,1689.9221670517838,844.3522459225245,844.3522459225253,846.6922581189632,846.6922581189633,1161.7882638131018,1161.788263813104,1480.4407936354264,1480.4407936354246,313.03208077853276,313.03208077853105,-6.609791898643781,-13.848482514205957,3.820358977089468,6329.618017421689,432.71604061311155,-378.4156930151994
joint_102,fixed_joint,102,flat,2,256,6366.990967149124,6366.9400000000005,60.546875,2.4903420271349384,409.2909131705119,432.84735579914286,6366.990967149123,0.0,0,-377.7714999936543,3091.2176564257106,3275.7733107234117,129,127,1551,1024.0,1280.0,"{'TP': 100, 'MH': 70, 'MFE': 59, 'MHx': 13, 'BE': 12, 'SN': 2}",4726.65310046097,169,4713.217089790765,1640.3378666881538,87,1653.7738773583578,313.237911986191,35,313.23791198618983,1720.6853248805749,1720.6853248805753,844.3522459225245,844.3522459225253,846.6922581189632,846.6922581189629,1161.7882638131018,1161.788263813104,1480.4407936354264,1480.4407936354246,313.03208077853276,313.03208077853105,-5.373744589282106,-12.612435204844285,5.0564062864511445,6361.617222559841,432.71604061311155,-378.4156930152003
joint_103,fixed_joint,103,flat,2,256,6191.080512348468,6191.03,60.15625,2.43699602159211,409.2909131705119,432.84735579914286,6191.080512348467,0.0,0,-377.7714999936543,2951.4886680527584,3239.591844295709,128,128,1553,1024.0,1280.0,"{'TP': 99, 'MH': 71, 'MFE': 59, 'MHx': 13, 'BE': 12, 'SN': 2}",4550.742645660313,169,4537.306634990109,1640.3378666881538,87,1653.7738773583578,313.237911986191,35,313.23791198618983,1580.956336507623,1580.9563365076235,808.1707794948202,808.1707794948209,846.6922581189632,846.6922581189629,1161.7882638131018,1161.788263813104,1480.4407936354264,1480.4407936354246,313.03208077853276,313.03208077853105,-4.926509630538758,-12.165200246100937,5.503641245194494,6186.154002717928,432.71604061311155,-378.4156930151994
joint_104,fixed_joint,104,flat,2,254,6042.725132390708,6042.67,59.4488188976378,2.4025145025959795,409.2909131705119,432.84735579914286,6042.7251323907085,0.0,0,-377.7714999936543,2852.7963195212774,3189.9288128694297,127,127,1543,1016.0,1270.0,"{'TP': 98, 'MH': 72, 'MFE': 57, 'MHx': 13, 'BE': 12, 'SN': 2}",4452.0502971288315,168,4438.614286458628,1590.6748352618752,86,1604.1108459320803,313.237911986191,35,313.23791198618983,1456.7173475011555,1456.7173475011557,808.1707794948202,808.1707794948209,846.6922581189632,846.6922581189629,1187.3349042880882,1187.334904288091,1430.7777622091478,1430.7777622091462,313.03208077853276,313.03208077853196,-3.3324438429294077,-10.571134458491589,6.283847238400773,6039.3926885477795,432.71604061311155,-378.4156930152003
joint_105,fixed_joint,105,flat,2,254,6164.647010020465,6164.58,59.84251968503938,2.440825994580935,409.2909131705119,432.84735579914286,6164.647010020465,0.0,0,-377.7714999936543,2970.466400369683,3194.1806096507808,127,127,1540,1016.0,1270.0,"{'TP': 98, 'MH': 71, 'MFE': 58, 'MHx': 13, 'BE': 12, 'SN': 2}",4573.972174758589,168,4560.536164088386,1590.6748352618752,86,1604.1108459320794,313.237911986191,35,313.23791198618983,1574.387428349561,1574.3874283495616,812.6180942071196,812.6180942071201,846.6922581189632,846.6922581189633,1187.1393863571402,1187.139386357143,1430.7777622091478,1430.7777622091462,313.03208077853276,313.03208077853105,-4.14630363733248,-11.389293710571206,6.283847238400773,6160.500706383133,432.71604061311155,-378.4156930151994
joint_106,fixed_joint,106,flat,2,254,6164.647010020465,6164.58,59.84251968503938,2.440825994580935,409.2909131705119,432.84735579914286,6164.647010020465,0.0,0,-377.7714999936543,2970.466400369683,3194.1806096507808,127,127,1540,1016.0,1270.0,"{'TP': 98, 'MH': 71, 'MFE': 58, 'MHx': 13, 'BE': 12, 'SN': 2}",4573.972174758589,168,4560.536164088386,1590.6748352618752,86,1604.1108459320794,313.237911986191,35,313.23791198618983,1574.387428349561,1574.3874283495616,812.6180942071196,812.6180942071201,846.6922581189632,846.6922581189633,1187.1393863571402,1187.139386357143,1430.7777622091478,1430.7777622091462,313.03208077853276,313.03208077853105,-4.14630363733248,-11.389293710571206,6.283847238400773,6160.500706383133,432.71604061311155,-378.4156930151994
joint_107,fixed_joint,107,flat,2,258,6157.499401235258,6157.4400000000005,59.68992248062015,2.413124230162043,409.2909131705119,432.84735579914286,6157.499401235259,0.0,0,-377.7714999936543,2970.466400369683,3187.0330008655756,127,131,1575,1032.0,1290.0,"{'TP': 99, 'MH': 73, 'MFE': 58, 'MHx': 14, 'BE': 12, 'SN': 2}",4573.972174758589,168,4560.536164088386,1583.5272264766693,90,1596.9632371468733,313.237911986191,35,313.23791198618983,1574.387428349561,1574.3874283495616,812.6180942071196,812.6180942071201,846.6922581189632,846.6922581189633,1187.1393863571402,1187.139386357143,1423.630153423942,1423.63015342394,313.03208077853276,313.03208077853105,-3.8154504928806587,-11.109029829901141,6.614700382852595,6153.683950742378,432.71604061311155,-378.4156930151994
joint_108,fixed_joint,108,flat,2,259,6090.455374185049,6090.4,59.45945945945946,2.376557644546421,409.2909131705119,432.84735579914286,6090.45537418505,0.0,0,-377.7714999936543,2970.466400369683,3119.9889738153656,127,132,1585,1036.0,1295.0,"{'TP': 99, 'MH': 74, 'MFE': 58, 'MHx': 14, 'BE': 12, 'SN': 2}",4573.972174758589,168,4560.536164088386,1516.483199426459,91,1529.9192100966638,313.237911986191,35,313.23791198618983,1574.387428349561,1574.3874283495616,812.6180942071196,812.6180942071201,846.6922581189632,846.6922581189633,1187.1393863571402,1187.139386357143,1356.586126373732,1356.5861263737297,313.03208077853276,313.03208077853196,-4.00497885039938,-11.298558187419863,6.4251720253338735,6086.45039533465,432.71604061311155,-378.4156930151994
joint_109,fixed_joint,109,flat,2,260,6120.458674939735,6120.4,59.61538461538461,2.3833389557092204,409.2909131705119,432.84735579914286,6120.458674939736,0.0,0,-377.7714999936543,2970.466400369683,3149.992274570053,127,133,1597,1040.0,1300.0,"{'TP': 99, 'MH': 74, 'MFE': 58, 'MHx': 15, 'BE': 12, 'SN': 2}",4603.975475513276,169,4590.539464843072,1516.483199426459,91,1529.9192100966638,313.237911986191,35,313.23791198618983,1574.387428349561,1574.3874283495616,812.6180942071196,812.6180942071201,876.69555887365,876.6955588736496,1187.1393863571402,1187.139386357143,1356.586126373732,1356.5861263737297,313.03208077853276,313.03208077853196,-3.8984819158133885,-11.192061252833872,6.531668959919864,6116.560193023923,432.71604061311155,-378.4156930151994
gate_only_100,fixed_gate_only,100,flat,2,257,6320.252528150043,6320.200000000001,60.311284046692606,2.463391985378771,409.2909131705119,432.84735579914286,6320.252528150045,0.0,0,-377.7714999936543,3060.4544985969187,3259.7980295531233,130,127,1560,1028.0,1285.0,"{'TP': 100, 'MH': 71, 'MFE': 59, 'MHx': 13, 'BE': 12, 'SN': 2}",4679.914661461889,170,4666.478650791686,1640.3378666881538,87,1653.7738773583587,313.237911986191,35,313.23791198618983,1689.9221670517834,1689.9221670517838,828.3769647522362,828.376964752237,846.6922581189632,846.6922581189633,1161.7882638131018,1161.788263813104,1480.4407936354264,1480.4407936354246,313.03208077853276,313.03208077853196,-6.633436409237522,-13.872127024799697,3.820358977089468,6313.619091740808,432.71604061311155,-378.4156930151994
gate_only_101,fixed_gate_only,101,flat,2,257,6320.252528150043,6320.200000000001,60.311284046692606,2.463391985378771,409.2909131705119,432.84735579914286,6320.252528150045,0.0,0,-377.7714999936543,3060.4544985969187,3259.7980295531233,130,127,1560,1028.0,1285.0,"{'TP': 100, 'MH': 71, 'MFE': 59, 'MHx': 13, 'BE': 12, 'SN': 2}",4679.914661461889,170,4666.478650791686,1640.3378666881538,87,1653.7738773583587,313.237911986191,35,313.23791198618983,1689.9221670517834,1689.9221670517838,828.3769647522362,828.376964752237,846.6922581189632,846.6922581189633,1161.7882638131018,1161.788263813104,1480.4407936354264,1480.4407936354246,313.03208077853276,313.03208077853196,-6.633436409237522,-13.872127024799697,3.820358977089468,6313.619091740808,432.71604061311155,-378.4156930151994
gate_only_102,fixed_gate_only,102,flat,2,256,6351.015685978835,6350.959999999999,60.546875,2.481064371303414,409.2909131705119,432.84735579914286,6351.015685978836,0.0,0,-377.7714999936543,3091.2176564257106,3259.7980295531233,129,127,1553,1024.0,1280.0,"{'TP': 100, 'MH': 70, 'MFE': 59, 'MHx': 13, 'BE': 12, 'SN': 2}",4710.677819290682,169,4697.241808620477,1640.3378666881538,87,1653.7738773583587,313.237911986191,35,313.23791198618983,1720.6853248805749,1720.6853248805753,828.3769647522362,828.376964752237,846.6922581189632,846.6922581189629,1161.7882638131018,1161.788263813104,1480.4407936354264,1480.4407936354246,313.03208077853276,313.03208077853196,-5.397389099875847,-12.636079715438026,5.0564062864511445,6345.61829687896,432.71604061311155,-378.4156930152003
gate_only_103,fixed_gate_only,103,flat,2,256,6175.105231178179,6175.049999999999,60.15625,2.427993066853035,409.2909131705119,432.84735579914286,6175.10523117818,0.0,0,-377.7714999936543,2951.4886680527584,3223.6165631254203,128,128,1555,1024.0,1280.0,"{'TP': 99, 'MH': 71, 'MFE': 59, 'MHx': 13, 'BE': 12, 'SN': 2}",4534.767364490025,169,4521.331353819821,1640.3378666881538,87,1653.7738773583587,313.237911986191,35,313.23791198618983,1580.956336507623,1580.9563365076235,792.1954983245316,792.1954983245325,846.6922581189632,846.6922581189629,1161.7882638131018,1161.788263813104,1480.4407936354264,1480.4407936354246,313.03208077853276,313.03208077853196,-4.950154141132498,-12.188844756694678,5.503641245194494,6170.155077037047,432.71604061311155,-378.4156930151994
gate_only_104,fixed_gate_only,104,flat,2,254,6001.203210745432,6001.15,59.4488188976378,2.3795819378003,409.2909131705119,432.84735579914286,6001.203210745433,0.0,0,-377.7714999936543,2827.249679046291,3173.953531699141,127,127,1544,1016.0,1270.0,"{'TP': 98, 'MH': 72, 'MFE': 57, 'MHx': 13, 'BE': 12, 'SN': 2}",4410.528375483557,168,4397.092364813353,1590.6748352618752,86,1604.1108459320803,313.237911986191,35,313.23791198618983,1456.7173475011555,1456.7173475011557,792.1954983245316,792.1954983245325,846.6922581189632,846.6922581189629,1161.7882638131018,1161.788263813104,1430.7777622091478,1430.7777622091462,313.03208077853276,313.03208077853196,-3.3560883535231474,-10.59477896908533,6.283847238400773,5997.8471223919105,432.71604061311155,-378.4156930152003
gate_only_105,fixed_gate_only,105,flat,2,254,6118.873291593838,6118.82,59.84251968503938,2.4149894309867657,409.2909131705119,432.84735579914286,6118.873291593839,0.0,0,-377.7714999936543,2944.9197598946967,3173.953531699141,127,127,1545,1016.0,1270.0,"{'TP': 98, 'MH': 71, 'MFE': 58, 'MHx': 13, 'BE': 12, 'SN': 2}",4528.198456331963,168,4514.762445661759,1590.6748352618752,86,1604.1108459320803,313.237911986191,35,313.23791198618983,1574.387428349561,1574.3874283495616,792.1954983245316,792.1954983245323,846.6922581189632,846.6922581189629,1161.7882638131018,1161.788263813104,1430.7777622091478,1430.7777622091462,313.03208077853276,313.03208077853196,-4.1699481479262195,-11.408638763488396,6.283847238400773,6114.703343445913,432.71604061311155,-378.4156930151994
gate_only_106,fixed_gate_only,106,flat,2,254,6118.873291593838,6118.82,59.84251968503938,2.4149894309867657,409.2909131705119,432.84735579914286,6118.873291593839,0.0,0,-377.7714999936543,2944.9197598946967,3173.953531699141,127,127,1545,1016.0,1270.0,"{'TP': 98, 'MH': 71, 'MFE': 58, 'MHx': 13, 'BE': 12, 'SN': 2}",4528.198456331963,168,4514.762445661759,1590.6748352618752,86,1604.1108459320803,313.237911986191,35,313.23791198618983,1574.387428349561,1574.3874283495616,792.1954983245316,792.1954983245323,846.6922581189632,846.6922581189629,1161.7882638131018,1161.788263813104,1430.7777622091478,1430.7777622091462,313.03208077853276,313.03208077853196,-4.1699481479262195,-11.408638763488396,6.283847238400773,6114.703343445913,432.71604061311155,-378.4156930151994
gate_only_107,fixed_gate_only,107,flat,2,258,6111.725682808633,6111.68,59.68992248062015,2.3880381149351204,409.2909131705119,432.84735579914286,6111.725682808633,0.0,0,-377.7714999936543,2944.9197598946967,3166.8059229139362,127,131,1580,1032.0,1290.0,"{'TP': 99, 'MH': 73, 'MFE': 58, 'MHx': 14, 'BE': 12, 'SN': 2}",4528.198456331963,168,4514.762445661759,1583.5272264766693,90,1596.9632371468742,313.237911986191,35,313.23791198618983,1574.387428349561,1574.3874283495616,792.1954983245316,792.1954983245323,846.6922581189632,846.6922581189629,1161.7882638131018,1161.788263813104,1423.630153423942,1423.63015342394,313.03208077853276,313.03208077853196,-3.839095003474399,-11.128374882818331,6.614700382852595,6107.886587805158,432.71604061311155,-378.4156930151994
gate_only_108,fixed_gate_only,108,flat,2,259,6044.6816557584225,6044.64,59.45945945945946,2.3522222060280007,409.2909131705119,432.84735579914286,6044.681655758422,0.0,0,-377.7714999936543,2944.9197598946967,3099.761895863726,127,132,1590,1036.0,1295.0,"{'TP': 99, 'MH': 74, 'MFE': 58, 'MHx': 14, 'BE': 12, 'SN': 2}",4528.198456331963,168,4514.762445661759,1516.483199426459,91,1529.919210096663,313.237911986191,35,313.23791198618983,1574.387428349561,1574.3874283495616,792.1954983245316,792.1954983245323,846.6922581189632,846.6922581189629,1161.7882638131018,1161.788263813104,1356.586126373732,1356.5861263737297,313.03208077853276,313.03208077853105,-4.0286233609931195,-11.317903240337053,6.4251720253338735,6040.653032397428,432.71604061311155,-378.4156930151994
gate_only_109,fixed_gate_only,109,flat,2,260,6074.684956513109,6074.639999999999,59.61538461538461,2.3589340780247627,409.2909131705119,432.84735579914286,6074.68495651311,0.0,0,-377.7714999936543,2944.9197598946967,3129.7651966184126,127,133,1602,1040.0,1300.0,"{'TP': 99, 'MH': 74, 'MFE': 58, 'MHx': 15, 'BE': 12, 'SN': 2}",4558.20175708665,169,4544.765746416446,1516.483199426459,91,1529.9192100966638,313.237911986191,35,313.23791198618983,1574.387428349561,1574.3874283495616,792.1954983245316,792.1954983245323,876.69555887365,876.69555887365,1161.7882638131018,1161.788263813104,1356.586126373732,1356.5861263737297,313.03208077853276,313.03208077853196,-3.9221264264071287,-11.211406305751062,6.531668959919864,6070.762830086703,432.71604061311155,-378.4156930151994
no_gate_all,fixed_gate_only,100,flat,2,297,5787.696360165505,5787.62,56.56565656565656,2.02169192464003,523.2085604136219,564.5796662825933,5787.696360165505,0.0,0,-526.5370896991108,2909.5411439779145,2878.1552161875898,147,150,1869,1188.0,1485.0,"{'TP': 107, 'MH': 92, 'MFE': 67, 'MHx': 16, 'BE': 12, 'SN': 3}",4744.99502788429,199,4731.559017214086,1042.7013322812145,98,1056.1373429514188,216.31521775727913,41,216.31521775727833,1440.319497871918,1440.3194978719184,917.9160572918687,917.9160572918695,968.3133334078304,968.3133334078307,1151.3934843437573,1151.39348434376,1093.6446007005093,1093.644600700507,216.10938654962092,216.10938654961956,-13.355775620169986,-22.977114827790626,-0.9674017549069841,5774.340584545335,565.4071498742323,-526.9073337949394
no_gate_L,fixed_gate_only,100,flat,2,276,6168.48721996611,6168.42,58.69565217391305,2.2758870127365642,409.2909131705119,432.84735579914286,6168.48721996611,0.0,0,-377.7714999936543,2908.689190412986,3259.7980295531233,149,127,1660,1104.0,1380.0,"{'TP': 101, 'MH': 79, 'MFE': 68, 'MHx': 14, 'BE': 12, 'SN': 2}",4634.028482681049,185,4620.592472010845,1534.4587372850613,91,1547.8947479552653,236.59113458725744,38,236.59113458725642,1565.4805680044547,1565.480568004455,922.5203433496621,922.5203433496631,798.4329102903126,798.4329102903121,1194.4596533108152,1194.459653310817,1451.2084416312678,1451.2084416312655,236.38530337959912,236.38530337959764,-13.827325224927648,-22.23303370268834,-2.208646686103797,6154.659894741183,432.71604061311155,-378.4156930151994
no_gate_S,fixed_gate_only,100,flat,2,278,5939.461668349439,5939.4,57.9136690647482,2.153504979077057,523.2085604136219,564.5796662825933,5939.46166834944,0.0,0,-526.5370896991108,3061.306452161847,2878.1552161875898,128,150,1769,1112.0,1390.0,"{'TP': 106, 'MH': 84, 'MFE': 58, 'MHx': 15, 'BE': 12, 'SN': 3}",4790.881206665131,184,4777.445195994927,1148.580461684307,94,1162.0164723545122,292.9619951562128,38,292.96199515621174,1564.761096919247,1564.7610969192474,823.7726786944426,823.7726786944431,1016.5726812364815,1016.5726812364819,1118.722094846044,1118.7220948460472,1122.8769527046684,1122.876952704666,292.75616394855456,292.7561639485539,-6.161886804479861,-14.616208149901981,5.061603908286285,5933.29978154496,565.4071498742323,-526.9073337949394
anchor_joint125,fixed_joint,125,flat,2,256,5754.271997128466,5754.219999999999,59.375,2.2677950566289513,403.1023947155545,421.32629611272114,5754.271997128468,0.0,0,-345.51199756045025,2603.8747930469826,3150.3972040814842,120,136,1593,1024.0,1280.0,"{'TP': 100, 'MH': 73, 'MFE': 52, 'BE': 14, 'MHx': 14, 'SN': 3}",4327.500527558815,163,4314.06451688861,1426.7714695696518,93,1440.2074802398574,222.5791633920556,35,222.5791633920544,1482.4087574455034,1482.4087574455036,527.7636497480904,527.7636497480903,941.0598868130664,941.0598868130667,1255.3927282595523,1255.392728259556,1325.2736426778565,1325.2736426778547,222.37333218439733,222.37333218439653,-1.2222332173217292,-8.19996693285167,7.6900827976445445,5753.049763911146,421.2762963251371,-346.15619058199627
anchor_scaled150,scaled_joint,150,flat,2,251,6648.027671443895,6647.949999999999,61.354581673306775,2.6627626605091796,360.09981085513937,421.32629611272114,6648.027671443894,0.0,0,-325.87200047671195,2745.297891058002,3902.7297803858924,124,127,1543,1004.0,1255.0,"{'TP': 100, 'MH': 67, 'MFE': 55, 'BE': 14, 'MHx': 13, 'SN': 2}",4775.952698962779,163,4762.516688292575,1872.0749724811155,88,1885.5109831513191,474.5619130027521,33,474.56191300275077,1586.4418388715521,1586.4418388715524,641.1809615364675,641.180961536468,1163.988810795293,1163.988810795293,1283.105579550604,1283.1055795506063,1498.9543988948844,1498.9543988948817,474.35608179509364,474.3560817950929,-4.405840871613895,-11.041865338314933,3.708951061735187,6643.6218305722805,421.2762963251371,-326.85434892465037
joint_100,fixed_joint,100,flat,5,261,5855.612998295902,5855.639999999999,59.38697318007663,2.2830062283476966,429.2335240003795,455.1683738530055,5855.612998295905,0.0,0,-401.27404164906875,2896.978498125216,2958.634500170686,134,127,1587,1044.0,1305.0,"{'TP': 99, 'MH': 76, 'MFE': 61, 'MHx': 13, 'BE': 10, 'SN': 2}",4338.683026568831,175,4324.051044687433,1516.92997172707,86,1531.5619536084714,243.74771524076286,35,243.7477152407646,1557.6495797979528,1557.6495797979528,866.5250753825876,866.5250753825876,745.3316027291339,745.3316027291335,1010.4711335878652,1010.4711335878665,1441.6211350678268,1441.6211350678268,234.01447173053552,234.01447173053748,-7.561712210854884,-14.80038676787782,3.6706541259438037,5848.0512860850495,454.6708036667542,-401.55191699841816
joint_101,fixed_joint,101,flat,5,261,5871.597867512264,5871.62,59.38697318007663,2.291030328195358,429.2335240003795,455.1683738530055,5871.597867512268,0.0,0,-401.27404164906875,2896.978498125216,2974.619369387049,134,127,1585,1044.0,1305.0,"{'TP': 99, 'MH': 76, 'MFE': 61, 'MHx': 13, 'BE': 10, 'SN': 2}",4354.667895785194,175,4340.035913903796,1516.92997172707,86,1531.5619536084714,243.74771524076286,35,243.7477152407646,1557.6495797979528,1557.6495797979528,882.5099445989504,882.5099445989504,745.3316027291339,745.331602729133,1010.4711335878652,1010.4711335878674,1441.6211350678268,1441.6211350678268,234.01447173053552,234.01447173053748,-7.538060603359515,-14.776735160382449,3.6706541259438037,5864.059806908908,454.6708036667551,-401.55191699841816
joint_102,fixed_joint,102,flat,5,260,5904.747251817038,5904.77,59.61538461538461,2.3078517817388144,429.2335240003795,455.1683738530055,5904.74725181704,0.0,0,-401.27404164906875,2930.1278824299898,2974.619369387049,133,127,1578,1040.0,1300.0,"{'TP': 99, 'MH': 75, 'MFE': 61, 'MHx': 13, 'BE': 10, 'SN': 2}",4387.817280089968,174,4373.185298208568,1516.92997172707,86,1531.5619536084714,243.74771524076286,35,243.7477152407646,1590.7989641027266,1590.7989641027266,882.5099445989504,882.5099445989495,745.3316027291339,745.331602729133,1010.4711335878652,1010.4711335878665,1441.6211350678268,1441.6211350678268,234.01447173053552,234.01447173053748,-6.302383922876209,-13.541058479899144,4.90633080642711,5898.4448678941635,454.6708036667551,-401.55191699841816
joint_103,fixed_joint,103,flat,5,260,5728.908253879097,5728.93,59.23076923076923,2.2581487060017293,429.233524000379,455.1683738530046,5728.9082538791,0.0,0,-401.2740416490683,2792.887385151582,2936.020868727515,132,128,1580,1040.0,1300.0,"{'TP': 98, 'MH': 76, 'MFE': 61, 'MHx': 13, 'BE': 10, 'SN': 2}",4211.978282152026,174,4197.346300270628,1516.92997172707,86,1531.5619536084723,243.74771524076286,35,243.7477152407646,1453.5584668243187,1453.5584668243187,843.9114439394166,843.9114439394161,745.3316027291339,745.3316027291335,1010.4711335878652,1010.4711335878669,1441.6211350678268,1441.6211350678273,234.01447173053552,234.01447173053748,-5.855402106902057,-13.094076663924993,5.353312622401264,5723.052851772198,454.6708036667542,-401.55191699841816
joint_104,fixed_joint,104,flat,5,258,5585.382262485211,5585.400000000001,58.52713178294574,2.2259420077027867,429.23352400037857,455.16837385300414,5585.382262485214,0.0,0,-401.27404164906784,2696.6589131126584,2888.7233493725525,131,127,1570,1032.0,1290.0,"{'TP': 97, 'MH': 77, 'MFE': 59, 'MHx': 13, 'BE': 10, 'SN': 2}",4115.749810113103,173,4101.117828231704,1469.6324523721075,85,1484.2644342535095,243.74771524076286,35,243.7477152407646,1331.7986776992102,1331.7986776992102,843.9114439394166,843.9114439394161,745.3316027291339,745.331602729133,1036.0024506740504,1036.0024506740529,1394.3236157128645,1394.323615712864,234.01447173053552,234.01447173053748,-4.261793351090779,-11.500467908113714,6.133305619729831,5581.120469134123,454.6708036667533,-401.55191699841725
joint_105,fixed_joint,105,flat,5,258,5707.236111077544,5707.250000000001,58.91472868217055,2.261642041871229,429.233524000379,455.1683738530046,5707.2361110775455,0.0,0,-401.2740416490683,2814.2584130797613,2892.9776979977823,131,127,1567,1032.0,1290.0,"{'TP': 97, 'MH': 76, 'MFE': 60, 'MHx': 13, 'BE': 10, 'SN': 2}",4237.603658705435,173,4222.971676824036,1469.6324523721075,85,1484.2644342535095,243.74771524076286,35,243.7477152407646,1449.398177666313,1449.3981776663131,848.3614278415675,848.3614278415671,745.3316027291339,745.331602729133,1035.8068153971285,1035.8068153971303,1394.3236157128645,1394.3236157128645,234.01447173053552,234.01447173053748,-5.075409109573489,-12.318384414755522,6.133305619729831,5702.160701967972,454.6708036667542,-401.55191699841816
joint_106,fixed_joint,106,flat,5,258,5707.236111077544,5707.250000000001,58.91472868217055,2.261642041871229,429.233524000379,455.1683738530046,5707.2361110775455,0.0,0,-401.2740416490683,2814.2584130797613,2892.9776979977823,131,127,1567,1032.0,1290.0,"{'TP': 97, 'MH': 76, 'MFE': 60, 'MHx': 13, 'BE': 10, 'SN': 2}",4237.603658705435,173,4222.971676824036,1469.6324523721075,85,1484.2644342535095,243.74771524076286,35,243.7477152407646,1449.398177666313,1449.3981776663131,848.3614278415675,848.3614278415671,745.3316027291339,745.331602729133,1035.8068153971285,1035.8068153971303,1394.3236157128645,1394.3236157128645,234.01447173053552,234.01447173053748,-5.075409109573489,-12.318384414755522,6.133305619729831,5702.160701967972,454.6708036667542,-401.55191699841816
joint_107,fixed_joint,107,flat,5,261,5708.798459195178,5708.810000000001,59.00383141762452,2.244013926749803,429.233524000379,455.1683738530046,5708.798459195179,0.0,0,-401.2740416490683,2814.2584130797613,2894.540046115416,131,130,1592,1044.0,1305.0,"{'TP': 98, 'MH': 77, 'MFE': 60, 'MHx': 14, 'BE': 10, 'SN': 2}",4237.603658705435,173,4222.971676824036,1471.194800489742,88,1485.826782371143,243.74771524076286,35,243.7477152407646,1449.398177666313,1449.3981776663131,848.3614278415675,848.3614278415671,745.3316027291339,745.331602729133,1035.8068153971285,1035.8068153971303,1395.8859638304987,1395.885963830498,234.01447173053552,234.01447173053748,-4.597196436204482,-11.890776189539592,6.611518293098838,5704.201262758975,454.6708036667542,-401.55191699841816
joint_108,fixed_joint,108,flat,5,262,5639.318874817984,5639.33,58.778625954198475,2.2105453554922865,429.233524000379,455.1683738530046,5639.3188748179855,0.0,0,-401.2740416490683,2814.2584130797613,2825.0604617382223,131,131,1602,1048.0,1310.0,"{'TP': 98, 'MH': 78, 'MFE': 60, 'MHx': 14, 'BE': 10, 'SN': 2}",4237.603658705435,173,4222.971676824036,1401.7152161125484,89,1416.3471979939495,243.74771524076286,35,243.7477152407646,1449.398177666313,1449.3981776663131,848.3614278415675,848.3614278415671,745.3316027291339,745.331602729133,1035.8068153971285,1035.8068153971303,1326.4063794533051,1326.4063794533045,234.01447173053552,234.01447173053748,-4.786781680673934,-12.080361434009044,6.421933048629386,5634.532093137312,454.6708036667542,-401.55191699841816
joint_109,fixed_joint,109,flat,5,263,5666.944864121959,5666.960000000001,58.935361216730044,2.2164755952579682,429.2335240003795,455.1683738530055,5666.94486412196,0.0,0,-401.27404164906875,2814.2584130797613,2852.686451042197,131,132,1614,1052.0,1315.0,"{'TP': 98, 'MH': 78, 'MFE': 60, 'MHx': 15, 'BE': 10, 'SN': 2}",4265.22964800941,174,4250.597666128011,1401.7152161125484,89,1416.3471979939486,243.74771524076286,35,243.7477152407646,1449.398177666313,1449.3981776663131,848.3614278415675,848.3614278415671,772.9575920331084,772.9575920331076,1035.8068153971285,1035.8068153971303,1326.4063794533051,1326.406379453304,234.01447173053552,234.01447173053748,-4.680252781025035,-11.973832534360143,6.528461948278284,5662.264611340935,454.6708036667551,-401.55191699841816
gate_only_100,fixed_gate_only,100,flat,5,261,5855.612998295902,5855.639999999999,59.38697318007663,2.2830062283476966,429.2335240003795,455.1683738530055,5855.612998295905,0.0,0,-401.27404164906875,2896.978498125216,2958.634500170686,134,127,1587,1044.0,1305.0,"{'TP': 99, 'MH': 76, 'MFE': 61, 'MHx': 13, 'BE': 10, 'SN': 2}",4338.683026568831,175,4324.051044687433,1516.92997172707,86,1531.5619536084714,243.74771524076286,35,243.7477152407646,1557.6495797979528,1557.6495797979528,866.5250753825876,866.5250753825876,745.3316027291339,745.3316027291335,1010.4711335878652,1010.4711335878665,1441.6211350678268,1441.6211350678268,234.01447173053552,234.01447173053748,-7.561712210854884,-14.80038676787782,3.6706541259438037,5848.0512860850495,454.6708036667542,-401.55191699841816
gate_only_101,fixed_gate_only,101,flat,5,261,5855.612998295902,5855.639999999999,59.38697318007663,2.2830062283476966,429.2335240003795,455.1683738530055,5855.612998295905,0.0,0,-401.27404164906875,2896.978498125216,2958.634500170686,134,127,1587,1044.0,1305.0,"{'TP': 99, 'MH': 76, 'MFE': 61, 'MHx': 13, 'BE': 10, 'SN': 2}",4338.683026568831,175,4324.051044687433,1516.92997172707,86,1531.5619536084714,243.74771524076286,35,243.7477152407646,1557.6495797979528,1557.6495797979528,866.5250753825876,866.5250753825876,745.3316027291339,745.3316027291335,1010.4711335878652,1010.4711335878665,1441.6211350678268,1441.6211350678268,234.01447173053552,234.01447173053748,-7.561712210854884,-14.80038676787782,3.6706541259438037,5848.0512860850495,454.6708036667542,-401.55191699841816
gate_only_102,fixed_gate_only,102,flat,5,260,5888.762382600676,5888.79,59.61538461538461,2.299709627849301,429.2335240003795,455.1683738530055,5888.762382600678,0.0,0,-401.27404164906875,2930.1278824299898,2958.634500170686,133,127,1580,1040.0,1300.0,"{'TP': 99, 'MH': 75, 'MFE': 61, 'MHx': 13, 'BE': 10, 'SN': 2}",4371.832410873605,174,4357.200428992207,1516.92997172707,86,1531.5619536084714,243.74771524076286,35,243.7477152407646,1590.7989641027266,1590.7989641027266,866.5250753825876,866.5250753825867,745.3316027291339,745.3316027291335,1010.4711335878652,1010.4711335878674,1441.6211350678268,1441.6211350678268,234.01447173053552,234.01447173053748,-6.326035530371579,-13.564710087394515,4.90633080642711,5882.4363470703065,454.6708036667542,-401.55191699841816
gate_only_103,fixed_gate_only,103,flat,5,260,5712.923384662734,5712.950000000001,59.23076923076923,2.2502492022121907,429.2335240003795,455.1683738530055,5712.923384662736,0.0,0,-401.27404164906875,2792.887385151582,2920.035999511152,132,128,1582,1040.0,1300.0,"{'TP': 98, 'MH': 76, 'MFE': 61, 'MHx': 13, 'BE': 10, 'SN': 2}",4195.9934129356625,174,4181.361431054264,1516.92997172707,86,1531.5619536084714,243.74771524076286,35,243.7477152407646,1453.5584668243187,1453.5584668243187,827.9265747230537,827.9265747230534,745.3316027291339,745.331602729133,1010.4711335878652,1010.4711335878665,1441.6211350678268,1441.6211350678268,234.01447173053552,234.01447173053748,-5.879053714397426,-13.117728271420363,5.353312622401264,5707.044330948338,454.6708036667551,-401.55191699841816
gate_only_104,fixed_gate_only,104,flat,5,258,5543.866076182663,5543.89,58.52713178294574,2.2058414195783556,429.23352400037857,455.16837385300414,5543.866076182663,0.0,0,-401.27404164906784,2671.1275960264734,2872.7384801561902,131,127,1571,1032.0,1290.0,"{'TP': 97, 'MH': 77, 'MFE': 59, 'MHx': 13, 'BE': 10, 'SN': 2}",4074.2336238105554,173,4059.601641929155,1469.6324523721075,85,1484.2644342535082,243.74771524076286,35,243.7477152407646,1331.7986776992102,1331.7986776992102,827.9265747230537,827.9265747230529,745.3316027291339,745.331602729133,1010.4711335878652,1010.4711335878665,1394.3236157128645,1394.323615712863,234.01447173053552,234.01447173053748,-4.285444958586147,-11.524119515609081,6.133305619729831,5539.580631224077,454.6708036667533,-401.55191699841816
gate_only_105,fixed_gate_only,105,flat,5,258,5661.465576149766,5661.49,58.91472868217055,2.238987877718737,429.2335240003795,455.1683738530055,5661.465576149767,0.0,0,-401.27404164906875,2788.7270959935763,2872.7384801561902,131,127,1572,1032.0,1290.0,"{'TP': 97, 'MH': 76, 'MFE': 60, 'MHx': 13, 'BE': 10, 'SN': 2}",4191.833123777658,173,4177.201141896258,1469.6324523721075,85,1484.2644342535086,243.74771524076286,35,243.7477152407646,1449.398177666313,1449.3981776663131,827.9265747230537,827.9265747230534,745.3316027291339,745.3316027291335,1010.4711335878652,1010.4711335878656,1394.3236157128645,1394.323615712864,234.01447173053552,234.01447173053748,-5.099060717068858,-12.3377352740918,6.133305619729831,5656.366515432698,454.6708036667551,-401.5519169984186
gate_only_106,fixed_gate_only,106,flat,5,258,5661.465576149766,5661.49,58.91472868217055,2.238987877718737,429.2335240003795,455.1683738530055,5661.465576149767,0.0,0,-401.27404164906875,2788.7270959935763,2872.7384801561902,131,127,1572,1032.0,1290.0,"{'TP': 97, 'MH': 76, 'MFE': 60, 'MHx': 13, 'BE': 10, 'SN': 2}",4191.833123777658,173,4177.201141896258,1469.6324523721075,85,1484.2644342535086,243.74771524076286,35,243.7477152407646,1449.398177666313,1449.3981776663131,827.9265747230537,827.9265747230534,745.3316027291339,745.3316027291335,1010.4711335878652,1010.4711335878656,1394.3236157128645,1394.323615712864,234.01447173053552,234.01447173053748,-5.099060717068858,-12.3377352740918,6.133305619729831,5656.366515432698,454.6708036667551,-401.5519169984186
gate_only_107,fixed_gate_only,107,flat,5,261,5663.0279242674005,5663.05,59.00383141762452,2.2218533070159037,429.2335240003795,455.1683738530055,5663.0279242674005,0.0,0,-401.27404164906875,2788.7270959935763,2874.300828273824,131,130,1597,1044.0,1305.0,"{'TP': 98, 'MH': 77, 'MFE': 60, 'MHx': 14, 'BE': 10, 'SN': 2}",4191.833123777658,173,4177.201141896258,1471.194800489742,88,1485.8267823711421,243.74771524076286,35,243.7477152407646,1449.398177666313,1449.3981776663131,827.9265747230537,827.9265747230534,745.3316027291339,745.3316027291335,1010.4711335878652,1010.4711335878656,1395.8859638304987,1395.8859638304975,234.01447173053552,234.01447173053748,-4.620848043699851,-11.910127048875866,6.611518293098838,5658.407076223701,454.6708036667551,-401.5519169984186
gate_only_108,fixed_gate_only,108,flat,5,262,5593.548339890206,5593.57,58.778625954198475,2.189037671985124,429.2335240003795,455.1683738530055,5593.548339890207,0.0,0,-401.27404164906875,2788.7270959935763,2804.8212438966307,131,131,1607,1048.0,1310.0,"{'TP': 98, 'MH': 78, 'MFE': 60, 'MHx': 14, 'BE': 10, 'SN': 2}",4191.833123777658,173,4177.201141896258,1401.7152161125484,89,1416.3471979939486,243.74771524076286,35,243.7477152407646,1449.398177666313,1449.3981776663131,827.9265747230537,827.9265747230534,745.3316027291339,745.3316027291335,1010.4711335878652,1010.4711335878656,1326.4063794533051,1326.406379453304,234.01447173053552,234.01447173053748,-4.810433288169303,-12.099712293345318,6.421933048629386,5588.737906602038,454.6708036667551,-401.5519169984186
gate_only_109,fixed_gate_only,109,flat,5,263,5621.174329194182,5621.200000000001,58.935361216730044,2.19491021299349,429.233524000379,455.1683738530046,5621.174329194183,0.0,0,-401.2740416490683,2788.7270959935763,2832.4472332006053,131,132,1619,1052.0,1315.0,"{'TP': 98, 'MH': 78, 'MFE': 60, 'MHx': 15, 'BE': 10, 'SN': 2}",4219.4591130816325,174,4204.827131200233,1401.7152161125484,89,1416.3471979939495,243.74771524076286,35,243.7477152407646,1449.398177666313,1449.3981776663131,827.9265747230537,827.9265747230534,772.9575920331084,772.9575920331081,1010.4711335878652,1010.4711335878665,1326.4063794533051,1326.4063794533045,234.01447173053552,234.01447173053748,-4.703904388520405,-11.993183393696418,6.528461948278284,5616.470424805662,454.6708036667542,-401.5519169984177
no_gate_all,fixed_gate_only,100,flat,5,301,5155.594332211491,5155.610000000001,55.48172757475083,1.8466207887178478,500.43889588567936,541.8224192951816,5155.594332211494,0.0,0,-502.5684242294833,2527.258198757073,2628.3361334544184,152,149,1885,1204.0,1505.0,"{'TP': 106, 'MH': 96, 'MFE': 69, 'MHx': 16, 'BE': 10, 'SN': 4}",4217.724813710558,205,4203.092831829159,937.8695185009328,96,952.5015003823346,132.4614538542626,41,132.46145385426553,1295.8318191748795,1295.831819174879,756.3729805139445,756.3729805139442,897.5974485690688,897.5974485690681,1038.0115584960736,1038.011558496075,1045.05231511349,1045.052315113489,122.72821034403532,122.72821034403842,-14.671968474653113,-24.07387524475,-1.6158776321554484,5140.92236373684,542.6221925938962,-502.91082079191847
no_gate_L,fixed_gate_only,100,flat,5,281,5480.231898708083,5480.25,57.29537366548043,2.039813141909897,429.23352400037857,455.16837385300414,5480.231898708084,0.0,0,-401.27404164906784,2521.5973985373957,2958.634500170686,154,127,1685,1124.0,1405.0,"{'TP': 100, 'MH': 84, 'MFE': 70, 'MHx': 14, 'BE': 10, 'SN': 3}",4078.7362632999066,191,4064.104281418509,1401.4956354081742,90,1416.1276172895755,159.93287561013292,38,159.93287561013494,1426.0685868142941,1426.0685868142941,768.1659864782168,768.1659864782164,685.0778076439143,685.0778076439137,1040.71824729219,1040.7182472921922,1410.001638379561,1410.00163837956,150.19963209990564,150.19963209990783,-14.80536571775413,-23.210708206582126,-2.408465518759183,5465.42653299033,454.6708036667533,-401.55191699841725
no_gate_S,fixed_gate_only,100,flat,5,281,5530.975431799311,5531.000000000001,57.29537366548043,2.027452645761309,500.4388958856798,541.822419295182,5530.975431799314,0.0,0,-502.56842422948375,2902.6392983448927,2628.3361334544184,132,149,1787,1124.0,1405.0,"{'TP': 105, 'MH': 88, 'MFE': 60, 'MHx': 15, 'BE': 10, 'SN': 3}",4477.671576979483,189,4463.039595098084,1053.3038548198288,92,1067.93583670123,216.2762934848925,38,216.27629348489518,1427.4128121585375,1427.4128121585372,854.7320694183153,854.7320694183154,957.8512436542885,957.8512436542874,1007.7644447917489,1007.7644447917505,1076.6718118017561,1076.6718118017552,206.54304997466522,206.54304997466807,-7.428314967753866,-15.663553806045693,4.4632420125475445,5523.54711683156,542.6221925938971,-502.9108207919189
anchor_joint125,fixed_joint,125,flat,5,258,5354.882727486926,5354.880000000001,58.52713178294574,2.1330733155329296,406.1046621554824,440.44249124024054,5354.88272748693,0.0,0,-378.1451798041717,2497.617620170553,2857.2651073163743,123,135,1602,1032.0,1290.0,"{'TP': 99, 'MH': 76, 'MFE': 54, 'MHx': 14, 'BE': 12, 'SN': 3}",4012.6253566016044,168,3997.9933747202062,1342.2573708853222,90,1356.8893527667237,155.23072766241535,35,155.23072766241694,1369.0539591321995,1369.0539591321995,568.4696218566683,568.4696218566676,842.1785640532468,842.1785640532478,1097.3464383330945,1097.346438333096,1332.3366599595297,1332.3366599595292,145.49748415218806,145.49748415218983,-1.9522576737259507,-8.930152228411751,7.739124894286134,5352.930469813204,440.3921715833808,-378.423055153522
anchor_scaled150,scaled_joint,150,flat,5,253,6214.45212109052,6214.46,60.079051383399204,2.4836175071412088,384.0575587008716,440.4424912402401,6214.452121090524,0.0,0,-356.09807634956087,2629.3371744155434,3585.1149466749794,127,126,1553,1012.0,1265.0,"{'TP': 98, 'MH': 71, 'MFE': 57, 'MHx': 13, 'BE': 12, 'SN': 2}",4520.411423771744,168,4505.779441890346,1694.040697318778,85,1708.6726792001782,409.95917738501834,33,409.95917738501976,1470.5771254902027,1470.577125490203,689.140960965717,689.1409609657167,1119.7409920589453,1119.7409920589453,1127.4226754850938,1127.422675485096,1407.3444332157717,1407.3444332157706,400.22593387479105,400.22593387479264,-5.204585865786687,-11.621226497541418,3.2888314572004327,6209.2475352247375,440.39217158338033,-356.7142086226804
joint_100,fixed_joint,100,schedule,0,262,6619.612718819486,6619.59,61.06870229007634,2.43443991766205,424.2479785671476,453.1885493963118,6619.612718819483,0.0,0,-374.1794108790991,3411.0476506015125,3208.565068217973,134,128,1589,1116.0,1310.0,"{'TP': 102, 'MH': 72, 'MFE': 59, 'MHx': 14, 'BE': 13, 'SN': 2}",4985.398353568944,173,4972.7600556966045,1634.214365250542,89,1646.8526631228788,313.39642919487443,35,313.3964291948723,1719.3868099973242,1719.386809997324,1023.8871587366348,1023.8871587366345,894.8399861449049,894.8399861449043,1203.7560111722958,1203.7560111722973,1448.6585056509346,1448.6585056509339,329.0842471173918,329.08424711738917,-8.535688532651161,-16.344233434548563,3.021567945848042,6611.077030286832,453.71565157548594,-373.9777422507432
joint_101,fixed_joint,101,schedule,0,262,6635.581611155073,6635.5599999999995,61.06870229007634,2.4428932718670127,424.2479785671476,453.1885493963118,6635.581611155071,0.0,0,-374.1794108790991,3411.0476506015125,3224.53396055356,134,128,1587,1116.0,1310.0,"{'TP': 102, 'MH': 72, 'MFE': 59, 'MHx': 14, 'BE': 13, 'SN': 2}",5001.367245904531,173,4988.7289480321915,1634.214365250542,89,1646.8526631228797,313.39642919487443,35,313.3964291948723,1719.3868099973242,1719.386809997324,1039.8560510722216,1039.8560510722216,894.8399861449049,894.8399861449043,1203.7560111722958,1203.7560111722973,1448.6585056509346,1448.6585056509348,329.0842471173918,329.08424711738917,-8.51204875095954,-16.320593652856942,3.021567945848042,6627.069562404112,453.71565157548594,-373.9777422507432
joint_102,fixed_joint,102,schedule,0,261,6664.753155924384,6664.7300000000005,61.30268199233716,2.458488178009073,424.2479785671476,453.1885493963118,6664.753155924383,0.0,0,-374.1794108790991,3440.219195370824,3224.53396055356,133,128,1580,1112.0,1305.0,"{'TP': 102, 'MH': 71, 'MFE': 59, 'MHx': 14, 'BE': 13, 'SN': 2}",5030.538790673842,172,5017.900492801503,1634.214365250542,89,1646.8526631228797,313.39642919487443,35,313.3964291948723,1748.5583547666356,1748.5583547666354,1039.8560510722216,1039.8560510722216,894.8399861449049,894.8399861449043,1203.7560111722958,1203.7560111722973,1448.6585056509346,1448.6585056509348,329.0842471173918,329.08424711738917,-7.275754232135991,-15.0842991340334,4.257862464671589,6657.4774016922465,453.71565157548594,-373.97774225074227
joint_103,fixed_joint,103,schedule,0,261,6488.793428040142,6488.77,60.91954022988506,2.409319833104879,424.2479785671476,453.1885493963118,6488.793428040141,0.0,0,-374.1794108790991,3298.830383437811,3189.963044602331,132,129,1582,1112.0,1305.0,"{'TP': 101, 'MH': 72, 'MFE': 59, 'MHx': 14, 'BE': 13, 'SN': 2}",4854.5790627896,172,4841.940764917262,1634.214365250542,89,1646.8526631228797,313.39642919487443,35,313.3964291948723,1607.1695428336227,1607.1695428336227,1005.2851351209927,1005.2851351209931,894.8399861449049,894.8399861449043,1203.7560111722958,1203.7560111722973,1448.6585056509346,1448.6585056509348,329.0842471173918,329.08424711738917,-6.828350466865206,-14.636895368762618,4.705266229942375,6481.965077573276,453.71565157548594,-373.97774225074227
joint_104,fixed_joint,104,schedule,0,259,6337.218422918326,6337.19,60.231660231660236,2.3768351444082234,424.2479785671476,453.1885493963118,6337.218422918322,0.0,0,-374.1794108790991,3198.494629285793,3138.723793632532,131,128,1572,1104.0,1295.0,"{'TP': 100, 'MH': 73, 'MFE': 57, 'MHx': 14, 'BE': 13, 'SN': 2}",4754.243308637582,171,4741.605010765243,1582.9751142807424,88,1595.6134121530795,313.39642919487443,35,313.3964291948723,1481.2769275062885,1481.2769275062885,1005.2851351209927,1005.2851351209922,894.8399861449049,894.8399861449043,1229.312872347612,1229.3128723476134,1397.4192546811353,1397.4192546811346,329.0842471173918,329.08424711738917,-5.2339798320600694,-13.042524733957478,5.4856142983855625,6331.984443086262,453.71565157548594,-373.9777422507432
joint_105,fixed_joint,105,schedule,0,259,6459.185677617275,6459.16,60.61776061776062,2.41203052719484,424.2479785671476,453.1885493963118,6459.1856776172735,0.0,0,-374.1794108790991,3316.2117875820277,3142.9738900352468,131,128,1569,1104.0,1295.0,"{'TP': 100, 'MH': 72, 'MFE': 58, 'MHx': 14, 'BE': 13, 'SN': 2}",4876.210563336532,171,4863.572265464193,1582.9751142807424,88,1595.6134121530804,313.39642919487443,35,313.3964291948723,1598.9940858025232,1598.9940858025227,1009.7306712631214,1009.7306712631218,894.8399861449049,894.8399861449047,1229.1174326081982,1229.1174326081996,1397.4192546811353,1397.4192546811355,329.0842471173918,329.08424711738917,-6.048002398422022,-13.860845898104452,5.4856142983855625,6453.137675218852,453.71565157548594,-373.9777422507432
joint_106,fixed_joint,106,schedule,0,259,6459.185677617275,6459.16,60.61776061776062,2.41203052719484,424.2479785671476,453.1885493963118,6459.1856776172735,0.0,0,-374.1794108790991,3316.2117875820277,3142.9738900352468,131,128,1569,1104.0,1295.0,"{'TP': 100, 'MH': 72, 'MFE': 58, 'MHx': 14, 'BE': 13, 'SN': 2}",4876.210563336532,171,4863.572265464193,1582.9751142807424,88,1595.6134121530804,313.39642919487443,35,313.3964291948723,1598.9940858025232,1598.9940858025227,1009.7306712631214,1009.7306712631218,894.8399861449049,894.8399861449047,1229.1174326081982,1229.1174326081996,1397.4192546811353,1397.4192546811355,329.0842471173918,329.08424711738917,-6.048002398422022,-13.860845898104452,5.4856142983855625,6453.137675218852,453.71565157548594,-373.9777422507432
joint_107,fixed_joint,107,schedule,0,264,6608.685388472959,6608.66,60.984848484848484,2.438134954746545,424.2479785671476,453.1885493963118,6608.685388472958,0.0,0,-374.1794108790991,3322.5816763264293,3286.1037121465297,132,132,1608,1124.0,1320.0,"{'TP': 102, 'MH': 73, 'MFE': 59, 'MHx': 15, 'BE': 13, 'SN': 2}",4876.210563336532,171,4863.572265464193,1732.4748251364274,93,1745.113123008765,313.39642919487443,35,313.3964291948723,1598.9940858025232,1598.9940858025227,1009.7306712631214,1009.7306712631218,894.8399861449049,894.8399861449047,1229.1174326081982,1229.1174326081996,1546.9189655368198,1546.91896553682,329.0842471173918,329.08424711738917,-5.9067077510670805,-13.737537842282526,6.026910631342095,6602.778680721891,453.71565157548594,-373.97774225074227
joint_108,fixed_joint,108,schedule,0,265,6543.264254454963,6543.24,60.75471698113207,2.403911712905148,424.2479785671476,453.1885493963118,6543.264254454962,0.0,0,-374.1794108790991,3322.5816763264293,3220.6825781285334,132,133,1618,1128.0,1325.0,"{'TP': 102, 'MH': 74, 'MFE': 59, 'MHx': 15, 'BE': 13, 'SN': 2}",4876.210563336532,171,4863.572265464193,1667.0536911184306,94,1679.6919889907686,313.39642919487443,35,313.3964291948723,1598.9940858025232,1598.9940858025227,1009.7306712631214,1009.7306712631218,894.8399861449049,894.8399861449047,1229.1174326081982,1229.1174326081996,1481.4978315188232,1481.4978315188237,329.0842471173918,329.08424711738917,-6.096198202914298,-13.927028294129743,5.837420179494877,6537.168056252048,453.71565157548594,-373.97774225074227
joint_109,fixed_joint,109,schedule,0,266,6574.851637072976,6574.83,60.902255639097746,2.410689048301201,424.2479785671476,453.1885493963118,6574.851637072974,0.0,0,-374.1794108790991,3322.5816763264293,3252.2699607465456,132,134,1630,1132.0,1330.0,"{'TP': 102, 'MH': 74, 'MFE': 59, 'MHx': 16, 'BE': 13, 'SN': 2}",4907.797945954545,172,4895.159648082205,1667.0536911184306,94,1679.6919889907686,313.39642919487443,35,313.3964291948723,1598.9940858025232,1598.9940858025227,1009.7306712631214,1009.7306712631218,926.4273687629175,926.427368762917,1229.1174326081982,1229.1174326081996,1481.4978315188232,1481.4978315188237,329.0842471173918,329.08424711738917,-5.989722567715225,-13.82055265893067,5.94389581469395,6568.861914505259,453.71565157548594,-373.9777422507432
gate_only_100,fixed_gate_only,100,schedule,0,262,6619.612718819486,6619.59,61.06870229007634,2.43443991766205,424.2479785671476,453.1885493963118,6619.612718819483,0.0,0,-374.1794108790991,3411.0476506015125,3208.565068217973,134,128,1589,1116.0,1310.0,"{'TP': 102, 'MH': 72, 'MFE': 59, 'MHx': 14, 'BE': 13, 'SN': 2}",4985.398353568944,173,4972.7600556966045,1634.214365250542,89,1646.8526631228788,313.39642919487443,35,313.3964291948723,1719.3868099973242,1719.386809997324,1023.8871587366348,1023.8871587366345,894.8399861449049,894.8399861449043,1203.7560111722958,1203.7560111722973,1448.6585056509346,1448.6585056509339,329.0842471173918,329.08424711738917,-8.535688532651161,-16.344233434548563,3.021567945848042,6611.077030286832,453.71565157548594,-373.9777422507432
gate_only_101,fixed_gate_only,101,schedule,0,262,6619.612718819486,6619.59,61.06870229007634,2.43443991766205,424.2479785671476,453.1885493963118,6619.612718819483,0.0,0,-374.1794108790991,3411.0476506015125,3208.565068217973,134,128,1589,1116.0,1310.0,"{'TP': 102, 'MH': 72, 'MFE': 59, 'MHx': 14, 'BE': 13, 'SN': 2}",4985.398353568944,173,4972.7600556966045,1634.214365250542,89,1646.8526631228788,313.39642919487443,35,313.3964291948723,1719.3868099973242,1719.386809997324,1023.8871587366348,1023.8871587366345,894.8399861449049,894.8399861449043,1203.7560111722958,1203.7560111722973,1448.6585056509346,1448.6585056509339,329.0842471173918,329.08424711738917,-8.535688532651161,-16.344233434548563,3.021567945848042,6611.077030286832,453.71565157548594,-373.9777422507432
gate_only_102,fixed_gate_only,102,schedule,0,261,6648.784263588798,6648.76,61.30268199233716,2.449926739635752,424.2479785671476,453.1885493963118,6648.784263588795,0.0,0,-374.1794108790991,3440.219195370824,3208.565068217973,133,128,1582,1112.0,1305.0,"{'TP': 102, 'MH': 71, 'MFE': 59, 'MHx': 14, 'BE': 13, 'SN': 2}",5014.569898338255,172,5001.931600465916,1634.214365250542,89,1646.8526631228788,313.39642919487443,35,313.3964291948723,1748.5583547666356,1748.5583547666354,1023.8871587366348,1023.8871587366345,894.8399861449049,894.8399861449043,1203.7560111722958,1203.7560111722973,1448.6585056509346,1448.6585056509339,329.0842471173918,329.08424711738917,-7.299394013827612,-15.10793891572502,4.257862464671589,6641.484869574967,453.71565157548594,-373.97774225074227
gate_only_103,fixed_gate_only,103,schedule,0,261,6472.824535704556,6472.799999999999,60.91954022988506,2.4009923992216273,424.2479785671476,453.1885493963118,6472.824535704553,0.0,0,-374.1794108790991,3298.830383437811,3173.994152266744,132,129,1584,1112.0,1305.0,"{'TP': 101, 'MH': 72, 'MFE': 59, 'MHx': 14, 'BE': 13, 'SN': 2}",4838.610170454013,172,4825.971872581674,1634.214365250542,89,1646.8526631228797,313.39642919487443,35,313.3964291948723,1607.1695428336227,1607.1695428336227,989.3162427854057,989.3162427854061,894.8399861449049,894.8399861449043,1203.7560111722958,1203.7560111722964,1448.6585056509346,1448.6585056509348,329.0842471173918,329.08424711738917,-6.851990248556828,-14.66053515045424,4.705266229942375,6465.972545455997,453.71565157548594,-373.97774225074227
gate_only_104,fixed_gate_only,104,schedule,0,259,6295.692669407423,6295.660000000001,60.231660231660236,2.3555831725607557,424.2479785671476,453.1885493963118,6295.692669407419,0.0,0,-374.1794108790991,3172.937768110477,3122.754901296945,131,128,1573,1104.0,1295.0,"{'TP': 100, 'MH': 73, 'MFE': 57, 'MHx': 14, 'BE': 13, 'SN': 2}",4712.717555126679,171,4700.07925725434,1582.9751142807424,88,1595.6134121530795,313.39642919487443,35,313.3964291948723,1481.2769275062885,1481.2769275062885,989.3162427854057,989.3162427854052,894.8399861449049,894.8399861449043,1203.7560111722958,1203.7560111722973,1397.4192546811353,1397.4192546811346,329.0842471173918,329.08424711738917,-5.257619613751691,-13.066164515649103,5.4856142983855625,6290.4350497936675,453.71565157548594,-373.9777422507432
gate_only_105,fixed_gate_only,105,schedule,0,259,6413.409827703657,6413.380000000001,60.61776061776062,2.3881325489581022,424.2479785671476,453.1885493963118,6413.409827703654,0.0,0,-374.1794108790991,3290.6549264067116,3122.754901296945,131,128,1574,1104.0,1295.0,"{'TP': 100, 'MH': 72, 'MFE': 58, 'MHx': 14, 'BE': 13, 'SN': 2}",4830.434713422914,171,4817.796415550574,1582.9751142807424,88,1595.6134121530795,313.39642919487443,35,313.3964291948723,1598.9940858025232,1598.9940858025227,989.3162427854057,989.3162427854061,894.8399861449049,894.8399861449047,1203.7560111722958,1203.7560111722964,1397.4192546811353,1397.4192546811346,329.0842471173918,329.08424711738917,-6.071642180113644,-13.880187082011057,5.4856142983855625,6407.33818552354,453.71565157548594,-373.9777422507432
gate_only_106,fixed_gate_only,106,schedule,0,259,6413.409827703657,6413.380000000001,60.61776061776062,2.3881325489581022,424.2479785671476,453.1885493963118,6413.409827703654,0.0,0,-374.1794108790991,3290.6549264067116,3122.754901296945,131,128,1574,1104.0,1295.0,"{'TP': 100, 'MH': 72, 'MFE': 58, 'MHx': 14, 'BE': 13, 'SN': 2}",4830.434713422914,171,4817.796415550574,1582.9751142807424,88,1595.6134121530795,313.39642919487443,35,313.3964291948723,1598.9940858025232,1598.9940858025227,989.3162427854057,989.3162427854061,894.8399861449049,894.8399861449047,1203.7560111722958,1203.7560111722964,1397.4192546811353,1397.4192546811346,329.0842471173918,329.08424711738917,-6.071642180113644,-13.880187082011057,5.4856142983855625,6407.33818552354,453.71565157548594,-373.9777422507432
gate_only_107,fixed_gate_only,107,schedule,0,264,6562.909538559341,6562.88,60.984848484848484,2.414087232865049,424.2479785671476,453.1885493963118,6562.909538559338,0.0,0,-374.1794108790991,3297.024815151113,3265.8847234082277,132,132,1613,1124.0,1320.0,"{'TP': 102, 'MH': 73, 'MFE': 59, 'MHx': 15, 'BE': 13, 'SN': 2}",4830.434713422914,171,4817.796415550574,1732.4748251364274,93,1745.113123008764,313.39642919487443,35,313.3964291948723,1598.9940858025232,1598.9940858025227,989.3162427854057,989.3162427854061,894.8399861449049,894.8399861449047,1203.7560111722958,1203.7560111722964,1546.9189655368198,1546.918965536819,329.0842471173918,329.08424711738917,-5.930347532758702,-13.75687902618913,6.026910631342095,6556.979191026579,453.71565157548594,-373.97774225074227
gate_only_108,fixed_gate_only,108,schedule,0,265,6497.488404541344,6497.46,60.75471698113207,2.380531114825947,424.2479785671476,453.1885493963118,6497.488404541342,0.0,0,-374.1794108790991,3297.024815151113,3200.4635893902314,132,133,1623,1128.0,1325.0,"{'TP': 102, 'MH': 74, 'MFE': 59, 'MHx': 15, 'BE': 13, 'SN': 2}",4830.434713422914,171,4817.796415550574,1667.0536911184306,94,1679.6919889907676,313.39642919487443,35,313.3964291948723,1598.9940858025232,1598.9940858025227,989.3162427854057,989.3162427854061,894.8399861449049,894.8399861449047,1203.7560111722958,1203.7560111722964,1481.4978315188232,1481.4978315188227,329.0842471173918,329.08424711738917,-6.11983798460592,-13.946369478036347,5.837420179494877,6491.368566556736,453.71565157548594,-373.97774225074227
gate_only_109,fixed_gate_only,109,schedule,0,266,6529.075787159357,6529.049999999999,60.902255639097746,2.3872425334272633,424.2479785671476,453.1885493963118,6529.075787159356,0.0,0,-374.1794108790991,3297.024815151113,3232.0509720082437,132,134,1635,1132.0,1330.0,"{'TP': 102, 'MH': 74, 'MFE': 59, 'MHx': 16, 'BE': 13, 'SN': 2}",4862.022096040926,172,4849.383798168587,1667.0536911184306,94,1679.6919889907686,313.39642919487443,35,313.3964291948723,1598.9940858025232,1598.9940858025227,989.3162427854057,989.3162427854061,926.4273687629175,926.427368762917,1203.7560111722958,1203.7560111722973,1481.4978315188232,1481.4978315188237,329.0842471173918,329.08424711738917,-6.013362349406846,-13.839893842837274,5.94389581469395,6523.062424809949,453.71565157548594,-373.9777422507432
no_gate_all,fixed_gate_only,100,schedule,0,305,5875.920497361782,5875.879999999999,57.377049180327866,1.9372383020794413,695.1013225046563,727.2955772799187,5875.920497361782,0.0,0,-573.1540767354127,3038.898078679326,2837.022418682456,155,150,1899,1318.0,1525.0,"{'TP': 109, 'MH': 92, 'MFE': 70, 'MHx': 17, 'BE': 13, 'SN': 4}",4937.733613070302,204,4925.095315197964,938.1868842914788,101,950.8251821638178,48.889202825892454,42,48.889202825891516,1477.9282230117394,1477.9282230117399,970.2474011217333,970.247401121733,1035.5659846592755,1035.5659846592748,1198.18760824781,1198.187608247812,1129.4142595728135,1129.4142595728135,64.57702074840986,64.57702074840836,-15.883628046073772,-26.042212069862156,-2.337267324235734,5860.036869315708,728.1453410922522,-574.8738174240625
no_gate_L,fixed_gate_only,100,schedule,0,284,6243.9416345113805,6243.92,59.154929577464785,2.157776703679459,599.1492053407164,628.0897761698807,6243.941634511378,0.0,0,-473.96357770546456,3035.376566293407,3208.565068217973,156,128,1696,1220.0,1420.0,"{'TP': 103, 'MH': 80, 'MFE': 70, 'MHx': 15, 'BE': 13, 'SN': 3}",4805.92250496574,190,4793.2842070934,1438.01912954564,94,1450.6574274179775,144.84131998983295,39,144.8413199898314,1599.7071867055267,1599.7071867055267,970.0616034818444,970.0616034818438,854.5809346363864,854.5809346363858,1238.0443926241983,1238.0443926241996,1421.018379151074,1421.0183791510735,160.52913791235036,160.52913791234823,-16.682773126582553,-25.658569294250935,-3.905953792118382,6227.258861384796,629.6141243537359,-475.71245439412905
no_gate_S,fixed_gate_only,100,schedule,0,283,6251.591581669887,6251.55,59.01060070671378,2.138490023842002,540.4456759660143,581.8085076138113,6251.591581669887,0.0,0,-544.3501632442021,3414.5691629874314,2837.022418682456,133,150,1792,1214.0,1415.0,"{'TP': 108, 'MH': 84, 'MFE': 59, 'MHx': 16, 'BE': 13, 'SN': 3}",5117.209461673506,187,5104.571163801167,1134.382119996381,96,1147.02041786872,217.4443120309339,38,217.44431203093245,1597.607846303537,1597.6078463035371,1024.0729563765237,1024.0729563765237,1075.8250361677942,1075.8250361677933,1163.8992267959068,1163.8992267959088,1157.0543860726739,1157.0543860726748,233.1321299534513,233.1321299534493,-7.73654345214238,-16.7278762101598,4.590254413730688,6243.855038217745,582.6890839091602,-543.4434515534876
anchor_joint125,fixed_joint,125,schedule,0,261,6263.693218527147,6263.65,60.91954022988506,2.3284373815462147,438.4226852164311,467.36325604559534,6263.693218527147,0.0,0,-388.35411752838263,2977.959310268338,3285.7339082588096,124,137,1619,1112.0,1305.0,"{'TP': 103, 'MH': 73, 'MFE': 53, 'MHx': 15, 'BE': 14, 'SN': 3}",4651.245931810981,166,4638.607633938643,1612.4472867161674,95,1625.0855845885044,216.58564785017978,35,216.58564785017825,1535.1014628367034,1535.1014628367031,721.5645410797202,721.5645410797213,987.5507437400641,987.5507437400638,1295.7547134604708,1295.7547134604729,1491.4482916374911,1491.448291637491,232.2734657726972,232.2734657726951,-3.2602942277831364,-10.77517171738938,7.155154009175522,6260.432924299364,467.89035822477035,-388.1524489000258
anchor_scaled150,scaled_joint,150,schedule,0,255,7091.960754877029,7091.9,62.745098039215684,2.7072827664077206,347.01456618363864,408.57822715808925,7091.960754877028,0.0,0,-315.07247035032196,3130.5795741877273,3961.3811806893013,128,127,1559,1088.0,1275.0,"{'TP': 102, 'MH': 67, 'MFE': 56, 'BE': 14, 'MHx': 14, 'SN': 2}",5099.683389599483,166,5087.045091727145,1992.277365277546,89,2004.9156631498836,497.2082227411849,33,497.2082227411838,1640.8086433304907,1640.8086433304907,830.1482526634235,830.148252663424,1213.5937066267911,1213.5937066267911,1321.8943781567045,1321.894378156706,1572.619733435917,1572.6197334359158,512.8960406637024,512.8960406637007,-6.516942534921971,-13.690179117549073,2.6582719883724755,7085.443812342106,408.52844061163614,-316.1599637603704
joint_100,fixed_joint,100,schedule,2,257,6237.049159552185,6237.02,60.311284046692606,2.3459287277093033,466.72251339187096,492.45602342027996,6237.049159552189,0.0,0,-402.55273434254923,3106.9362300859593,3130.112929466226,130,127,1560,1096.0,1285.0,"{'TP': 100, 'MH': 71, 'MFE': 59, 'MHx': 13, 'BE': 12, 'SN': 2}",4679.914661461889,170,4666.478650791686,1557.1344980902952,87,1570.570508760503,230.03454338833274,35,230.034543388334,1689.9221670517834,1689.9221670517838,828.3769647522362,828.376964752237,846.6922581189632,846.6922581189633,1161.7882638131018,1161.788263813104,1480.4407936354264,1480.4407936354246,229.82871218067453,229.82871218067612,-7.74864337151951,-15.524566361011484,3.4726953002269707,6229.30051618067,492.9824580355562,-402.35072719546224
joint_101,fixed_joint,101,schedule,2,257,6253.0244407224745,6253.0,60.311284046692606,2.3540440541192753,466.72251339187096,492.45602342027996,6253.024440722476,0.0,0,-402.55273434254923,3106.9362300859593,3146.0882106365143,130,127,1558,1096.0,1285.0,"{'TP': 100, 'MH': 71, 'MFE': 59, 'MHx': 13, 'BE': 12, 'SN': 2}",4695.889942632179,170,4682.453931961974,1557.1344980902952,87,1570.570508760502,230.03454338833274,35,230.034543388334,1689.9221670517834,1689.9221670517838,844.3522459225245,844.3522459225253,846.6922581189632,846.6922581189633,1161.7882638131018,1161.788263813104,1480.4407936354264,1480.4407936354246,229.82871218067453,229.8287121806752,-7.724998860925769,-15.500921850417743,3.4726953002269707,6245.299441861551,492.9824580355562,-402.35072719546133
joint_102,fixed_joint,102,schedule,2,256,6283.787598551266,6283.76,60.546875,2.3698307379098837,466.72251339187096,492.45602342027996,6283.787598551267,0.0,0,-402.55273434254923,3137.6993879147512,3146.0882106365143,129,127,1551,1092.0,1280.0,"{'TP': 100, 'MH': 70, 'MFE': 59, 'MHx': 13, 'BE': 12, 'SN': 2}",4726.65310046097,169,4713.217089790765,1557.1344980902952,87,1570.570508760502,230.03454338833274,35,230.034543388334,1720.6853248805749,1720.6853248805753,844.3522459225245,844.3522459225253,846.6922581189632,846.6922581189629,1161.7882638131018,1161.788263813104,1480.4407936354264,1480.4407936354246,229.82871218067453,229.8287121806752,-6.488951551564094,-14.264874541056072,4.708742609588649,6277.298646999703,492.9824580355562,-402.35072719546133
joint_103,fixed_joint,103,schedule,2,256,6107.877143750609,6107.85,60.15625,2.321063535838286,466.72251339187096,492.45602342027996,6107.877143750611,0.0,0,-402.55273434254923,2997.9703995417995,3109.90674420881,128,128,1553,1092.0,1280.0,"{'TP': 99, 'MH': 71, 'MFE': 59, 'MHx': 13, 'BE': 12, 'SN': 2}",4550.742645660313,169,4537.306634990109,1557.1344980902952,87,1570.570508760502,230.03454338833274,35,230.034543388334,1580.956336507623,1580.9563365076235,808.1707794948202,808.1707794948209,846.6922581189632,846.6922581189629,1161.7882638131018,1161.788263813104,1480.4407936354264,1480.4407936354246,229.82871218067453,229.8287121806752,-6.041716592820746,-13.817639582312724,5.155977568331998,6101.83542715779,492.9824580355562,-402.35072719546133
joint_104,fixed_joint,104,schedule,2,254,5959.521763792849,5959.490000000001,59.4488188976378,2.288935615335542,466.72251339187096,492.45602342027996,5959.521763792853,0.0,0,-402.55273434254923,2899.278051010318,3060.2437127825315,127,127,1543,1084.0,1270.0,"{'TP': 98, 'MH': 72, 'MFE': 57, 'MHx': 13, 'BE': 12, 'SN': 2}",4452.0502971288315,168,4438.614286458628,1507.4714666640168,86,1520.9074773342245,230.03454338833274,35,230.034543388334,1456.7173475011555,1456.7173475011557,808.1707794948202,808.1707794948209,846.6922581189632,846.6922581189629,1187.3349042880882,1187.334904288091,1430.7777622091478,1430.7777622091462,229.82871218067453,229.82871218067612,-4.447650805211396,-12.223573794703375,5.936183561538277,5955.0741129876415,492.9824580355562,-402.35072719546133
joint_105,fixed_joint,105,schedule,2,254,6081.443641422606,6081.4,59.84251968503938,2.323878750210465,466.72251339187096,492.45602342027996,6081.443641422609,0.0,0,-402.55273434254923,3016.9481318587236,3064.4955095638834,127,127,1540,1084.0,1270.0,"{'TP': 98, 'MH': 71, 'MFE': 58, 'MHx': 13, 'BE': 12, 'SN': 2}",4573.972174758589,168,4560.536164088386,1507.4714666640168,86,1520.9074773342236,230.03454338833274,35,230.034543388334,1574.387428349561,1574.3874283495616,812.6180942071196,812.6180942071201,846.6922581189632,846.6922581189633,1187.1393863571402,1187.139386357143,1430.7777622091478,1430.7777622091462,229.82871218067453,229.8287121806752,-5.261510599614468,-13.041733046782992,5.936183561538277,6076.182130822995,492.9824580355562,-402.35072719546133
joint_106,fixed_joint,106,schedule,2,254,6081.443641422606,6081.4,59.84251968503938,2.323878750210465,466.72251339187096,492.45602342027996,6081.443641422609,0.0,0,-402.55273434254923,3016.9481318587236,3064.4955095638834,127,127,1540,1084.0,1270.0,"{'TP': 98, 'MH': 71, 'MFE': 58, 'MHx': 13, 'BE': 12, 'SN': 2}",4573.972174758589,168,4560.536164088386,1507.4714666640168,86,1520.9074773342236,230.03454338833274,35,230.034543388334,1574.387428349561,1574.3874283495616,812.6180942071196,812.6180942071201,846.6922581189632,846.6922581189633,1187.1393863571402,1187.139386357143,1430.7777622091478,1430.7777622091462,229.82871218067453,229.8287121806752,-5.261510599614468,-13.041733046782992,5.936183561538277,6076.182130822995,492.9824580355562,-402.35072719546133
joint_107,fixed_joint,107,schedule,2,258,6074.296032637401,6074.26,59.68992248062015,2.3000178239618387,466.72251339187096,492.45602342027996,6074.296032637403,0.0,0,-402.55273434254923,3016.9481318587236,3057.347900778677,127,131,1575,1100.0,1290.0,"{'TP': 99, 'MH': 73, 'MFE': 58, 'MHx': 14, 'BE': 12, 'SN': 2}",4573.972174758589,168,4560.536164088386,1500.3238578788107,90,1513.7598685490175,230.03454338833274,35,230.034543388334,1574.387428349561,1574.3874283495616,812.6180942071196,812.6180942071201,846.6922581189632,846.6922581189633,1187.1393863571402,1187.139386357143,1423.630153423942,1423.63015342394,229.82871218067453,229.8287121806752,-4.930657455162647,-12.761469166112928,6.267036705990099,6069.36537518224,492.9824580355562,-402.35072719546133
joint_108,fixed_joint,108,schedule,2,259,6007.25200558719,6007.22,59.45945945945946,2.2674823335063583,466.72251339187096,492.45602342027996,6007.252005587194,0.0,0,-402.55273434254923,3016.9481318587236,2990.303873728467,127,132,1585,1104.0,1295.0,"{'TP': 99, 'MH': 74, 'MFE': 58, 'MHx': 14, 'BE': 12, 'SN': 2}",4573.972174758589,168,4560.536164088386,1433.2798308286006,91,1446.715841498808,230.03454338833274,35,230.034543388334,1574.387428349561,1574.3874283495616,812.6180942071196,812.6180942071201,846.6922581189632,846.6922581189633,1187.1393863571402,1187.139386357143,1356.586126373732,1356.5861263737297,229.82871218067453,229.82871218067612,-5.120185812681367,-12.95099752363165,6.077508348471378,6002.131819774512,492.9824580355562,-402.35072719546133
joint_109,fixed_joint,109,schedule,2,260,6037.255306341876,6037.219999999999,59.61538461538461,2.2738127910297106,466.72251339187096,492.45602342027996,6037.25530634188,0.0,0,-402.55273434254923,3016.9481318587236,3020.307174483154,127,133,1597,1108.0,1300.0,"{'TP': 99, 'MH': 74, 'MFE': 58, 'MHx': 15, 'BE': 12, 'SN': 2}",4603.975475513276,169,4590.539464843072,1433.2798308286006,91,1446.715841498808,230.03454338833274,35,230.034543388334,1574.387428349561,1574.3874283495616,812.6180942071196,812.6180942071201,876.69555887365,876.6955588736496,1187.1393863571402,1187.139386357143,1356.586126373732,1356.5861263737297,229.82871218067453,229.82871218067612,-5.013688878095376,-12.844500589045659,6.184005283057369,6032.241617463785,492.9824580355562,-402.35072719546224
gate_only_100,fixed_gate_only,100,schedule,2,257,6237.049159552185,6237.02,60.311284046692606,2.3459287277093033,466.72251339187096,492.45602342027996,6237.049159552189,0.0,0,-402.55273434254923,3106.9362300859593,3130.112929466226,130,127,1560,1096.0,1285.0,"{'TP': 100, 'MH': 71, 'MFE': 59, 'MHx': 13, 'BE': 12, 'SN': 2}",4679.914661461889,170,4666.478650791686,1557.1344980902952,87,1570.570508760503,230.03454338833274,35,230.034543388334,1689.9221670517834,1689.9221670517838,828.3769647522362,828.376964752237,846.6922581189632,846.6922581189633,1161.7882638131018,1161.788263813104,1480.4407936354264,1480.4407936354246,229.82871218067453,229.82871218067612,-7.74864337151951,-15.524566361011484,3.4726953002269707,6229.30051618067,492.9824580355562,-402.35072719546224
gate_only_101,fixed_gate_only,101,schedule,2,257,6237.049159552185,6237.02,60.311284046692606,2.3459287277093033,466.72251339187096,492.45602342027996,6237.049159552189,0.0,0,-402.55273434254923,3106.9362300859593,3130.112929466226,130,127,1560,1096.0,1285.0,"{'TP': 100, 'MH': 71, 'MFE': 59, 'MHx': 13, 'BE': 12, 'SN': 2}",4679.914661461889,170,4666.478650791686,1557.1344980902952,87,1570.570508760503,230.03454338833274,35,230.034543388334,1689.9221670517834,1689.9221670517838,828.3769647522362,828.376964752237,846.6922581189632,846.6922581189633,1161.7882638131018,1161.788263813104,1480.4407936354264,1480.4407936354246,229.82871218067453,229.82871218067612,-7.74864337151951,-15.524566361011484,3.4726953002269707,6229.30051618067,492.9824580355562,-402.35072719546224
gate_only_102,fixed_gate_only,102,schedule,2,256,6267.812317380977,6267.78,60.546875,2.361606390707278,466.72251339187096,492.45602342027996,6267.81231738098,0.0,0,-402.55273434254923,3137.6993879147512,3130.112929466226,129,127,1553,1092.0,1280.0,"{'TP': 100, 'MH': 70, 'MFE': 59, 'MHx': 13, 'BE': 12, 'SN': 2}",4710.677819290682,169,4697.241808620477,1557.1344980902952,87,1570.570508760503,230.03454338833274,35,230.034543388334,1720.6853248805749,1720.6853248805753,828.3769647522362,828.376964752237,846.6922581189632,846.6922581189629,1161.7882638131018,1161.788263813104,1480.4407936354264,1480.4407936354246,229.82871218067453,229.82871218067612,-6.512596062157835,-14.288519051649812,4.708742609588649,6261.299721318822,492.9824580355562,-402.35072719546133
gate_only_103,fixed_gate_only,103,schedule,2,256,6091.90186258032,6091.87,60.15625,2.313071251358684,466.72251339187096,492.45602342027996,6091.901862580324,0.0,0,-402.55273434254923,2997.9703995417995,3093.9314630385215,128,128,1555,1092.0,1280.0,"{'TP': 99, 'MH': 71, 'MFE': 59, 'MHx': 13, 'BE': 12, 'SN': 2}",4534.767364490025,169,4521.331353819821,1557.1344980902952,87,1570.570508760503,230.03454338833274,35,230.034543388334,1580.956336507623,1580.9563365076235,792.1954983245316,792.1954983245325,846.6922581189632,846.6922581189629,1161.7882638131018,1161.788263813104,1480.4407936354264,1480.4407936354246,229.82871218067453,229.82871218067612,-6.065361103414486,-13.841284092906465,5.155977568331998,6085.83650147691,492.9824580355553,-402.35072719546133
gate_only_104,fixed_gate_only,104,schedule,2,254,5917.999842147574,5917.970000000001,59.4488188976378,2.2685629387282096,466.72251339187096,492.45602342027996,5917.9998421475775,0.0,0,-402.55273434254923,2873.731410535331,3044.268431612243,127,127,1544,1084.0,1270.0,"{'TP': 98, 'MH': 72, 'MFE': 57, 'MHx': 13, 'BE': 12, 'SN': 2}",4410.528375483557,168,4397.092364813353,1507.4714666640168,86,1520.9074773342245,230.03454338833274,35,230.034543388334,1456.7173475011555,1456.7173475011557,792.1954983245316,792.1954983245325,846.6922581189632,846.6922581189629,1161.7882638131018,1161.788263813104,1430.7777622091478,1430.7777622091462,229.82871218067453,229.82871218067612,-4.471295315805135,-12.247218305297116,5.936183561538277,5913.5285468317725,492.9824580355562,-402.35072719546224
gate_only_105,fixed_gate_only,105,schedule,2,254,6035.6699229959795,6035.64,59.84251968503938,2.300950809345349,466.72251339187096,492.45602342027996,6035.669922995983,0.0,0,-402.55273434254923,2991.401491383737,3044.268431612243,127,127,1545,1084.0,1270.0,"{'TP': 98, 'MH': 71, 'MFE': 58, 'MHx': 13, 'BE': 12, 'SN': 2}",4528.198456331963,168,4514.762445661759,1507.4714666640168,86,1520.9074773342245,230.03454338833274,35,230.034543388334,1574.387428349561,1574.3874283495616,792.1954983245316,792.1954983245323,846.6922581189632,846.6922581189629,1161.7882638131018,1161.788263813104,1430.7777622091478,1430.7777622091462,229.82871218067453,229.82871218067612,-5.2851551102082075,-13.061078099700183,5.936183561538277,6030.384767885775,492.9824580355562,-402.35072719546133
gate_only_106,fixed_gate_only,106,schedule,2,254,6035.6699229959795,6035.64,59.84251968503938,2.300950809345349,466.72251339187096,492.45602342027996,6035.669922995983,0.0,0,-402.55273434254923,2991.401491383737,3044.268431612243,127,127,1545,1084.0,1270.0,"{'TP': 98, 'MH': 71, 'MFE': 58, 'MHx': 13, 'BE': 12, 'SN': 2}",4528.198456331963,168,4514.762445661759,1507.4714666640168,86,1520.9074773342245,230.03454338833274,35,230.034543388334,1574.387428349561,1574.3874283495616,792.1954983245316,792.1954983245323,846.6922581189632,846.6922581189629,1161.7882638131018,1161.788263813104,1430.7777622091478,1430.7777622091462,229.82871218067453,229.82871218067612,-5.2851551102082075,-13.061078099700183,5.936183561538277,6030.384767885775,492.9824580355562,-402.35072719546133
gate_only_107,fixed_gate_only,107,schedule,2,258,6028.522314210774,6028.5,59.68992248062015,2.277704364869007,466.72251339187096,492.45602342027996,6028.522314210777,0.0,0,-402.55273434254923,2991.401491383737,3037.1208228270375,127,131,1580,1100.0,1290.0,"{'TP': 99, 'MH': 73, 'MFE': 58, 'MHx': 14, 'BE': 12, 'SN': 2}",4528.198456331963,168,4514.762445661759,1500.3238578788107,90,1513.7598685490184,230.03454338833274,35,230.034543388334,1574.387428349561,1574.3874283495616,792.1954983245316,792.1954983245323,846.6922581189632,846.6922581189629,1161.7882638131018,1161.788263813104,1423.630153423942,1423.63015342394,229.82871218067453,229.82871218067612,-4.954301965756387,-12.780814219030118,6.267036705990099,6023.56801224502,492.9824580355562,-402.35072719546133
gate_only_108,fixed_gate_only,108,schedule,2,259,5961.478287160564,5961.460000000001,59.45945945945946,2.2457927143689593,466.72251339187096,492.45602342027996,5961.478287160566,0.0,0,-402.55273434254923,2991.401491383737,2970.076795776827,127,132,1590,1104.0,1295.0,"{'TP': 99, 'MH': 74, 'MFE': 58, 'MHx': 14, 'BE': 12, 'SN': 2}",4528.198456331963,168,4514.762445661759,1433.2798308286006,91,1446.715841498807,230.03454338833274,35,230.034543388334,1574.387428349561,1574.3874283495616,792.1954983245316,792.1954983245323,846.6922581189632,846.6922581189629,1161.7882638131018,1161.788263813104,1356.586126373732,1356.5861263737297,229.82871218067453,229.8287121806752,-5.1438303232751075,-12.97034257654884,6.077508348471378,5956.33445683729,492.9824580355562,-402.35072719546133
gate_only_109,fixed_gate_only,109,schedule,2,260,5991.481587915251,5991.46,59.61538461538461,2.2520626178537566,466.72251339187096,492.45602342027996,5991.481587915254,0.0,0,-402.55273434254923,2991.401491383737,3000.080096531514,127,133,1602,1108.0,1300.0,"{'TP': 99, 'MH': 74, 'MFE': 58, 'MHx': 15, 'BE': 12, 'SN': 2}",4558.20175708665,169,4544.765746416446,1433.2798308286006,91,1446.715841498808,230.03454338833274,35,230.034543388334,1574.387428349561,1574.3874283495616,792.1954983245316,792.1954983245323,876.69555887365,876.69555887365,1161.7882638131018,1161.788263813104,1356.586126373732,1356.5861263737297,229.82871218067453,229.82871218067612,-5.037333388689117,-12.863845641962849,6.184005283057369,5986.444254526565,492.9824580355562,-402.35072719546133
no_gate_all,fixed_gate_only,100,schedule,2,297,5518.237088134396,5518.1900000000005,56.56565656565656,1.8851940654909942,751.4368522508094,777.1703622792184,5518.237088134398,0.0,0,-614.4097374395205,2856.170222996966,2662.0668651374294,147,150,1869,1280.0,1485.0,"{'TP': 107, 'MH': 92, 'MFE': 67, 'MHx': 16, 'BE': 12, 'SN': 3}",4744.99502788429,199,4731.559017214086,773.2420602501055,98,786.6780709203113,-53.14405427382984,41,-53.14405427382917,1440.319497871918,1440.3194978719184,917.9160572918687,917.9160572918695,968.3133334078304,968.3133334078307,1151.3934843437573,1151.39348434376,1093.6446007005093,1093.644600700507,-53.34988548148813,-53.349885481487945,-14.752061831695457,-24.910633413245904,-1.541708841343291,5503.485026302702,777.9753800956505,-616.12872950978
no_gate_L,fixed_gate_only,100,schedule,2,276,5985.123191138668,5985.09,58.69565217391305,2.1345672829625197,645.0656922171647,670.7992022455737,5985.123191138669,0.0,0,-505.1215668502582,2855.0102616724425,3130.112929466226,149,127,1660,1182.0,1380.0,"{'TP': 101, 'MH': 79, 'MFE': 68, 'MHx': 14, 'BE': 12, 'SN': 2}",4634.028482681049,185,4620.592472010845,1351.0947084576187,91,1364.5307191278243,53.22710575981489,38,53.22710575981546,1565.4805680044547,1565.480568004455,922.5203433496621,922.5203433496631,798.4329102903126,798.4329102903121,1194.4596533108152,1194.459653310817,1451.2084416312678,1451.2084416312655,53.021274552156626,53.02127455215668,-15.66249138183686,-24.605432233527363,-3.221833717923846,5969.460699756833,672.3226834562129,-506.8696529760182
no_gate_S,fixed_gate_only,100,schedule,2,278,5770.163056547914,5770.120000000001,57.9136690647482,2.0317324597972886,573.0936734255165,598.8271834539255,5770.163056547916,0.0,0,-587.1670219299076,3108.096191410483,2662.0668651374294,128,150,1769,1194.0,1390.0,"{'TP': 106, 'MH': 84, 'MFE': 58, 'MHx': 15, 'BE': 12, 'SN': 3}",4790.881206665131,184,4777.445195994927,979.2818498827818,94,992.7178605529889,123.66338335468802,38,123.66338335468845,1564.761096919247,1564.7610969192474,823.7726786944426,823.7726786944431,1016.5726812364815,1016.5726812364819,1118.722094846044,1118.7220948460472,1122.8769527046684,1122.876952704666,123.45755214702976,123.45755214703058,-6.838213821378108,-15.829767540730028,5.152820176807531,5763.324842726538,598.6351546749956,-586.2598784565207
anchor_joint125,fixed_joint,125,schedule,2,256,5666.34561589715,5666.3099999999995,59.375,2.166243154728505,480.891551292244,506.625061320653,5666.345615897154,0.0,0,-416.72177224292227,2645.6335119025653,3020.7121039945855,120,136,1593,1092.0,1280.0,"{'TP': 100, 'MH': 73, 'MFE': 52, 'BE': 14, 'MHx': 14, 'SN': 3}",4327.500527558815,163,4314.06451688861,1338.8450883383357,93,1352.2810990085436,134.65278216073966,35,134.65278216074057,1482.4087574455034,1482.4087574455036,527.7636497480904,527.7636497480903,941.0598868130664,941.0598868130667,1255.3927282595523,1255.392728259556,1325.2736426778565,1325.2736426778547,134.44695095308145,134.4469509530827,-2.3374401796037163,-9.852406269063458,7.342419120782051,5664.00817571755,507.15149593592923,-416.5197650958353
anchor_scaled150,scaled_joint,150,schedule,2,251,6590.579073488827,6590.530000000001,61.354581673306775,2.537149616959951,389.4582014635007,421.32629611272114,6590.579073488828,0.0,0,-325.87200047671195,2791.779622547042,3798.799450941785,124,127,1543,1072.0,1255.0,"{'TP': 100, 'MH': 67, 'MFE': 55, 'BE': 14, 'MHx': 13, 'SN': 2}",4775.952698962779,163,4762.516688292575,1814.6263745260471,88,1828.0623851962528,417.113315047684,33,417.1133150476844,1586.4418388715521,1586.4418388715524,641.1809615364675,641.180961536468,1163.988810795293,1163.988810795293,1283.105579550604,1283.1055795506063,1498.9543988948844,1498.9543988948817,416.90748384002575,416.90748384002654,-5.672367059104471,-12.845623899735308,3.167092133197053,6584.906706429723,421.2762963251371,-326.85434892465037
joint_100,fixed_joint,100,schedule,5,261,5738.815417189862,5738.83,59.38697318007663,2.1721871836019746,530.4290139011564,551.6980114115722,5738.815417189865,0.0,0,-445.10589992378755,2925.5329298066267,2813.282487383235,134,127,1587,1112.0,1305.0,"{'TP': 99, 'MH': 76, 'MFE': 61, 'MHx': 13, 'BE': 10, 'SN': 2}",4338.683026568831,175,4324.051044687433,1400.13239062103,86,1414.7643725024318,126.95013413472263,35,126.95013413472498,1557.6495797979528,1557.6495797979528,866.5250753825876,866.5250753825876,745.3316027291339,745.3316027291335,1010.4711335878652,1010.4711335878665,1441.6211350678268,1441.6211350678268,117.21689062449535,117.21689062449786,-8.676145509503034,-16.452025628358577,3.3236326552375317,5730.139271680362,552.4112439312812,-444.9033849681764
joint_101,fixed_joint,101,schedule,5,261,5754.800286406224,5754.81,59.38697318007663,2.179302616704979,530.4290139011564,551.6980114115722,5754.800286406228,0.0,0,-445.10589992378755,2925.5329298066267,2829.2673565995974,134,127,1585,1112.0,1305.0,"{'TP': 99, 'MH': 76, 'MFE': 61, 'MHx': 13, 'BE': 10, 'SN': 2}",4354.667895785194,175,4340.035913903796,1400.13239062103,86,1414.7643725024318,126.95013413472263,35,126.95013413472498,1557.6495797979528,1557.6495797979528,882.5099445989504,882.5099445989504,745.3316027291339,745.331602729133,1010.4711335878652,1010.4711335878674,1441.6211350678268,1441.6211350678268,117.21689062449535,117.21689062449786,-8.652493902007665,-16.428374020863206,3.3236326552375317,5746.147792504221,552.4112439312803,-444.9033849681755
joint_102,fixed_joint,102,schedule,5,260,5787.949670710998,5787.96,59.61538461538461,2.194208176850102,530.4290139011564,551.6980114115722,5787.949670711,0.0,0,-445.10589992378755,2958.6823141114,2829.2673565995974,133,127,1578,1108.0,1300.0,"{'TP': 99, 'MH': 75, 'MFE': 61, 'MHx': 13, 'BE': 10, 'SN': 2}",4387.817280089968,174,4373.185298208568,1400.13239062103,86,1414.7643725024318,126.95013413472263,35,126.95013413472498,1590.7989641027266,1590.7989641027266,882.5099445989504,882.5099445989495,745.3316027291339,745.331602729133,1010.4711335878652,1010.4711335878665,1441.6211350678268,1441.6211350678268,117.21689062449535,117.21689062449786,-7.41681722152436,-15.192697340379905,4.559309335720837,5780.532853489476,552.4112439312803,-444.9033849681755
joint_103,fixed_joint,103,schedule,5,260,5612.110672773057,5612.12,59.23076923076923,2.148779147365736,530.4290139011564,551.6980114115722,5612.11067277306,0.0,0,-445.10589992378755,2821.441816832993,2790.6688559400636,132,128,1580,1108.0,1300.0,"{'TP': 98, 'MH': 76, 'MFE': 61, 'MHx': 13, 'BE': 10, 'SN': 2}",4211.978282152026,174,4197.346300270628,1400.13239062103,86,1414.7643725024327,126.95013413472263,35,126.95013413472498,1453.5584668243187,1453.5584668243187,843.9114439394166,843.9114439394161,745.3316027291339,745.3316027291335,1010.4711335878652,1010.4711335878669,1441.6211350678268,1441.6211350678273,117.21689062449535,117.21689062449786,-6.969835405550207,-14.745715524405753,5.006291151694992,5605.14083736751,552.4112439312803,-444.9033849681755
joint_104,fixed_joint,104,schedule,5,258,5468.584681379171,5468.59,58.52713178294574,2.118816037210123,530.4290139011564,551.6980114115722,5468.584681379174,0.0,0,-445.10589992378755,2725.2133447940696,2743.3713365851013,131,127,1570,1100.0,1290.0,"{'TP': 97, 'MH': 77, 'MFE': 59, 'MHx': 13, 'BE': 10, 'SN': 2}",4115.749810113103,173,4101.117828231704,1352.8348712660672,85,1367.46685314747,126.95013413472263,35,126.95013413472498,1331.7986776992102,1331.7986776992102,843.9114439394166,843.9114439394161,745.3316027291339,745.331602729133,1036.0024506740504,1036.0024506740529,1394.3236157128645,1394.323615712864,117.21689062449535,117.21689062449786,-5.376226649738928,-13.152106768594475,5.786284149023558,5463.208454729435,552.4112439312803,-444.9033849681755
joint_105,fixed_joint,105,schedule,5,258,5590.438529971503,5590.4400000000005,58.91472868217055,2.1513628188763487,530.4290139011564,551.6980114115722,5590.438529971506,0.0,0,-445.10589992378755,2842.8128447611725,2747.6256852103306,131,127,1567,1100.0,1290.0,"{'TP': 97, 'MH': 76, 'MFE': 60, 'MHx': 13, 'BE': 10, 'SN': 2}",4237.603658705435,173,4222.971676824036,1352.8348712660672,85,1367.46685314747,126.95013413472263,35,126.95013413472498,1449.398177666313,1449.3981776663131,848.3614278415675,848.3614278415671,745.3316027291339,745.331602729133,1035.8068153971285,1035.8068153971303,1394.3236157128645,1394.3236157128645,117.21689062449535,117.21689062449786,-6.189842408221639,-13.970023275236283,5.786284149023558,5584.248687563284,552.4112439312812,-444.9033849681755
joint_106,fixed_joint,106,schedule,5,258,5590.438529971503,5590.4400000000005,58.91472868217055,2.1513628188763487,530.4290139011564,551.6980114115722,5590.438529971506,0.0,0,-445.10589992378755,2842.8128447611725,2747.6256852103306,131,127,1567,1100.0,1290.0,"{'TP': 97, 'MH': 76, 'MFE': 60, 'MHx': 13, 'BE': 10, 'SN': 2}",4237.603658705435,173,4222.971676824036,1352.8348712660672,85,1367.46685314747,126.95013413472263,35,126.95013413472498,1449.398177666313,1449.3981776663131,848.3614278415675,848.3614278415671,745.3316027291339,745.331602729133,1035.8068153971285,1035.8068153971303,1394.3236157128645,1394.3236157128645,117.21689062449535,117.21689062449786,-6.189842408221639,-13.970023275236283,5.786284149023558,5584.248687563284,552.4112439312812,-444.9033849681755
joint_107,fixed_joint,107,schedule,5,261,5592.000878089138,5592.000000000001,59.00383141762452,2.136388166558578,530.4290139011564,551.6980114115722,5592.000878089139,0.0,0,-445.10589992378755,2842.8128447611725,2749.188033327965,131,130,1592,1112.0,1305.0,"{'TP': 98, 'MH': 77, 'MFE': 60, 'MHx': 14, 'BE': 10, 'SN': 2}",4237.603658705435,173,4222.971676824036,1354.3972193837017,88,1369.0292012651034,126.95013413472263,35,126.95013413472498,1449.398177666313,1449.3981776663131,848.3614278415675,848.3614278415671,745.3316027291339,745.331602729133,1035.8068153971285,1035.8068153971303,1395.8859638304987,1395.885963830498,117.21689062449535,117.21689062449786,-5.711629734852632,-13.542415050020352,6.264496822392566,5586.289248354286,552.4112439312812,-444.9033849681755
joint_108,fixed_joint,108,schedule,5,262,5522.521293711944,5522.52,58.778625954198475,2.1066435927618663,530.4290139011564,551.6980114115722,5522.521293711946,0.0,0,-445.10589992378755,2842.8128447611725,2679.7084489507715,131,131,1602,1116.0,1310.0,"{'TP': 98, 'MH': 78, 'MFE': 60, 'MHx': 14, 'BE': 10, 'SN': 2}",4237.603658705435,173,4222.971676824036,1284.9176350065081,89,1299.54961688791,126.95013413472263,35,126.95013413472498,1449.398177666313,1449.3981776663131,848.3614278415675,848.3614278415671,745.3316027291339,745.331602729133,1035.8068153971285,1035.8068153971303,1326.4063794533051,1326.4063794533045,117.21689062449535,117.21689062449786,-5.901214979322084,-13.732000294489804,6.074911577923114,5516.620078732623,552.4112439312812,-444.9033849681755
joint_109,fixed_joint,109,schedule,5,263,5550.147283015918,5550.150000000001,58.935361216730044,2.1121794924770487,530.4290139011564,551.6980114115722,5550.14728301592,0.0,0,-445.10589992378755,2842.8128447611725,2707.3344382547457,131,132,1614,1120.0,1315.0,"{'TP': 98, 'MH': 78, 'MFE': 60, 'MHx': 15, 'BE': 10, 'SN': 2}",4265.22964800941,174,4250.597666128011,1284.9176350065081,89,1299.549616887909,126.95013413472263,35,126.95013413472498,1449.398177666313,1449.3981776663131,848.3614278415675,848.3614278415671,772.9575920331084,772.9575920331076,1035.8068153971285,1035.8068153971303,1326.4063794533051,1326.406379453304,117.21689062449535,117.21689062449786,-5.794686079673186,-13.625471394840904,6.181440477572012,5544.352596936247,552.4112439312803,-444.9033849681755
gate_only_100,fixed_gate_only,100,schedule,5,261,5738.815417189862,5738.83,59.38697318007663,2.1721871836019746,530.4290139011564,551.6980114115722,5738.815417189865,0.0,0,-445.10589992378755,2925.5329298066267,2813.282487383235,134,127,1587,1112.0,1305.0,"{'TP': 99, 'MH': 76, 'MFE': 61, 'MHx': 13, 'BE': 10, 'SN': 2}",4338.683026568831,175,4324.051044687433,1400.13239062103,86,1414.7643725024318,126.95013413472263,35,126.95013413472498,1557.6495797979528,1557.6495797979528,866.5250753825876,866.5250753825876,745.3316027291339,745.3316027291335,1010.4711335878652,1010.4711335878665,1441.6211350678268,1441.6211350678268,117.21689062449535,117.21689062449786,-8.676145509503034,-16.452025628358577,3.3236326552375317,5730.139271680362,552.4112439312812,-444.9033849681764
gate_only_101,fixed_gate_only,101,schedule,5,261,5738.815417189862,5738.83,59.38697318007663,2.1721871836019746,530.4290139011564,551.6980114115722,5738.815417189865,0.0,0,-445.10589992378755,2925.5329298066267,2813.282487383235,134,127,1587,1112.0,1305.0,"{'TP': 99, 'MH': 76, 'MFE': 61, 'MHx': 13, 'BE': 10, 'SN': 2}",4338.683026568831,175,4324.051044687433,1400.13239062103,86,1414.7643725024318,126.95013413472263,35,126.95013413472498,1557.6495797979528,1557.6495797979528,866.5250753825876,866.5250753825876,745.3316027291339,745.3316027291335,1010.4711335878652,1010.4711335878665,1441.6211350678268,1441.6211350678268,117.21689062449535,117.21689062449786,-8.676145509503034,-16.452025628358577,3.3236326552375317,5730.139271680362,552.4112439312812,-444.9033849681764
gate_only_102,fixed_gate_only,102,schedule,5,260,5771.964801494636,5771.98,59.61538461538461,2.18699523851528,530.4290139011564,551.6980114115722,5771.964801494639,0.0,0,-445.10589992378755,2958.6823141114,2813.282487383235,133,127,1580,1108.0,1300.0,"{'TP': 99, 'MH': 75, 'MFE': 61, 'MHx': 13, 'BE': 10, 'SN': 2}",4371.832410873605,174,4357.200428992207,1400.13239062103,86,1414.7643725024318,126.95013413472263,35,126.95013413472498,1590.7989641027266,1590.7989641027266,866.5250753825876,866.5250753825867,745.3316027291339,745.3316027291335,1010.4711335878652,1010.4711335878674,1441.6211350678268,1441.6211350678268,117.21689062449535,117.21689062449786,-7.4404688290197285,-15.216348947875275,4.559309335720837,5764.524332665619,552.4112439312812,-444.9033849681764
gate_only_103,fixed_gate_only,103,schedule,5,260,5596.125803556693,5596.14,59.23076923076923,2.141771173507027,530.4290139011564,551.6980114115722,5596.125803556696,0.0,0,-445.10589992378755,2821.441816832993,2774.6839867237013,132,128,1582,1108.0,1300.0,"{'TP': 98, 'MH': 76, 'MFE': 61, 'MHx': 13, 'BE': 10, 'SN': 2}",4195.9934129356625,174,4181.361431054264,1400.13239062103,86,1414.7643725024318,126.95013413472263,35,126.95013413472498,1453.5584668243187,1453.5584668243187,827.9265747230537,827.9265747230534,745.3316027291339,745.331602729133,1010.4711335878652,1010.4711335878665,1441.6211350678268,1441.6211350678268,117.21689062449535,117.21689062449786,-6.993487013045577,-14.769367131901124,5.006291151694992,5589.132316543651,552.4112439312812,-444.9033849681764
gate_only_104,fixed_gate_only,104,schedule,5,258,5427.068495076623,5427.08,58.52713178294574,2.1009708454386695,530.4290139011564,551.6980114115722,5427.068495076624,0.0,0,-445.10589992378755,2699.6820277078846,2727.3864673687385,131,127,1571,1100.0,1290.0,"{'TP': 97, 'MH': 77, 'MFE': 59, 'MHx': 13, 'BE': 10, 'SN': 2}",4074.2336238105554,173,4059.601641929155,1352.8348712660672,85,1367.4668531474686,126.95013413472263,35,126.95013413472498,1331.7986776992102,1331.7986776992102,827.9265747230537,827.9265747230529,745.3316027291339,745.331602729133,1010.4711335878652,1010.4711335878665,1394.3236157128645,1394.323615712863,117.21689062449535,117.21689062449786,-5.399878257234297,-13.175758376089842,5.786284149023558,5421.668616819389,552.4112439312812,-444.9033849681764
gate_only_105,fixed_gate_only,105,schedule,5,258,5544.667995043726,5544.68,58.91472868217055,2.1312722954484578,530.4290139011564,551.6980114115722,5544.667995043727,0.0,0,-445.10589992378755,2817.2815276749875,2727.3864673687385,131,127,1572,1100.0,1290.0,"{'TP': 97, 'MH': 76, 'MFE': 60, 'MHx': 13, 'BE': 10, 'SN': 2}",4191.833123777658,173,4177.201141896258,1352.8348712660672,85,1367.466853147469,126.95013413472263,35,126.95013413472498,1449.398177666313,1449.3981776663131,827.9265747230537,827.9265747230534,745.3316027291339,745.3316027291335,1010.4711335878652,1010.4711335878656,1394.3236157128645,1394.323615712864,117.21689062449535,117.21689062449786,-6.213494015717009,-13.98937413457256,5.786284149023558,5538.454501028011,552.4112439312803,-444.9033849681755
gate_only_106,fixed_gate_only,106,schedule,5,258,5544.667995043726,5544.68,58.91472868217055,2.1312722954484578,530.4290139011564,551.6980114115722,5544.667995043727,0.0,0,-445.10589992378755,2817.2815276749875,2727.3864673687385,131,127,1572,1100.0,1290.0,"{'TP': 97, 'MH': 76, 'MFE': 60, 'MHx': 13, 'BE': 10, 'SN': 2}",4191.833123777658,173,4177.201141896258,1352.8348712660672,85,1367.466853147469,126.95013413472263,35,126.95013413472498,1449.398177666313,1449.3981776663131,827.9265747230537,827.9265747230534,745.3316027291339,745.3316027291335,1010.4711335878652,1010.4711335878656,1394.3236157128645,1394.323615712864,117.21689062449535,117.21689062449786,-6.213494015717009,-13.98937413457256,5.786284149023558,5538.454501028011,552.4112439312803,-444.9033849681755
gate_only_107,fixed_gate_only,107,schedule,5,261,5546.23034316136,5546.24,59.00383141762452,2.1167000226867576,530.4290139011564,551.6980114115722,5546.230343161361,0.0,0,-445.10589992378755,2817.2815276749875,2728.948815486373,131,130,1597,1112.0,1305.0,"{'TP': 98, 'MH': 77, 'MFE': 60, 'MHx': 14, 'BE': 10, 'SN': 2}",4191.833123777658,173,4177.201141896258,1354.3972193837017,88,1369.0292012651025,126.95013413472263,35,126.95013413472498,1449.398177666313,1449.3981776663131,827.9265747230537,827.9265747230534,745.3316027291339,745.3316027291335,1010.4711335878652,1010.4711335878656,1395.8859638304987,1395.8859638304975,117.21689062449535,117.21689062449786,-5.735281342348001,-13.561765909356627,6.264496822392566,5540.495061819013,552.4112439312803,-444.9033849681755
gate_only_108,fixed_gate_only,108,schedule,5,262,5476.7507587841665,5476.76,58.778625954198475,2.087497405280425,530.4290139011564,551.6980114115722,5476.750758784167,0.0,0,-445.10589992378755,2817.2815276749875,2659.4692311091794,131,131,1607,1116.0,1310.0,"{'TP': 98, 'MH': 78, 'MFE': 60, 'MHx': 14, 'BE': 10, 'SN': 2}",4191.833123777658,173,4177.201141896258,1284.9176350065081,89,1299.549616887909,126.95013413472263,35,126.95013413472498,1449.398177666313,1449.3981776663131,827.9265747230537,827.9265747230534,745.3316027291339,745.3316027291335,1010.4711335878652,1010.4711335878656,1326.4063794533051,1326.406379453304,117.21689062449535,117.21689062449786,-5.924866586817453,-13.751351153826079,6.074911577923114,5470.82589219735,552.4112439312803,-444.9033849681755
gate_only_109,fixed_gate_only,109,schedule,5,263,5504.3767480881415,5504.39,58.935361216730044,2.0929829920835474,530.4290139011564,551.6980114115722,5504.376748088143,0.0,0,-445.10589992378755,2817.2815276749875,2687.095220413154,131,132,1619,1120.0,1315.0,"{'TP': 98, 'MH': 78, 'MFE': 60, 'MHx': 15, 'BE': 10, 'SN': 2}",4219.4591130816325,174,4204.827131200233,1284.9176350065081,89,1299.54961688791,126.95013413472263,35,126.95013413472498,1449.398177666313,1449.3981776663131,827.9265747230537,827.9265747230534,772.9575920331084,772.9575920331081,1010.4711335878652,1010.4711335878665,1326.4063794533051,1326.4063794533045,117.21689062449535,117.21689062449786,-5.818337687168555,-13.644822254177178,6.181440477572012,5498.558410400975,552.4112439312803,-444.9033849681755
no_gate_all,fixed_gate_only,100,schedule,5,301,4838.152245373061,4838.15,55.48172757475083,1.7234662058414116,836.6835636384831,857.9525611488989,4838.152245373062,0.0,0,-676.2942566354759,2451.216512125384,2386.935733247678,152,149,1885,1296.0,1505.0,"{'TP': 106, 'MH': 96, 'MFE': 69, 'MHx': 16, 'BE': 10, 'SN': 4}",4217.724813710558,205,4203.092831829159,620.4274316625031,96,635.0594135439032,-184.98063298416724,41,-184.98063298416582,1295.8318191748795,1295.831819174879,756.3729805139445,756.3729805139442,897.5974485690688,897.5974485690681,1038.0115584960736,1038.011558496075,1045.05231511349,1045.052315113489,-194.71387649439447,-194.71387649439293,-16.067157294545844,-26.006269626475337,-2.18923510702723,4822.0850880785165,858.9439339034298,-678.0121260357182
no_gate_L,fixed_gate_only,100,schedule,5,281,5257.329536410473,5257.34,57.29537366548043,1.917118219980415,714.6724173417915,735.9414148522073,5257.329536410475,0.0,0,-552.5890148563549,2444.047049027238,2813.282487383235,154,127,1685,1202.0,1405.0,"{'TP': 100, 'MH': 84, 'MFE': 70, 'MHx': 14, 'BE': 10, 'SN': 3}",4078.7362632999066,191,4064.104281418509,1178.5932731105654,90,1193.2252549919663,-62.969486687476106,38,-62.96948668747427,1426.0685868142941,1426.0685868142941,768.1659864782168,768.1659864782164,685.0778076439143,685.0778076439137,1040.71824729219,1040.7182472921922,1410.001638379561,1410.00163837956,-72.70273019770337,-72.70273019770138,-16.639542331211025,-25.582090381871634,-3.4208107871951325,5240.689994079265,737.651395002782,-554.3359153996762
no_gate_S,fixed_gate_only,100,schedule,5,281,5319.63812615245,5319.640000000001,57.29537366548043,1.9092101076867323,652.440160197848,673.7091577082638,5319.638126152452,0.0,0,-651.3999321822212,2932.7023929047728,2386.935733247678,132,149,1787,1206.0,1405.0,"{'TP': 105, 'MH': 88, 'MFE': 60, 'MHx': 15, 'BE': 10, 'SN': 3}",4477.671576979483,189,4463.039595098084,841.9665491729679,92,856.5985310543683,4.938987838031597,38,4.938987838033427,1427.4128121585375,1427.4128121585372,854.7320694183153,854.7320694183154,957.8512436542885,957.8512436542874,1007.7644447917489,1007.7644447917505,1076.6718118017561,1076.6718118017552,-4.794255672195657,-4.794255672193685,-8.103760472837848,-16.876204872962287,4.555208335405441,5311.534365679614,673.703782831929,-650.4921408985938
anchor_joint125,fixed_joint,125,schedule,5,258,5233.364966705404,5233.35,58.52713178294574,2.033742811882998,544.5895529276022,565.858550438018,5233.364966705409,0.0,0,-459.26643895023335,2521.4518721764816,2711.913094528923,123,135,1602,1100.0,1290.0,"{'TP': 99, 'MH': 76, 'MFE': 54, 'MHx': 14, 'BE': 12, 'SN': 3}",4012.6253566016044,168,3997.9933747202062,1220.7396101037998,90,1235.3715919852025,33.71296688089315,35,33.71296688089569,1369.0539591321995,1369.0539591321995,568.4696218566683,568.4696218566676,842.1785640532468,842.1785640532478,1097.3464383330945,1097.346438333096,1332.3366599595297,1332.3366599595292,23.97972337066587,23.97972337066858,-3.0666909723741007,-10.581791088892514,7.392103423579866,5230.298275733035,566.571782957727,-459.0639239946222
anchor_scaled150,scaled_joint,150,schedule,5,253,6123.424768128452,6123.42,60.079051383399204,2.3623397909946244,453.11832946923914,474.387326979655,6123.424768128457,0.0,0,-367.7952154918703,2657.8916060969536,3465.5331620315005,127,126,1553,1080.0,1265.0,"{'TP': 98, 'MH': 71, 'MFE': 57, 'MHx': 13, 'BE': 12, 'SN': 2}",4520.411423771744,168,4505.779441890346,1603.0133443567101,85,1617.645326238111,318.9318244229506,33,318.93182442295256,1470.5771254902027,1470.577125490203,689.140960965717,689.1409609657167,1119.7409920589453,1119.7409920589453,1127.4226754850938,1127.422675485096,1407.3444332157717,1407.3444332157706,309.19858091272346,309.19858091272545,-6.470383808120227,-13.424230001707569,2.7475564470991634,6116.954384320336,475.55465343042033,-368.0467944673155
