case,family,length,sizing,slip,trades,closed_pnl,display_pnl,wr,pf,realized_mdd,price_mdd,end_price_equity,end_floating,open_positions,worst30_price,L_pnl,S_pnl,L_trades,S_trades,holding_hours,fee,extra_cost,exits,early_pnl,early_trades,early_equity_change,late_pnl,late_trades,late_equity_change,recent_pnl,recent_trades,recent_equity_change,block1_pnl,block1_equity_change,block2_pnl,block2_equity_change,block3_pnl,block3_equity_change,block4_pnl,block4_equity_change,block5_pnl,block5_equity_change,block6_pnl,block6_equity_change,common_entries,removed_entries,replacement_entries,changed_common,removed_winners,removed_losers,removed_pnl,replacement_pnl,changed_common_delta,affected,delta
joint_100,fixed_joint,100,flat,0,264,6589.788945307804,6589.78,60.60606060606061,2.497186119638513,409.80153209132186,415.92899567095355,6589.788945307804,0.0,0,-365.36244904603336,3261.9781631657315,3327.8107821420726,136,128,1600,1056.0,1320.0,"{'TP': 102, 'MH': 74, 'MFE': 59, 'MHx': 14, 'BE': 13, 'SN': 2}",4985.398353568944,173,4972.7600556966045,1604.39059173886,91,1617.0288896111997,283.57265568319264,37,283.57265568319326,1863.3050725794126,1863.3050725794124,879.9688961545463,879.9688961545462,891.3272505761637,891.3272505761634,1225.6368821037695,1225.6368821037709,1360.8308727919775,1360.8308727919766,368.71997110193485,368.7199711019348,264,0,0,0,0,0,0.0,0.0,0.0,0,0.0
joint_101,fixed_joint,101,flat,0,264,6605.757837643391,6605.75,60.60606060606061,2.506279147468169,409.80153209132186,415.92899567095355,6605.757837643392,0.0,0,-365.36244904603336,3261.9781631657315,3343.7796744776597,136,128,1598,1056.0,1320.0,"{'TP': 102, 'MH': 74, 'MFE': 59, 'MHx': 14, 'BE': 13, 'SN': 2}",5001.367245904531,173,4988.7289480321915,1604.39059173886,91,1617.0288896112006,283.57265568319264,37,283.57265568319326,1863.3050725794126,1863.3050725794124,895.9377884901332,895.9377884901332,891.3272505761637,891.3272505761634,1225.6368821037695,1225.6368821037709,1360.8308727919775,1360.8308727919775,368.71997110193485,368.7199711019348,264,0,0,1,0,0,0.0,0.0,15.96889233558692,1,15.968892335587043
joint_102,fixed_joint,102,flat,0,263,6634.929382412702,6634.92,60.836501901140686,2.523062170666787,409.80153209132186,415.92899567095355,6634.9293824127035,0.0,0,-365.36244904603336,3291.149707935043,3343.7796744776597,135,128,1591,1052.0,1315.0,"{'TP': 102, 'MH': 73, 'MFE': 59, 'MHx': 14, 'BE': 13, 'SN': 2}",5030.538790673842,172,5017.900492801503,1604.39059173886,91,1617.0288896112006,283.57265568319264,37,283.57265568319326,1892.476617348724,1892.4766173487237,895.9377884901332,895.9377884901332,891.3272505761637,891.3272505761634,1225.6368821037695,1225.6368821037709,1360.8308727919775,1360.8308727919775,368.71997110193485,368.7199711019348,263,1,0,1,0,1,-29.171544769311488,0.0,15.96889233558692,2,45.1404371048975
joint_103,fixed_joint,103,flat,0,263,6458.9696545284605,6458.959999999999,60.45627376425855,2.470996664760133,409.80153209132186,415.92899567095355,6458.969654528462,0.0,0,-365.36244904603336,3149.76089600203,3309.20875852643,134,129,1593,1052.0,1315.0,"{'TP': 101, 'MH': 74, 'MFE': 59, 'MHx': 14, 'BE': 13, 'SN': 2}",4854.5790627896,172,4841.940764917262,1604.39059173886,91,1617.0288896112006,283.57265568319264,37,283.57265568319326,1751.087805415711,1751.087805415711,861.3668725389042,861.3668725389048,891.3272505761637,891.3272505761634,1225.6368821037695,1225.6368821037709,1360.8308727919775,1360.8308727919775,368.71997110193485,368.7199711019348,262,2,1,1,1,1,112.21726716370151,-34.57091595122908,15.96889233558692,4,-130.81929077934365
joint_104,fixed_joint,104,flat,0,261,6307.394649406643,6307.379999999999,59.77011494252874,2.436953748628821,409.80153209132186,415.92899567095355,6307.394649406643,0.0,0,-365.36244904603336,3049.425141850012,3257.9695075566306,133,128,1583,1044.0,1305.0,"{'TP': 100, 'MH': 75, 'MFE': 57, 'MHx': 14, 'BE': 13, 'SN': 2}",4754.243308637582,171,4741.605010765243,1553.1513407690607,90,1565.7896386414004,283.57265568319264,37,283.57265568319326,1625.1951900883769,1625.1951900883769,861.3668725389042,861.3668725389039,891.3272505761637,891.3272505761634,1251.1937432790858,1251.193743279087,1309.591621822178,1309.5916218221773,368.71997110193485,368.7199711019348,259,5,2,2,4,1,265.2513656809424,-58.66868373112184,41.52575351090321,9,-282.39429590116106
joint_105,fixed_joint,105,flat,0,261,6429.361904105593,6429.35,60.15325670498084,2.474261500048126,409.80153209132186,415.92899567095355,6429.3619041055945,0.0,0,-365.36244904603336,3167.1423001462467,3262.2196039593455,133,128,1580,1044.0,1305.0,"{'TP': 100, 'MH': 74, 'MFE': 58, 'MHx': 14, 'BE': 13, 'SN': 2}",4876.210563336532,171,4863.572265464193,1553.1513407690607,90,1565.7896386414013,283.57265568319264,37,283.57265568319326,1742.9123483846115,1742.912348384611,865.8124086810328,865.8124086810335,891.3272505761637,891.3272505761638,1250.998303539672,1250.998303539673,1309.591621822178,1309.5916218221782,368.71997110193485,368.7199711019348,260,4,1,4,3,1,171.63197516460053,-34.57091595122908,45.77584991361806,9,-160.4270412022115
joint_106,fixed_joint,106,flat,0,261,6429.361904105593,6429.35,60.15325670498084,2.474261500048126,409.80153209132186,415.92899567095355,6429.3619041055945,0.0,0,-365.36244904603336,3167.1423001462467,3262.2196039593455,133,128,1580,1044.0,1305.0,"{'TP': 100, 'MH': 74, 'MFE': 58, 'MHx': 14, 'BE': 13, 'SN': 2}",4876.210563336532,171,4863.572265464193,1553.1513407690607,90,1565.7896386414013,283.57265568319264,37,283.57265568319326,1742.9123483846115,1742.912348384611,865.8124086810328,865.8124086810335,891.3272505761637,891.3272505761638,1250.998303539672,1250.998303539673,1309.591621822178,1309.5916218221782,368.71997110193485,368.7199711019348,260,4,1,4,3,1,171.63197516460053,-34.57091595122908,45.77584991361806,9,-160.4270412022115
joint_107,fixed_joint,107,flat,0,267,6676.689180808486,6676.68,60.67415730337079,2.5236645123946824,409.80153209132186,415.92899567095355,6676.6891808084865,0.0,0,-365.36244904603336,3173.5121888906483,3503.176991917837,134,133,1626,1068.0,1335.0,"{'TP': 103, 'MH': 75, 'MFE': 59, 'MHx': 15, 'BE': 13, 'SN': 2}",4876.210563336532,171,4863.572265464193,1800.4786174719527,96,1813.1169153442934,381.40022153040036,38,381.4002215304008,1742.9123483846115,1742.912348384611,865.8124086810328,865.8124086810335,891.3272505761637,891.3272505761638,1250.998303539672,1250.998303539673,1459.0913326778625,1459.0913326778627,466.5475369491424,466.54753694914234,259,5,8,4,3,2,112.29413894453492,153.41852453159757,45.77584991361806,17,86.90023550068145
joint_108,fixed_joint,108,flat,0,268,6611.268046790488,6611.26,60.447761194029844,2.486541604178854,409.80153209132186,415.92899567095355,6611.26804679049,0.0,0,-365.36244904603336,3173.5121888906483,3437.75585789984,134,134,1636,1072.0,1340.0,"{'TP': 103, 'MH': 76, 'MFE': 59, 'MHx': 15, 'BE': 13, 'SN': 2}",4876.210563336532,171,4863.572265464193,1735.0574834539564,97,1747.695781326297,381.40022153040036,38,381.4002215304008,1742.9123483846115,1742.912348384611,865.8124086810328,865.8124086810335,891.3272505761637,891.3272505761638,1250.998303539672,1250.998303539673,1393.670198659866,1393.6701986598664,466.5475369491424,466.54753694914234,259,5,9,4,3,2,112.29413894453492,87.99739051360098,45.77584991361806,18,21.4791014826842
joint_109,fixed_joint,109,flat,0,269,6642.855429408501,6642.85,60.594795539033456,2.49364401752777,409.80153209132186,415.92899567095355,6642.8554294085025,0.0,0,-365.36244904603336,3173.5121888906483,3469.343240517853,134,135,1648,1076.0,1345.0,"{'TP': 103, 'MH': 76, 'MFE': 59, 'MHx': 16, 'BE': 13, 'SN': 2}",4907.797945954545,172,4895.159648082205,1735.0574834539564,97,1747.695781326297,381.40022153040036,38,381.4002215304008,1742.9123483846115,1742.912348384611,865.8124086810328,865.8124086810335,922.9146331941763,922.9146331941761,1250.998303539672,1250.998303539673,1393.670198659866,1393.6701986598664,466.5475369491424,466.54753694914234,259,5,10,4,3,2,112.29413894453492,119.58477313161343,45.77584991361806,19,53.06648410069647
gate_only_100,fixed_gate_only,100,flat,0,264,6589.788945307804,6589.78,60.60606060606061,2.497186119638513,409.80153209132186,415.92899567095355,6589.788945307804,0.0,0,-365.36244904603336,3261.9781631657315,3327.8107821420726,136,128,1600,1056.0,1320.0,"{'TP': 102, 'MH': 74, 'MFE': 59, 'MHx': 14, 'BE': 13, 'SN': 2}",4985.398353568944,173,4972.7600556966045,1604.39059173886,91,1617.0288896111997,283.57265568319264,37,283.57265568319326,1863.3050725794126,1863.3050725794124,879.9688961545463,879.9688961545462,891.3272505761637,891.3272505761634,1225.6368821037695,1225.6368821037709,1360.8308727919775,1360.8308727919766,368.71997110193485,368.7199711019348,264,0,0,0,0,0,0.0,0.0,0.0,0,0.0
gate_only_101,fixed_gate_only,101,flat,0,264,6589.788945307804,6589.78,60.60606060606061,2.497186119638513,409.80153209132186,415.92899567095355,6589.788945307804,0.0,0,-365.36244904603336,3261.9781631657315,3327.8107821420726,136,128,1600,1056.0,1320.0,"{'TP': 102, 'MH': 74, 'MFE': 59, 'MHx': 14, 'BE': 13, 'SN': 2}",4985.398353568944,173,4972.7600556966045,1604.39059173886,91,1617.0288896111997,283.57265568319264,37,283.57265568319326,1863.3050725794126,1863.3050725794124,879.9688961545463,879.9688961545462,891.3272505761637,891.3272505761634,1225.6368821037695,1225.6368821037709,1360.8308727919775,1360.8308727919766,368.71997110193485,368.7199711019348,264,0,0,0,0,0,0.0,0.0,0.0,0,0.0
gate_only_102,fixed_gate_only,102,flat,0,263,6618.9604900771155,6618.95,60.836501901140686,2.513847178045135,409.80153209132186,415.92899567095355,6618.9604900771155,0.0,0,-365.36244904603336,3291.149707935043,3327.8107821420726,135,128,1593,1052.0,1315.0,"{'TP': 102, 'MH': 73, 'MFE': 59, 'MHx': 14, 'BE': 13, 'SN': 2}",5014.569898338255,172,5001.931600465916,1604.39059173886,91,1617.0288896111997,283.57265568319264,37,283.57265568319326,1892.476617348724,1892.4766173487237,879.9688961545463,879.9688961545462,891.3272505761637,891.3272505761634,1225.6368821037695,1225.6368821037709,1360.8308727919775,1360.8308727919766,368.71997110193485,368.7199711019348,263,1,0,0,0,1,-29.171544769311488,0.0,0.0,1,29.171544769311367
gate_only_103,fixed_gate_only,103,flat,0,263,6443.0007621928735,6442.99,60.45627376425855,2.4620426294015525,409.80153209132186,415.92899567095355,6443.000762192874,0.0,0,-365.36244904603336,3149.76089600203,3293.239866190843,134,129,1595,1052.0,1315.0,"{'TP': 101, 'MH': 74, 'MFE': 59, 'MHx': 14, 'BE': 13, 'SN': 2}",4838.610170454013,172,4825.971872581674,1604.39059173886,91,1617.0288896112006,283.57265568319264,37,283.57265568319326,1751.087805415711,1751.087805415711,845.3979802033172,845.3979802033177,891.3272505761637,891.3272505761634,1225.6368821037695,1225.63688210377,1360.8308727919775,1360.8308727919775,368.71997110193485,368.7199711019348,262,2,1,0,1,1,112.21726716370151,-34.57091595122908,0.0,3,-146.7881831149307
gate_only_104,fixed_gate_only,104,flat,0,261,6265.86889589574,6265.85,59.77011494252874,2.4141152106699835,409.80153209132186,415.92899567095355,6265.86889589574,0.0,0,-365.36244904603336,3023.8682806746956,3242.0006152210435,133,128,1584,1044.0,1305.0,"{'TP': 100, 'MH': 75, 'MFE': 57, 'MHx': 14, 'BE': 13, 'SN': 2}",4712.717555126679,171,4700.07925725434,1553.1513407690607,90,1565.7896386414004,283.57265568319264,37,283.57265568319326,1625.1951900883769,1625.1951900883769,845.3979802033172,845.3979802033168,891.3272505761637,891.3272505761634,1225.6368821037695,1225.6368821037709,1309.591621822178,1309.5916218221773,368.71997110193485,368.7199711019348,259,5,2,0,4,1,265.2513656809424,-58.66868373112184,0.0,7,-323.92004941206415
gate_only_105,fixed_gate_only,105,flat,0,261,6383.586054191975,6383.57,60.15325670498084,2.4485602724817,409.80153209132186,415.92899567095355,6383.586054191975,0.0,0,-365.36244904603336,3141.58543897093,3242.0006152210435,133,128,1585,1044.0,1305.0,"{'TP': 100, 'MH': 74, 'MFE': 58, 'MHx': 14, 'BE': 13, 'SN': 2}",4830.434713422914,171,4817.796415550574,1553.1513407690607,90,1565.7896386414004,283.57265568319264,37,283.57265568319326,1742.9123483846115,1742.912348384611,845.3979802033172,845.3979802033177,891.3272505761637,891.3272505761638,1225.6368821037695,1225.63688210377,1309.591621822178,1309.5916218221773,368.71997110193485,368.7199711019348,260,4,1,0,3,1,171.63197516460053,-34.57091595122908,0.0,5,-206.20289111582952
gate_only_106,fixed_gate_only,106,flat,0,261,6383.586054191975,6383.57,60.15325670498084,2.4485602724817,409.80153209132186,415.92899567095355,6383.586054191975,0.0,0,-365.36244904603336,3141.58543897093,3242.0006152210435,133,128,1585,1044.0,1305.0,"{'TP': 100, 'MH': 74, 'MFE': 58, 'MHx': 14, 'BE': 13, 'SN': 2}",4830.434713422914,171,4817.796415550574,1553.1513407690607,90,1565.7896386414004,283.57265568319264,37,283.57265568319326,1742.9123483846115,1742.912348384611,845.3979802033172,845.3979802033177,891.3272505761637,891.3272505761638,1225.6368821037695,1225.63688210377,1309.591621822178,1309.5916218221773,368.71997110193485,368.7199711019348,260,4,1,0,3,1,171.63197516460053,-34.57091595122908,0.0,5,-206.20289111582952
gate_only_107,fixed_gate_only,107,flat,0,267,6630.913330894868,6630.9,60.67415730337079,2.497573978217595,409.80153209132186,415.92899567095355,6630.913330894867,0.0,0,-365.36244904603336,3147.9553277153323,3482.958003179535,134,133,1631,1068.0,1335.0,"{'TP': 103, 'MH': 75, 'MFE': 59, 'MHx': 15, 'BE': 13, 'SN': 2}",4830.434713422914,171,4817.796415550574,1800.4786174719527,96,1813.1169153442925,381.40022153040036,38,381.4002215304008,1742.9123483846115,1742.912348384611,845.3979802033172,845.3979802033177,891.3272505761637,891.3272505761638,1225.6368821037695,1225.63688210377,1459.0913326778625,1459.0913326778618,466.5475369491424,466.54753694914234,259,5,8,0,3,2,112.29413894453492,153.41852453159757,0.0,13,41.12438558706344
gate_only_108,fixed_gate_only,108,flat,0,268,6565.49219687687,6565.48,60.447761194029844,2.46120915146466,409.80153209132186,415.92899567095355,6565.49219687687,0.0,0,-365.36244904603336,3147.9553277153323,3417.536869161538,134,134,1641,1072.0,1340.0,"{'TP': 103, 'MH': 76, 'MFE': 59, 'MHx': 15, 'BE': 13, 'SN': 2}",4830.434713422914,171,4817.796415550574,1735.0574834539564,97,1747.6957813262961,381.40022153040036,38,381.4002215304008,1742.9123483846115,1742.912348384611,845.3979802033172,845.3979802033177,891.3272505761637,891.3272505761638,1225.6368821037695,1225.63688210377,1393.670198659866,1393.6701986598655,466.5475369491424,466.54753694914234,259,5,9,0,3,2,112.29413894453492,87.99739051360098,0.0,14,-24.296748430933803
gate_only_109,fixed_gate_only,109,flat,0,269,6597.079579494883,6597.07,60.594795539033456,2.4682392066636,409.80153209132186,415.92899567095355,6597.0795794948845,0.0,0,-365.36244904603336,3147.9553277153323,3449.124251779551,134,135,1653,1076.0,1345.0,"{'TP': 103, 'MH': 76, 'MFE': 59, 'MHx': 16, 'BE': 13, 'SN': 2}",4862.022096040926,172,4849.383798168587,1735.0574834539564,97,1747.695781326297,381.40022153040036,38,381.4002215304008,1742.9123483846115,1742.912348384611,845.3979802033172,845.3979802033177,922.9146331941763,922.9146331941761,1225.6368821037695,1225.6368821037709,1393.670198659866,1393.6701986598664,466.5475369491424,466.54753694914234,259,5,10,0,3,2,112.29413894453492,119.58477313161343,0.0,15,7.290634187078467
no_gate_all,fixed_gate_only,100,flat,0,310,5992.976340581838,5992.95,57.096774193548384,2.00655103021959,540.4456759660143,581.8085076138113,5992.976340581838,0.0,0,-506.50488459938697,3029.468907248676,2963.507433333162,156,154,1945,1240.0,1550.0,"{'TP': 110, 'MH': 96, 'MFE': 70, 'MHx': 17, 'BE': 13, 'SN': 4}",4937.733613070302,204,4925.095315197964,1055.2427275115351,106,1067.8810253838737,165.94504604594863,47,165.9450460459475,1621.8464855938278,1621.8464855938282,826.3291385396449,826.3291385396446,1032.0532490905346,1032.0532490905339,1201.700343816551,1201.700343816553,1059.9547620765886,1059.9547620765888,251.09236146469067,251.09236146468902,253,11,57,0,5,6,72.95592414066294,-523.8566805853031,0.0,68,-596.8126047259666
no_gate_L,fixed_gate_only,100,flat,0,285,6310.8072903143475,6310.79,58.94736842105262,2.2479581182443558,423.56976895224125,428.31125990706005,6310.8072903143475,0.0,0,-365.36244904603336,2982.9965081722758,3327.8107821420726,157,128,1706,1140.0,1425.0,"{'TP': 103, 'MH': 82, 'MFE': 69, 'MHx': 15, 'BE': 13, 'SN': 3}",4805.92250496574,190,4793.2842070934,1504.8847853486075,95,1517.5230832209472,211.70697579280082,40,211.70697579280113,1743.625449287615,1743.625449287615,826.143340899756,826.1433408997555,851.0681990676452,851.0681990676449,1259.9252635556722,1259.9252635556732,1333.190746292117,1333.1907462921163,296.8542912115429,296.85429121154266,264,0,21,0,0,0,0.0,-278.981654993456,0.0,21,-278.9816549934567
no_gate_S,fixed_gate_only,100,flat,0,289,6271.957995575294,6271.9400000000005,58.47750865051903,2.183720016414693,540.4456759660143,581.8085076138113,6271.957995575294,0.0,0,-506.50488459938697,3308.450562242131,2963.507433333162,135,154,1839,1156.0,1445.0,"{'TP': 109, 'MH': 88, 'MFE': 60, 'MHx': 16, 'BE': 13, 'SN': 3}",5117.209461673506,187,5104.571163801167,1154.7485339017876,102,1167.3868317741271,237.81072593634053,44,237.81072593633962,1741.5261088856253,1741.5261088856255,880.1546937944353,880.1546937944354,1072.3123005990528,1072.3123005990524,1167.411962364648,1167.4119623646498,1087.5948885764492,1087.59488857645,322.95804135508257,322.95804135508115,253,11,36,0,5,6,72.95592414066294,-244.87502559184725,0.0,47,-317.8309497325099
anchor_joint125,fixed_joint,125,flat,0,265,6629.919358192634,6629.9,61.13207547169811,2.482914445457312,377.5476152675592,408.57822715808925,6629.9193581926365,0.0,0,-333.1085322222707,3127.1121701625184,3502.807188030116,127,138,1644,1060.0,1325.0,"{'TP': 105, 'MH': 74, 'MFE': 54, 'MHx': 15, 'BE': 14, 'SN': 3}",4651.245931810981,166,4638.607633938643,1978.6734263816538,99,1991.3117242539938,582.811787515667,39,582.8117875156677,1679.0197254187917,1679.0197254187915,577.6462784976319,577.6462784976329,984.038008171323,984.0380081713229,1317.6355843919446,1317.6355843919464,1403.620658778534,1403.6206587785337,667.959102934409,667.9591029344092,250,14,15,11,8,6,249.36745483704834,-56.08313867005329,345.5810063919322,40,40.13041288482964
anchor_scaled150,scaled_joint,150,flat,0,257,7036.392510570844,7036.35,62.2568093385214,2.77401386813915,344.1248353734063,408.57822715808925,7036.392510570847,0.0,0,-315.07247035032196,2981.510086751947,4054.8824238188977,130,127,1570,1028.0,1285.0,"{'TP': 102, 'MH': 69, 'MFE': 56, 'BE': 14, 'MHx': 14, 'SN': 2}",5099.683389599483,166,5087.045091727145,1936.709120971361,91,1949.3474188437021,441.6399784350003,35,441.6399784350024,1784.726905912579,1784.726905912579,686.229990081335,686.2299900813357,1210.0809710580497,1210.0809710580502,1436.006917856482,1436.0069178564827,1392.560431808656,1392.5604318086553,526.7872938537423,526.7872938537439,239,25,18,8,10,15,-168.579351910669,223.5480741208067,54.47613923156439,51,446.60356526303985
joint_100,fixed_joint,100,flat,2,259,6231.331266699377,6231.280000000001,59.84555984555985,2.4136967713139423,409.2909131705119,432.84735579914286,6231.331266699379,0.0,0,-377.7714999936543,2971.5332371462528,3259.7980295531233,132,127,1571,1036.0,1295.0,"{'TP': 100, 'MH': 73, 'MFE': 59, 'MHx': 13, 'BE': 12, 'SN': 2}",4679.914661461889,170,4666.478650791686,1551.4166052374876,89,1564.8526159076928,224.31665053552484,37,224.31665053552388,1832.1795944958671,1832.1795944958676,686.1195373081524,686.1195373081532,878.4015963540655,878.4015963540655,1143.6642516330153,1143.6642516330185,1392.612427498626,1392.6124274986241,298.3538594096509,298.3538594096499,259,0,0,0,0,0,0.0,0.0,0.0,0,0.0
joint_101,fixed_joint,101,flat,2,259,6247.306547869666,6247.26,59.84555984555985,2.422476548989023,409.2909131705119,432.84735579914286,6247.306547869666,0.0,0,-377.7714999936543,2971.5332371462528,3275.7733107234117,132,127,1569,1036.0,1295.0,"{'TP': 100, 'MH': 73, 'MFE': 59, 'MHx': 13, 'BE': 12, 'SN': 2}",4695.889942632179,170,4682.453931961974,1551.4166052374876,89,1564.8526159076919,224.31665053552484,37,224.31665053552388,1832.1795944958671,1832.1795944958676,702.094818478441,702.0948184784415,878.4015963540655,878.4015963540655,1143.6642516330153,1143.6642516330185,1392.612427498626,1392.6124274986232,298.3538594096509,298.3538594096499,259,0,0,1,0,0,0.0,0.0,15.975281170288476,1,15.975281170289236
joint_102,fixed_joint,102,flat,2,258,6278.069705698458,6278.02,60.07751937984496,2.439564718997547,409.2909131705119,432.84735579914286,6278.069705698457,0.0,0,-377.7714999936543,3002.2963949750447,3275.7733107234117,131,127,1562,1032.0,1290.0,"{'TP': 100, 'MH': 72, 'MFE': 59, 'MHx': 13, 'BE': 12, 'SN': 2}",4726.65310046097,169,4713.217089790765,1551.4166052374876,89,1564.8526159076919,224.31665053552484,37,224.31665053552388,1862.9427523246586,1862.942752324659,702.094818478441,702.0948184784415,878.4015963540655,878.4015963540651,1143.6642516330153,1143.6642516330185,1392.612427498626,1392.6124274986232,298.3538594096509,298.3538594096499,258,1,0,1,0,1,-30.76315782879155,0.0,15.975281170288476,2,46.738438999081154
joint_103,fixed_joint,103,flat,2,258,6102.159250897801,6102.11,59.68992248062015,2.3877152763310256,409.2909131705119,432.84735579914286,6102.159250897801,0.0,0,-377.7714999936543,2862.567406602093,3239.591844295709,130,128,1564,1032.0,1290.0,"{'TP': 99, 'MH': 73, 'MFE': 59, 'MHx': 13, 'BE': 12, 'SN': 2}",4550.742645660313,169,4537.306634990109,1551.4166052374876,89,1564.8526159076919,224.31665053552484,37,224.31665053552388,1723.2137639517068,1723.2137639517073,665.9133520507368,665.9133520507371,878.4015963540655,878.4015963540651,1143.6642516330153,1143.6642516330185,1392.612427498626,1392.6124274986232,298.3538594096509,298.3538594096499,257,2,1,1,1,1,108.96583054416041,-36.18146642770428,15.975281170288476,4,-129.17201580157598
joint_104,fixed_joint,104,flat,2,256,5953.803870940042,5953.75,58.984375,2.3539326393880224,409.2909131705119,432.84735579914286,5953.8038709400425,0.0,0,-377.7714999936543,2763.875058070611,3189.9288128694297,129,127,1554,1024.0,1280.0,"{'TP': 98, 'MH': 74, 'MFE': 57, 'MHx': 13, 'BE': 12, 'SN': 2}",4452.0502971288315,168,4438.614286458628,1501.7535738112092,88,1515.1895844814144,224.31665053552484,37,224.31665053552388,1598.974774945239,1598.9747749452395,665.9133520507368,665.9133520507371,878.4015963540655,878.4015963540651,1169.2108921080016,1169.2108921080053,1342.9493960723476,1342.9493960723457,298.3538594096509,298.3538594096499,254,5,2,2,4,1,257.17644103255867,-61.87287637205206,41.521921645274915,9,-277.5273957593354
joint_105,fixed_joint,105,flat,2,256,6075.725748569799,6075.66,59.375,2.3911310382481736,409.2909131705119,432.84735579914286,6075.725748569799,0.0,0,-377.7714999936543,2881.5451389190166,3194.1806096507808,129,127,1551,1024.0,1280.0,"{'TP': 98, 'MH': 73, 'MFE': 58, 'MHx': 13, 'BE': 12, 'SN': 2}",4573.972174758589,168,4560.536164088386,1501.7535738112092,88,1515.1895844814135,224.31665053552484,37,224.31665053552388,1716.6448557936446,1716.644855793645,670.3606667630362,670.3606667630365,878.4015963540655,878.4015963540655,1169.0153741770534,1169.0153741770573,1342.9493960723476,1342.9493960723448,298.3538594096509,298.3538594096499,255,4,1,4,3,1,165.1977701285009,-36.18146642770428,45.77371842662634,9,-155.60551812957783
joint_106,fixed_joint,106,flat,2,256,6075.725748569799,6075.66,59.375,2.3911310382481736,409.2909131705119,432.84735579914286,6075.725748569799,0.0,0,-377.7714999936543,2881.5451389190166,3194.1806096507808,129,127,1551,1024.0,1280.0,"{'TP': 98, 'MH': 73, 'MFE': 58, 'MHx': 13, 'BE': 12, 'SN': 2}",4573.972174758589,168,4560.536164088386,1501.7535738112092,88,1515.1895844814135,224.31665053552484,37,224.31665053552388,1716.6448557936446,1716.644855793645,670.3606667630362,670.3606667630365,878.4015963540655,878.4015963540655,1169.0153741770534,1169.0153741770573,1342.9493960723476,1342.9493960723448,298.3538594096509,298.3538594096499,255,4,1,4,3,1,165.1977701285009,-36.18146642770428,45.77371842662634,9,-155.60551812957783
joint_107,fixed_joint,107,flat,2,261,6164.848125142042,6164.790000000001,59.38697318007663,2.3865159478706746,409.2909131705119,432.84735579914286,6164.848125142042,0.0,0,-377.7714999936543,2881.5451389190166,3283.302986223024,129,132,1593,1044.0,1305.0,"{'TP': 100, 'MH': 75, 'MFE': 58, 'MHx': 14, 'BE': 12, 'SN': 2}",4573.972174758589,168,4560.536164088386,1590.875950383452,93,1604.311961053656,320.5866358929736,38,320.5866358929725,1716.6448557936446,1716.644855793645,670.3606667630362,670.3606667630365,878.4015963540655,878.4015963540655,1169.0153741770534,1169.0153741770573,1335.8017872871415,1335.8017872871387,394.62384476709974,394.6238447670985,254,5,7,4,3,2,104.23947468210275,-8.017385301859832,45.77371842662634,16,-66.48314155733533
joint_108,fixed_joint,108,flat,2,262,6097.804098091831,6097.75,59.16030534351145,2.3510650511006927,409.2909131705119,432.84735579914286,6097.804098091832,0.0,0,-377.7714999936543,2881.5451389190166,3216.2589591728147,129,133,1603,1048.0,1310.0,"{'TP': 100, 'MH': 76, 'MFE': 58, 'MHx': 14, 'BE': 12, 'SN': 2}",4573.972174758589,168,4560.536164088386,1523.8319233332415,94,1537.2679340034465,320.5866358929736,38,320.5866358929725,1716.6448557936446,1716.644855793645,670.3606667630362,670.3606667630365,878.4015963540655,878.4015963540655,1169.0153741770534,1169.0153741770573,1268.7577602369315,1268.7577602369292,394.62384476709974,394.6238447670985,254,5,8,4,3,2,104.23947468210275,-75.06141235206988,45.77371842662634,17,-133.52716860754572
joint_109,fixed_joint,109,flat,2,263,6127.8073988465185,6127.75,59.31558935361216,2.357712757457807,409.2909131705119,432.84735579914286,6127.8073988465185,0.0,0,-377.7714999936543,2881.5451389190166,3246.2622599275014,129,134,1615,1052.0,1315.0,"{'TP': 100, 'MH': 76, 'MFE': 58, 'MHx': 15, 'BE': 12, 'SN': 2}",4603.975475513276,169,4590.539464843072,1523.8319233332415,94,1537.2679340034465,320.5866358929736,38,320.5866358929725,1716.6448557936446,1716.644855793645,670.3606667630362,670.3606667630365,908.4048971087524,908.4048971087518,1169.0153741770534,1169.0153741770573,1268.7577602369315,1268.7577602369292,394.62384476709974,394.6238447670985,254,5,9,4,3,2,104.23947468210275,-45.058111597383146,45.77371842662634,18,-103.52386785285853
gate_only_100,fixed_gate_only,100,flat,2,259,6231.331266699377,6231.280000000001,59.84555984555985,2.4136967713139423,409.2909131705119,432.84735579914286,6231.331266699379,0.0,0,-377.7714999936543,2971.5332371462528,3259.7980295531233,132,127,1571,1036.0,1295.0,"{'TP': 100, 'MH': 73, 'MFE': 59, 'MHx': 13, 'BE': 12, 'SN': 2}",4679.914661461889,170,4666.478650791686,1551.4166052374876,89,1564.8526159076928,224.31665053552484,37,224.31665053552388,1832.1795944958671,1832.1795944958676,686.1195373081524,686.1195373081532,878.4015963540655,878.4015963540655,1143.6642516330153,1143.6642516330185,1392.612427498626,1392.6124274986241,298.3538594096509,298.3538594096499,259,0,0,0,0,0,0.0,0.0,0.0,0,0.0
gate_only_101,fixed_gate_only,101,flat,2,259,6231.331266699377,6231.280000000001,59.84555984555985,2.4136967713139423,409.2909131705119,432.84735579914286,6231.331266699379,0.0,0,-377.7714999936543,2971.5332371462528,3259.7980295531233,132,127,1571,1036.0,1295.0,"{'TP': 100, 'MH': 73, 'MFE': 59, 'MHx': 13, 'BE': 12, 'SN': 2}",4679.914661461889,170,4666.478650791686,1551.4166052374876,89,1564.8526159076928,224.31665053552484,37,224.31665053552388,1832.1795944958671,1832.1795944958676,686.1195373081524,686.1195373081532,878.4015963540655,878.4015963540655,1143.6642516330153,1143.6642516330185,1392.612427498626,1392.6124274986241,298.3538594096509,298.3538594096499,259,0,0,0,0,0,0.0,0.0,0.0,0,0.0
gate_only_102,fixed_gate_only,102,flat,2,258,6262.09442452817,6262.039999999999,60.07751937984496,2.430660866832038,409.2909131705119,432.84735579914286,6262.09442452817,0.0,0,-377.7714999936543,3002.2963949750447,3259.7980295531233,131,127,1564,1032.0,1290.0,"{'TP': 100, 'MH': 72, 'MFE': 59, 'MHx': 13, 'BE': 12, 'SN': 2}",4710.677819290682,169,4697.241808620477,1551.4166052374876,89,1564.8526159076928,224.31665053552484,37,224.31665053552388,1862.9427523246586,1862.942752324659,686.1195373081524,686.1195373081532,878.4015963540655,878.4015963540651,1143.6642516330153,1143.6642516330185,1392.612427498626,1392.6124274986241,298.3538594096509,298.3538594096499,258,1,0,0,0,1,-30.76315782879155,0.0,0.0,1,30.763157828792828
gate_only_103,fixed_gate_only,103,flat,2,258,6086.183969727513,6086.129999999999,59.68992248062015,2.3790721084661897,409.2909131705119,432.84735579914286,6086.183969727514,0.0,0,-377.7714999936543,2862.567406602093,3223.6165631254203,130,128,1566,1032.0,1290.0,"{'TP': 99, 'MH': 73, 'MFE': 59, 'MHx': 13, 'BE': 12, 'SN': 2}",4534.767364490025,169,4521.331353819821,1551.4166052374876,89,1564.8526159076928,224.31665053552484,37,224.31665053552388,1723.2137639517068,1723.2137639517073,649.9380708804482,649.9380708804488,878.4015963540655,878.4015963540651,1143.6642516330153,1143.6642516330185,1392.612427498626,1392.6124274986241,298.3538594096509,298.3538594096499,257,2,1,0,1,1,108.96583054416041,-36.18146642770428,0.0,3,-145.1472969718643
gate_only_104,fixed_gate_only,104,flat,2,256,5912.281949294767,5912.23,58.984375,2.3319138980734895,409.2909131705119,432.84735579914286,5912.281949294767,0.0,0,-377.7714999936543,2738.328417595624,3173.953531699141,129,127,1555,1024.0,1280.0,"{'TP': 98, 'MH': 74, 'MFE': 57, 'MHx': 13, 'BE': 12, 'SN': 2}",4410.528375483557,168,4397.092364813353,1501.7535738112092,88,1515.1895844814144,224.31665053552484,37,224.31665053552388,1598.974774945239,1598.9747749452395,649.9380708804482,649.9380708804488,878.4015963540655,878.4015963540651,1143.6642516330153,1143.6642516330185,1342.9493960723476,1342.9493960723457,298.3538594096509,298.3538594096499,254,5,2,0,4,1,257.17644103255867,-61.87287637205206,0.0,7,-319.0493174046096
gate_only_105,fixed_gate_only,105,flat,2,256,6029.952030143173,6029.9,59.375,2.366330479249682,409.2909131705119,432.84735579914286,6029.952030143173,0.0,0,-377.7714999936543,2855.99849844403,3173.953531699141,129,127,1556,1024.0,1280.0,"{'TP': 98, 'MH': 73, 'MFE': 58, 'MHx': 13, 'BE': 12, 'SN': 2}",4528.198456331963,168,4514.762445661759,1501.7535738112092,88,1515.1895844814144,224.31665053552484,37,224.31665053552388,1716.6448557936446,1716.644855793645,649.9380708804482,649.9380708804488,878.4015963540655,878.4015963540651,1143.6642516330153,1143.6642516330185,1342.9493960723476,1342.9493960723457,298.3538594096509,298.3538594096499,255,4,1,0,3,1,165.1977701285009,-36.18146642770428,0.0,5,-201.37923655620398
gate_only_106,fixed_gate_only,106,flat,2,256,6029.952030143173,6029.9,59.375,2.366330479249682,409.2909131705119,432.84735579914286,6029.952030143173,0.0,0,-377.7714999936543,2855.99849844403,3173.953531699141,129,127,1556,1024.0,1280.0,"{'TP': 98, 'MH': 73, 'MFE': 58, 'MHx': 13, 'BE': 12, 'SN': 2}",4528.198456331963,168,4514.762445661759,1501.7535738112092,88,1515.1895844814144,224.31665053552484,37,224.31665053552388,1716.6448557936446,1716.644855793645,649.9380708804482,649.9380708804488,878.4015963540655,878.4015963540651,1143.6642516330153,1143.6642516330185,1342.9493960723476,1342.9493960723457,298.3538594096509,298.3538594096499,255,4,1,0,3,1,165.1977701285009,-36.18146642770428,0.0,5,-201.37923655620398
gate_only_107,fixed_gate_only,107,flat,2,261,6119.0744067154155,6119.030000000001,59.38697318007663,2.362197553537887,409.2909131705119,432.84735579914286,6119.0744067154155,0.0,0,-377.7714999936543,2855.99849844403,3263.075908271385,129,132,1598,1044.0,1305.0,"{'TP': 100, 'MH': 75, 'MFE': 58, 'MHx': 14, 'BE': 12, 'SN': 2}",4528.198456331963,168,4514.762445661759,1590.875950383452,93,1604.311961053657,320.5866358929736,38,320.5866358929725,1716.6448557936446,1716.644855793645,649.9380708804482,649.9380708804488,878.4015963540655,878.4015963540651,1143.6642516330153,1143.6642516330185,1335.8017872871415,1335.8017872871396,394.62384476709974,394.6238447670985,254,5,7,0,3,2,104.23947468210275,-8.017385301859832,0.0,12,-112.25685998396148
gate_only_108,fixed_gate_only,108,flat,2,262,6052.030379665205,6051.99,59.16030534351145,2.3274602008705587,409.2909131705119,432.84735579914286,6052.030379665204,0.0,0,-377.7714999936543,2855.99849844403,3196.031881221175,129,133,1608,1048.0,1310.0,"{'TP': 100, 'MH': 76, 'MFE': 58, 'MHx': 14, 'BE': 12, 'SN': 2}",4528.198456331963,168,4514.762445661759,1523.8319233332415,94,1537.2679340034456,320.5866358929736,38,320.5866358929725,1716.6448557936446,1716.644855793645,649.9380708804482,649.9380708804488,878.4015963540655,878.4015963540651,1143.6642516330153,1143.6642516330185,1268.7577602369315,1268.7577602369283,394.62384476709974,394.6238447670985,254,5,8,0,3,2,104.23947468210275,-75.06141235206988,0.0,13,-179.30088703417186
gate_only_109,fixed_gate_only,109,flat,2,263,6082.033680419892,6081.99,59.31558935361216,2.334041163811594,409.2909131705119,432.84735579914286,6082.033680419892,0.0,0,-377.7714999936543,2855.99849844403,3226.035181975861,129,134,1620,1052.0,1315.0,"{'TP': 100, 'MH': 76, 'MFE': 58, 'MHx': 15, 'BE': 12, 'SN': 2}",4558.20175708665,169,4544.765746416446,1523.8319233332415,94,1537.2679340034465,320.5866358929736,38,320.5866358929725,1716.6448557936446,1716.644855793645,649.9380708804482,649.9380708804488,908.4048971087524,908.4048971087523,1143.6642516330153,1143.6642516330185,1268.7577602369315,1268.7577602369292,394.62384476709974,394.6238447670985,254,5,9,0,3,2,104.23947468210275,-45.058111597383146,0.0,14,-149.29758627948468
no_gate_all,fixed_gate_only,100,flat,2,303,5662.063124036813,5661.99,56.10561056105611,1.9594437479907727,523.2085604136219,564.5796662825933,5662.063124036812,0.0,0,-526.5370896991108,2863.060960186007,2799.002163850805,149,154,1916,1212.0,1515.0,"{'TP': 108, 'MH': 96, 'MFE': 68, 'MHx': 16, 'BE': 12, 'SN': 3}",4744.99502788429,199,4731.559017214086,917.0680961525218,104,930.5041068227256,90.6819816285863,47,90.68198162858516,1582.5769253160015,1582.576925316002,775.6586298477849,775.658629847786,1000.0226716429329,1000.0226716429329,1119.684146108655,1119.6841461086578,1019.4015606187248,1019.4015606187222,164.71919050271245,164.71919050271117,247,12,56,0,6,6,60.19628517372109,-509.07185748884393,0.0,68,-569.2681426625641
no_gate_L,fixed_gate_only,100,flat,2,278,6079.565958515444,6079.5,58.27338129496403,2.2347839014662916,449.1442431847754,453.08692267549213,6079.565958515444,0.0,0,-377.7714999936543,2819.76792896232,3259.7980295531233,151,127,1671,1112.0,1390.0,"{'TP': 101, 'MH': 81, 'MFE': 68, 'MHx': 14, 'BE': 12, 'SN': 2}",4634.028482681049,185,4620.592472010845,1445.537475834395,93,1458.9734865045994,147.66987313659115,40,147.66987313659047,1707.7379954485382,1707.7379954485386,780.2629159055783,780.2629159055796,830.142248525415,830.1422485254143,1176.3356411307282,1176.3356411307313,1363.3800754944673,1363.380075494464,221.70708201071727,221.70708201071648,259,0,19,0,0,0,0.0,-151.7653081839328,0.0,19,-151.76530818393258
no_gate_S,fixed_gate_only,100,flat,2,284,5813.8284322207455,5813.77,57.3943661971831,2.0795051387226513,523.2085604136219,564.5796662825933,5813.828432220746,0.0,0,-526.5370896991108,3014.8262683699395,2799.002163850805,130,154,1816,1136.0,1420.0,"{'TP': 107, 'MH': 88, 'MFE': 59, 'MHx': 15, 'BE': 12, 'SN': 3}",4790.881206665131,184,4777.445195994927,1022.9472255556141,100,1036.383236225819,167.32875902752,44,167.32875902751857,1707.0185243633305,1707.018524363331,681.515251250359,681.5152512503596,1048.2820194715837,1048.2820194715841,1087.0127566109418,1087.012756610945,1048.6339126228836,1048.6339126228822,241.36596790164612,241.36596790164458,247,12,37,0,6,6,60.19628517372109,-357.30654930491113,0.0,49,-417.5028344786315
anchor_joint125,fixed_joint,125,flat,2,260,6053.397511301706,6053.349999999999,59.61538461538461,2.315965646383726,403.1023947155545,421.32629611272114,6053.397511301708,0.0,0,-345.51199756045025,2806.730321862774,3246.667189438933,123,137,1618,1040.0,1300.0,"{'TP': 102, 'MH': 74, 'MFE': 53, 'BE': 14, 'MHx': 14, 'SN': 3}",4327.500527558815,163,4314.06451688861,1725.896983742892,97,1739.3329944130974,521.7046775652956,39,521.7046775652943,1624.666184889587,1624.6661848895874,385.50622230400677,385.50622230400654,972.7692250481688,972.7692250481689,1237.268716079466,1237.2687160794703,1237.4452765410565,1237.4452765410542,595.7418864394217,595.7418864394203,245,14,15,10,8,6,226.6969443660663,-266.9993932287754,315.7625821971705,39,-177.93375539767112
anchor_scaled150,scaled_joint,150,flat,2,253,6559.106409993228,6559.029999999999,60.86956521739131,2.6048301342328526,360.09981085513937,421.32629611272114,6559.106409993228,0.0,0,-325.87200047671195,2656.376629607336,3902.7297803858924,126,127,1554,1012.0,1265.0,"{'TP': 100, 'MH': 69, 'MFE': 55, 'BE': 14, 'MHx': 13, 'SN': 2}",4775.952698962779,163,4762.516688292575,1783.1537110304494,90,1796.5897217006532,385.6406515520859,35,385.6406515520848,1728.6992663156357,1728.6992663156361,498.9235340923839,498.9235340923842,1195.6981490303951,1195.6981490303951,1358.8468555302065,1358.8468555302097,1317.2607445983945,1317.2607445983922,459.6778604262121,459.6778604262108,235,24,18,7,10,14,-152.58914519875964,150.43054444273633,24.75545365235483,49,327.7751432938512
joint_100,fixed_joint,100,flat,5,263,5761.935715932777,5761.96,58.935361216730044,2.237089178339487,429.2335240003795,455.1683738530055,5761.93571593278,0.0,0,-401.27404164906875,2803.3012157620915,2958.634500170686,136,127,1598,1052.0,1315.0,"{'TP': 99, 'MH': 78, 'MFE': 61, 'MHx': 13, 'BE': 10, 'SN': 2}",4338.683026568831,175,4324.051044687433,1423.252689363946,88,1437.884671245347,150.07043287763852,37,150.0704328776401,1697.4169995388802,1697.4169995388806,726.7576556416599,726.7576556416598,772.3055569330849,772.3055569330845,989.904702575926,989.9047025759269,1353.7940426661785,1353.794042666179,221.75675857704815,221.75675857704937,263,0,0,0,0,0,0.0,0.0,0.0,0,0.0
joint_101,fixed_joint,101,flat,5,263,5777.920585149141,5777.9400000000005,58.935361216730044,2.2447932094241927,429.2335240003795,455.1683738530055,5777.920585149143,0.0,0,-401.27404164906875,2803.3012157620915,2974.619369387049,136,127,1596,1052.0,1315.0,"{'TP': 99, 'MH': 78, 'MFE': 61, 'MHx': 13, 'BE': 10, 'SN': 2}",4354.667895785194,175,4340.035913903796,1423.252689363946,88,1437.884671245347,150.07043287763852,37,150.0704328776401,1697.4169995388802,1697.4169995388806,742.7425248580228,742.7425248580225,772.3055569330849,772.3055569330841,989.904702575926,989.9047025759278,1353.7940426661785,1353.794042666179,221.75675857704815,221.75675857704937,263,0,0,1,0,0,0.0,0.0,15.984869216362853,1,15.984869216363222
joint_102,fixed_joint,102,flat,5,262,5811.069969453914,5811.09,59.16030534351145,2.260940147296891,429.2335240003795,455.1683738530055,5811.069969453915,0.0,0,-401.27404164906875,2836.4506000668653,2974.619369387049,135,127,1589,1048.0,1310.0,"{'TP': 99, 'MH': 77, 'MFE': 61, 'MHx': 13, 'BE': 10, 'SN': 2}",4387.817280089968,174,4373.185298208568,1423.252689363946,88,1437.884671245347,150.07043287763852,37,150.0704328776401,1730.5663838436544,1730.5663838436544,742.7425248580228,742.7425248580216,772.3055569330849,772.3055569330841,989.904702575926,989.9047025759269,1353.7940426661785,1353.794042666179,221.75675857704815,221.75675857704937,262,1,0,1,0,1,-33.14938430477387,0.0,15.984869216362853,2,49.134253521137
joint_103,fixed_joint,103,flat,5,262,5635.230971515973,5635.25,58.778625954198475,2.2126286361421745,429.233524000379,455.1683738530046,5635.230971515975,0.0,0,-401.2740416490683,2699.2101027884573,2936.020868727515,134,128,1591,1048.0,1310.0,"{'TP': 98, 'MH': 78, 'MFE': 61, 'MHx': 13, 'BE': 10, 'SN': 2}",4211.978282152026,174,4197.346300270628,1423.252689363946,88,1437.8846712453478,150.07043287763852,37,150.0704328776401,1593.3258865652465,1593.3258865652465,704.1440241984888,704.1440241984883,772.3055569330849,772.3055569330845,989.904702575926,989.9047025759278,1353.7940426661785,1353.794042666179,221.75675857704815,221.75675857704937,261,2,1,1,1,1,104.0911129736341,-38.59850065953387,15.984869216362853,4,-126.70474441680472
joint_104,fixed_joint,104,flat,5,260,5491.704980122087,5491.72,58.07692307692308,2.181095767042041,429.23352400037857,455.16837385300414,5491.704980122089,0.0,0,-401.27404164906784,2602.9816307495344,2888.7233493725525,133,127,1581,1040.0,1300.0,"{'TP': 97, 'MH': 79, 'MFE': 59, 'MHx': 13, 'BE': 10, 'SN': 2}",4115.749810113103,173,4101.117828231704,1375.9551700089833,87,1390.587151890385,150.07043287763852,37,150.0704328776401,1471.566097440138,1471.566097440138,704.1440241984888,704.1440241984883,772.3055569330849,772.3055569330841,1015.436019662111,1015.4360196621133,1306.4965233112162,1306.4965233112162,221.75675857704815,221.75675857704937,258,5,2,2,4,1,245.06774289698055,-66.67917921625799,41.516186302548,9,-270.23073581069
joint_105,fixed_joint,105,flat,5,260,5613.558828714419,5613.570000000001,58.46153846153847,2.2157574561205795,429.233524000379,455.1683738530046,5613.558828714421,0.0,0,-401.2740416490683,2720.5811307166373,2892.9776979977823,133,127,1578,1040.0,1300.0,"{'TP': 97, 'MH': 78, 'MFE': 60, 'MHx': 13, 'BE': 10, 'SN': 2}",4237.603658705435,173,4222.971676824036,1375.9551700089833,87,1390.587151890385,150.07043287763852,37,150.0704328776401,1589.1655974072407,1589.165597407241,708.5940081006398,708.5940081006393,772.3055569330849,772.3055569330841,1015.2403843851891,1015.2403843851912,1306.4965233112162,1306.4965233112162,221.75675857704815,221.75675857704937,259,4,1,4,3,1,155.5489214866018,-38.59850065953387,45.77053492777717,9,-148.3768872183582
joint_106,fixed_joint,106,flat,5,260,5613.558828714419,5613.570000000001,58.46153846153847,2.2157574561205795,429.233524000379,455.1683738530046,5613.558828714421,0.0,0,-401.2740416490683,2720.5811307166373,2892.9776979977823,133,127,1578,1040.0,1300.0,"{'TP': 97, 'MH': 78, 'MFE': 60, 'MHx': 13, 'BE': 10, 'SN': 2}",4237.603658705435,173,4222.971676824036,1375.9551700089833,87,1390.587151890385,150.07043287763852,37,150.0704328776401,1589.1655974072407,1589.165597407241,708.5940081006398,708.5940081006393,772.3055569330849,772.3055569330841,1015.2403843851891,1015.2403843851912,1306.4965233112162,1306.4965233112162,221.75675857704815,221.75675857704937,259,4,1,4,3,1,155.5489214866018,-38.59850065953387,45.77053492777717,9,-148.3768872183582
joint_107,fixed_joint,107,flat,5,264,5709.053622685112,5709.060000000001,58.71212121212122,2.219181912260853,429.233524000379,455.1683738530046,5709.053622685113,0.0,0,-401.2740416490683,2720.5811307166373,2988.4724919684745,133,131,1610,1056.0,1320.0,"{'TP': 99, 'MH': 79, 'MFE': 60, 'MHx': 14, 'BE': 10, 'SN': 2}",4237.603658705435,173,4222.971676824036,1471.4499639796763,91,1486.0819458610767,244.00287873069712,38,244.00287873069828,1589.1655974072407,1589.165597407241,708.5940081006398,708.5940081006393,772.3055569330849,772.3055569330841,1015.2403843851891,1015.2403843851912,1308.0588714288506,1308.0588714288497,315.68920443010677,315.68920443010757,258,5,6,4,3,2,92.15872124830759,-6.493906927135228,45.77053492777717,15,-52.88209324766558
joint_108,fixed_joint,108,flat,5,265,5639.574038307918,5639.580000000001,58.490566037735846,2.1867361497470803,429.233524000379,455.1683738530046,5639.574038307919,0.0,0,-401.2740416490683,2720.5811307166373,2918.992907591281,133,132,1620,1060.0,1325.0,"{'TP': 99, 'MH': 80, 'MFE': 60, 'MHx': 14, 'BE': 10, 'SN': 2}",4237.603658705435,173,4222.971676824036,1401.9703796024828,92,1416.6023614838832,244.00287873069712,38,244.00287873069828,1589.1655974072407,1589.165597407241,708.5940081006398,708.5940081006393,772.3055569330849,772.3055569330841,1015.2403843851891,1015.2403843851912,1238.5792870516568,1238.5792870516561,315.68920443010677,315.68920443010757,258,5,7,4,3,2,92.15872124830759,-75.9734913043289,45.77053492777717,16,-122.36167762485911
joint_109,fixed_joint,109,flat,5,266,5667.200027611892,5667.210000000001,58.64661654135338,2.192549489541337,429.2335240003795,455.1683738530055,5667.200027611893,0.0,0,-401.27404164906875,2720.5811307166373,2946.6188968952556,133,133,1632,1064.0,1330.0,"{'TP': 99, 'MH': 80, 'MFE': 60, 'MHx': 15, 'BE': 10, 'SN': 2}",4265.22964800941,174,4250.597666128011,1401.9703796024828,92,1416.6023614838823,244.00287873069712,38,244.00287873069828,1589.1655974072407,1589.165597407241,708.5940081006398,708.5940081006393,799.9315462370594,799.9315462370587,1015.2403843851891,1015.2403843851907,1238.5792870516568,1238.5792870516561,315.68920443010677,315.68920443010757,258,5,8,4,3,2,92.15872124830759,-48.347502000354446,45.77053492777717,17,-94.73568832088495
gate_only_100,fixed_gate_only,100,flat,5,263,5761.935715932777,5761.96,58.935361216730044,2.237089178339487,429.2335240003795,455.1683738530055,5761.93571593278,0.0,0,-401.27404164906875,2803.3012157620915,2958.634500170686,136,127,1598,1052.0,1315.0,"{'TP': 99, 'MH': 78, 'MFE': 61, 'MHx': 13, 'BE': 10, 'SN': 2}",4338.683026568831,175,4324.051044687433,1423.252689363946,88,1437.884671245347,150.07043287763852,37,150.0704328776401,1697.4169995388802,1697.4169995388806,726.7576556416599,726.7576556416598,772.3055569330849,772.3055569330845,989.904702575926,989.9047025759269,1353.7940426661785,1353.794042666179,221.75675857704815,221.75675857704937,263,0,0,0,0,0,0.0,0.0,0.0,0,0.0
gate_only_101,fixed_gate_only,101,flat,5,263,5761.935715932777,5761.96,58.935361216730044,2.237089178339487,429.2335240003795,455.1683738530055,5761.93571593278,0.0,0,-401.27404164906875,2803.3012157620915,2958.634500170686,136,127,1598,1052.0,1315.0,"{'TP': 99, 'MH': 78, 'MFE': 61, 'MHx': 13, 'BE': 10, 'SN': 2}",4338.683026568831,175,4324.051044687433,1423.252689363946,88,1437.884671245347,150.07043287763852,37,150.0704328776401,1697.4169995388802,1697.4169995388806,726.7576556416599,726.7576556416598,772.3055569330849,772.3055569330845,989.904702575926,989.9047025759269,1353.7940426661785,1353.794042666179,221.75675857704815,221.75675857704937,263,0,0,0,0,0,0.0,0.0,0.0,0,0.0
gate_only_102,fixed_gate_only,102,flat,5,262,5795.085100237551,5795.110000000001,59.16030534351145,2.253125079375061,429.2335240003795,455.1683738530055,5795.085100237554,0.0,0,-401.27404164906875,2836.4506000668653,2958.634500170686,135,127,1591,1048.0,1310.0,"{'TP': 99, 'MH': 77, 'MFE': 61, 'MHx': 13, 'BE': 10, 'SN': 2}",4371.832410873605,174,4357.200428992207,1423.252689363946,88,1437.884671245347,150.07043287763852,37,150.0704328776401,1730.5663838436544,1730.5663838436544,726.7576556416599,726.7576556416589,772.3055569330849,772.3055569330845,989.904702575926,989.9047025759278,1353.7940426661785,1353.794042666179,221.75675857704815,221.75675857704937,262,1,0,0,0,1,-33.14938430477387,0.0,0.0,1,33.149384304773776
gate_only_103,fixed_gate_only,103,flat,5,262,5619.24610229961,5619.27,58.778625954198475,2.2050438660770255,429.2335240003795,455.1683738530055,5619.246102299611,0.0,0,-401.27404164906875,2699.2101027884573,2920.035999511152,134,128,1593,1048.0,1310.0,"{'TP': 98, 'MH': 78, 'MFE': 61, 'MHx': 13, 'BE': 10, 'SN': 2}",4195.9934129356625,174,4181.361431054264,1423.252689363946,88,1437.884671245347,150.07043287763852,37,150.0704328776401,1593.3258865652465,1593.3258865652465,688.159154982126,688.1591549821255,772.3055569330849,772.3055569330841,989.904702575926,989.9047025759269,1353.7940426661785,1353.794042666179,221.75675857704815,221.75675857704937,261,2,1,0,1,1,104.0911129736341,-38.59850065953387,0.0,3,-142.68961363316703
gate_only_104,fixed_gate_only,104,flat,5,260,5450.188793819539,5450.210000000001,58.07692307692308,2.161793444770116,429.23352400037857,455.16837385300414,5450.188793819539,0.0,0,-401.27404164906784,2577.4503136633493,2872.7384801561902,133,127,1582,1040.0,1300.0,"{'TP': 97, 'MH': 79, 'MFE': 59, 'MHx': 13, 'BE': 10, 'SN': 2}",4074.2336238105554,173,4059.601641929155,1375.9551700089833,87,1390.5871518903837,150.07043287763852,37,150.0704328776401,1471.566097440138,1471.566097440138,688.159154982126,688.1591549821251,772.3055569330849,772.3055569330841,989.904702575926,989.9047025759269,1306.4965233112162,1306.4965233112152,221.75675857704815,221.75675857704937,258,5,2,0,4,1,245.06774289698055,-66.67917921625799,0.0,7,-311.7469221132387
gate_only_105,fixed_gate_only,105,flat,5,260,5567.788293786642,5567.81,58.46153846153847,2.194008770731238,429.2335240003795,455.1683738530055,5567.7882937866425,0.0,0,-401.27404164906875,2695.0498136304523,2872.7384801561902,133,127,1583,1040.0,1300.0,"{'TP': 97, 'MH': 78, 'MFE': 60, 'MHx': 13, 'BE': 10, 'SN': 2}",4191.833123777658,173,4177.201141896258,1375.9551700089833,87,1390.5871518903841,150.07043287763852,37,150.0704328776401,1589.1655974072407,1589.165597407241,688.159154982126,688.1591549821255,772.3055569330849,772.3055569330845,989.904702575926,989.904702575926,1306.4965233112162,1306.4965233112162,221.75675857704815,221.75675857704937,259,4,1,0,3,1,155.5489214866018,-38.59850065953387,0.0,5,-194.1474221461358
gate_only_106,fixed_gate_only,106,flat,5,260,5567.788293786642,5567.81,58.46153846153847,2.194008770731238,429.2335240003795,455.1683738530055,5567.7882937866425,0.0,0,-401.27404164906875,2695.0498136304523,2872.7384801561902,133,127,1583,1040.0,1300.0,"{'TP': 97, 'MH': 78, 'MFE': 60, 'MHx': 13, 'BE': 10, 'SN': 2}",4191.833123777658,173,4177.201141896258,1375.9551700089833,87,1390.5871518903841,150.07043287763852,37,150.0704328776401,1589.1655974072407,1589.165597407241,688.159154982126,688.1591549821255,772.3055569330849,772.3055569330845,989.904702575926,989.904702575926,1306.4965233112162,1306.4965233112162,221.75675857704815,221.75675857704937,259,4,1,0,3,1,155.5489214866018,-38.59850065953387,0.0,5,-194.1474221461358
gate_only_107,fixed_gate_only,107,flat,5,264,5663.283087757334,5663.3,58.71212121212122,2.1977006932969987,429.2335240003795,455.1683738530055,5663.283087757334,0.0,0,-401.27404164906875,2695.0498136304523,2968.233274126883,133,131,1615,1056.0,1320.0,"{'TP': 99, 'MH': 79, 'MFE': 60, 'MHx': 14, 'BE': 10, 'SN': 2}",4191.833123777658,173,4177.201141896258,1471.4499639796763,91,1486.0819458610758,244.00287873069712,38,244.00287873069828,1589.1655974072407,1589.165597407241,688.159154982126,688.1591549821255,772.3055569330849,772.3055569330845,989.904702575926,989.904702575926,1308.0588714288506,1308.0588714288497,315.68920443010677,315.68920443010757,258,5,6,0,3,2,92.15872124830759,-6.493906927135228,0.0,11,-98.65262817544317
gate_only_108,fixed_gate_only,108,flat,5,265,5593.803503380141,5593.820000000001,58.490566037735846,2.16587552308675,429.2335240003795,455.1683738530055,5593.803503380141,0.0,0,-401.27404164906875,2695.0498136304523,2898.7536897496893,133,132,1625,1060.0,1325.0,"{'TP': 99, 'MH': 80, 'MFE': 60, 'MHx': 14, 'BE': 10, 'SN': 2}",4191.833123777658,173,4177.201141896258,1401.9703796024828,92,1416.6023614838823,244.00287873069712,38,244.00287873069828,1589.1655974072407,1589.165597407241,688.159154982126,688.1591549821255,772.3055569330849,772.3055569330845,989.904702575926,989.904702575926,1238.5792870516568,1238.5792870516561,315.68920443010677,315.68920443010757,258,5,7,0,3,2,92.15872124830759,-75.9734913043289,0.0,12,-168.1322125526367
gate_only_109,fixed_gate_only,109,flat,5,266,5621.429492684116,5621.450000000001,58.64661654135338,2.1716334058423916,429.233524000379,455.1683738530046,5621.429492684117,0.0,0,-401.2740416490683,2695.0498136304523,2926.3796790536635,133,133,1637,1064.0,1330.0,"{'TP': 99, 'MH': 80, 'MFE': 60, 'MHx': 15, 'BE': 10, 'SN': 2}",4219.4591130816325,174,4204.827131200233,1401.9703796024828,92,1416.6023614838832,244.00287873069712,38,244.00287873069828,1589.1655974072407,1589.165597407241,688.159154982126,688.1591549821255,799.9315462370594,799.9315462370591,989.904702575926,989.9047025759273,1238.5792870516568,1238.5792870516561,315.68920443010677,315.68920443010757,258,5,8,0,3,2,92.15872124830759,-48.347502000354446,0.0,13,-140.50622324866163
no_gate_all,fixed_gate_only,100,flat,5,307,5015.550836729598,5015.5599999999995,55.048859934853425,1.7916132534880256,573.6084375736082,596.990970236865,5015.5508367296,0.0,0,-502.5684242294833,2475.99653704067,2539.5542996889276,154,153,1932,1228.0,1535.0,"{'TP': 107, 'MH': 100, 'MFE': 70, 'MHx': 16, 'BE': 10, 'SN': 4}",4217.724813710558,205,4203.092831829159,797.8260230190391,102,812.4580049004408,-7.582041627631046,47,-7.582041627628314,1435.5992389158073,1435.5992389158068,616.6055607730168,616.6055607730164,924.5714027730197,924.5714027730191,1011.0376042921225,1011.0376042921239,963.6327459038532,963.6327459038525,64.10428407177872,64.10428407178097,250,13,57,0,6,7,-13.681125539846676,-760.0660047430263,0.0,70,-746.3848792031795
no_gate_L,fixed_gate_only,100,flat,5,283,5386.554616344958,5386.570000000001,56.8904593639576,2.004190216085219,487.50125182992724,492.1420959934103,5386.55461634496,0.0,0,-401.27404164906784,2427.9201161742717,2958.634500170686,156,127,1696,1132.0,1415.0,"{'TP': 100, 'MH': 86, 'MFE': 70, 'MHx': 14, 'BE': 10, 'SN': 3}",4078.7362632999066,191,4064.104281418509,1307.81835304505,92,1322.450334926451,66.25559324700865,40,66.25559324701044,1565.836006555222,1565.836006555222,628.3985667372891,628.3985667372885,712.0517618478652,712.0517618478648,1020.1518162802506,1020.1518162802527,1322.1745459779127,1322.1745459779122,137.94191894641838,137.94191894641972,263,0,20,0,0,0,0.0,-375.38109958782,0.0,20,-375.38109958781934
no_gate_S,fixed_gate_only,100,flat,5,287,5390.931936317417,5390.950000000001,56.79442508710801,1.9576323413617713,500.4388958856798,541.822419295182,5390.93193631742,0.0,0,-502.56842422948375,2851.37763662849,2539.5542996889276,134,153,1834,1148.0,1435.0,"{'TP': 106, 'MH': 92, 'MFE': 61, 'MHx': 15, 'BE': 10, 'SN': 3}",4477.671576979483,189,4463.039595098084,913.2603593379351,98,927.8923412193362,76.23279800299885,44,76.23279800300134,1567.1802318994653,1567.180231899465,714.9646496773876,714.9646496773876,984.8251978582394,984.8251978582384,980.7904905877979,980.7904905877995,995.2522425921193,995.2522425921188,147.91912370240865,147.91912370241062,250,13,37,0,6,7,-13.681125539846676,-384.68490515520637,0.0,50,-371.00377961536014
anchor_joint125,fixed_joint,125,flat,5,262,5644.334988818917,5644.33,58.778625954198475,2.178478095674535,406.1046621554824,440.44249124024054,5644.3349888189205,0.0,0,-378.1451798041717,2693.1374356494853,2951.197553169433,126,136,1627,1048.0,1310.0,"{'TP': 101, 'MH': 77, 'MFE': 55, 'MHx': 14, 'BE': 12, 'SN': 3}",4012.6253566016044,168,3997.9933747202062,1631.709632217313,94,1646.3416140987142,444.682988994406,39,444.6829889944074,1508.8213788731273,1508.8213788731273,428.70220211574053,428.70220211573974,869.1525182571977,869.1525182571988,1076.7800073211552,1076.7800073211565,1244.5095675578812,1244.5095675578814,516.3693146938157,516.3693146938167,249,14,13,10,8,6,192.70087937023555,-240.56061387729892,315.66076613367426,37,-117.60072711386056
anchor_scaled150,scaled_joint,150,flat,5,255,6120.774838727397,6120.78,59.6078431372549,2.429288412869203,384.0575587008716,440.4424912402401,6120.7748387274,0.0,0,-356.09807634956087,2535.6598920524184,3585.1149466749794,129,126,1564,1020.0,1275.0,"{'TP': 98, 'MH': 73, 'MFE': 57, 'MHx': 13, 'BE': 12, 'SN': 2}",4520.411423771744,168,4505.779441890346,1600.3634149556538,87,1614.9953968370537,316.28189502189406,35,316.28189502189525,1610.3445452311305,1610.3445452311307,549.3735412247892,549.3735412247888,1146.7149462628963,1146.7149462628963,1203.1731875473788,1203.173187547381,1223.2003977398988,1223.200397739898,387.9682207213038,387.96822072130453,239,24,16,7,10,14,-210.6187916674676,123.4201728951349,24.800158232017292,47,358.83912279461947
joint_100,fixed_joint,100,schedule,0,264,6420.240230064343,6420.219999999999,60.60606060606061,2.3336202647012656,623.6204673222901,630.7327037545174,6420.240230064341,0.0,0,-418.47409725129455,3211.6751618463695,3208.565068217973,136,128,1600,1136.0,1320.0,"{'TP': 102, 'MH': 74, 'MFE': 59, 'MHx': 14, 'BE': 13, 'SN': 2}",4985.398353568944,173,4972.7600556966045,1434.8418764953992,91,1447.4801743677363,114.02394043973177,37,114.02394043972981,1863.3050725794126,1863.3050725794124,879.9688961545463,879.9688961545462,891.3272505761637,891.3272505761634,1225.6368821037695,1225.6368821037709,1360.8308727919775,1360.8308727919766,199.17125585847376,199.17125585847134,264,0,0,0,0,0,0.0,0.0,0.0,0,0.0
joint_101,fixed_joint,101,schedule,0,264,6436.2091223999305,6436.19,60.60606060606061,2.3413868277293903,623.6204673222901,630.7327037545174,6436.209122399929,0.0,0,-418.47409725129455,3211.6751618463695,3224.53396055356,136,128,1598,1136.0,1320.0,"{'TP': 102, 'MH': 74, 'MFE': 59, 'MHx': 14, 'BE': 13, 'SN': 2}",5001.367245904531,173,4988.7289480321915,1434.8418764953992,91,1447.4801743677372,114.02394043973177,37,114.02394043972981,1863.3050725794126,1863.3050725794124,895.9377884901332,895.9377884901332,891.3272505761637,891.3272505761634,1225.6368821037695,1225.6368821037709,1360.8308727919775,1360.8308727919775,199.17125585847376,199.17125585847134,264,0,0,1,0,0,0.0,0.0,15.96889233558692,1,15.968892335587043
joint_102,fixed_joint,102,schedule,0,263,6465.380667169242,6465.360000000001,60.836501901140686,2.355708869482668,623.6204673222901,630.7327037545174,6465.38066716924,0.0,0,-418.47409725129455,3240.846706615681,3224.53396055356,135,128,1591,1132.0,1315.0,"{'TP': 102, 'MH': 73, 'MFE': 59, 'MHx': 14, 'BE': 13, 'SN': 2}",5030.538790673842,172,5017.900492801503,1434.8418764953992,91,1447.4801743677372,114.02394043973177,37,114.02394043972981,1892.476617348724,1892.4766173487237,895.9377884901332,895.9377884901332,891.3272505761637,891.3272505761634,1225.6368821037695,1225.6368821037709,1360.8308727919775,1360.8308727919775,199.17125585847376,199.17125585847134,263,1,0,1,0,1,-29.171544769311488,0.0,15.96889233558692,2,45.14043710489841
joint_103,fixed_joint,103,schedule,0,263,6289.420939285001,6289.4,60.45627376425855,2.309320951882782,623.6204673222901,630.7327037545174,6289.420939284999,0.0,0,-418.47409725129455,3099.457894682668,3189.963044602331,134,129,1593,1132.0,1315.0,"{'TP': 101, 'MH': 74, 'MFE': 59, 'MHx': 14, 'BE': 13, 'SN': 2}",4854.5790627896,172,4841.940764917262,1434.8418764953992,91,1447.4801743677372,114.02394043973177,37,114.02394043972981,1751.087805415711,1751.087805415711,861.3668725389042,861.3668725389048,891.3272505761637,891.3272505761634,1225.6368821037695,1225.6368821037709,1360.8308727919775,1360.8308727919775,199.17125585847376,199.17125585847134,262,2,1,1,1,1,112.21726716370151,-34.57091595122908,15.96889233558692,4,-130.81929077934274
joint_104,fixed_joint,104,schedule,0,261,6137.845934163182,6137.82,59.77011494252874,2.27815456663884,623.6204673222901,630.7327037545174,6137.84593416318,0.0,0,-418.47409725129455,2999.1221405306505,3138.723793632532,133,128,1583,1124.0,1305.0,"{'TP': 100, 'MH': 75, 'MFE': 57, 'MHx': 14, 'BE': 13, 'SN': 2}",4754.243308637582,171,4741.605010765243,1383.6026255255997,90,1396.240923397937,114.02394043973177,37,114.02394043972981,1625.1951900883769,1625.1951900883769,861.3668725389042,861.3668725389039,891.3272505761637,891.3272505761634,1251.1937432790858,1251.193743279087,1309.591621822178,1309.5916218221773,199.17125585847376,199.17125585847134,259,5,2,2,4,1,265.2513656809424,-58.66868373112184,41.52575351090321,9,-282.39429590116106
joint_105,fixed_joint,105,schedule,0,261,6259.813188862132,6259.79,60.15325670498084,2.311294052428014,623.6204673222901,630.7327037545174,6259.813188862131,0.0,0,-418.47409725129455,3116.839298826885,3142.9738900352468,133,128,1580,1124.0,1305.0,"{'TP': 100, 'MH': 74, 'MFE': 58, 'MHx': 14, 'BE': 13, 'SN': 2}",4876.210563336532,171,4863.572265464193,1383.6026255255997,90,1396.2409233979379,114.02394043973177,37,114.02394043972981,1742.9123483846115,1742.912348384611,865.8124086810328,865.8124086810335,891.3272505761637,891.3272505761638,1250.998303539672,1250.998303539673,1309.591621822178,1309.5916218221782,199.17125585847376,199.17125585847134,260,4,1,4,3,1,171.63197516460053,-34.57091595122908,45.77584991361806,9,-160.4270412022115
joint_106,fixed_joint,106,schedule,0,261,6259.813188862132,6259.79,60.15325670498084,2.311294052428014,623.6204673222901,630.7327037545174,6259.813188862131,0.0,0,-418.47409725129455,3116.839298826885,3142.9738900352468,133,128,1580,1124.0,1305.0,"{'TP': 100, 'MH': 74, 'MFE': 58, 'MHx': 14, 'BE': 13, 'SN': 2}",4876.210563336532,171,4863.572265464193,1383.6026255255997,90,1396.2409233979379,114.02394043973177,37,114.02394043972981,1742.9123483846115,1742.912348384611,865.8124086810328,865.8124086810335,891.3272505761637,891.3272505761638,1250.998303539672,1250.998303539673,1309.591621822178,1309.5916218221782,199.17125585847376,199.17125585847134,260,4,1,4,3,1,171.63197516460053,-34.57091595122908,45.77584991361806,9,-160.4270412022115
joint_107,fixed_joint,107,schedule,0,267,6661.381814335836,6661.36,60.67415730337079,2.389325091097846,482.1610421303503,532.5704109283042,6661.381814335835,0.0,0,-374.1794108790991,3123.2091875712867,3538.172626764549,134,133,1626,1154.0,1335.0,"{'TP': 103, 'MH': 75, 'MFE': 59, 'MHx': 15, 'BE': 13, 'SN': 2}",4876.210563336532,171,4863.572265464193,1785.1712509993035,96,1797.8095488716417,366.0928550577511,38,366.09285505774915,1742.9123483846115,1742.912348384611,865.8124086810328,865.8124086810335,891.3272505761637,891.3272505761638,1250.998303539672,1250.998303539673,1459.0913326778625,1459.0913326778627,451.2401704764931,451.2401704764907,259,5,8,4,3,2,112.29413894453492,307.6598733024092,45.77584991361806,17,241.14158427149232
joint_108,fixed_joint,108,schedule,0,268,6595.960680317839,6595.9400000000005,60.447761194029844,2.357162783912574,482.1610421303503,532.5704109283042,6595.9606803178385,0.0,0,-374.1794108790991,3123.2091875712867,3472.7514927465527,134,134,1636,1158.0,1340.0,"{'TP': 103, 'MH': 76, 'MFE': 59, 'MHx': 15, 'BE': 13, 'SN': 2}",4876.210563336532,171,4863.572265464193,1719.750116981307,97,1732.3884148536454,366.0928550577511,38,366.09285505774915,1742.9123483846115,1742.912348384611,865.8124086810328,865.8124086810335,891.3272505761637,891.3272505761638,1250.998303539672,1250.998303539673,1393.670198659866,1393.6701986598664,451.2401704764931,451.2401704764907,259,5,9,4,3,2,112.29413894453492,242.2387392844126,45.77584991361806,18,175.72045025349598
joint_109,fixed_joint,109,schedule,0,269,6627.548062935852,6627.529999999999,60.594795539033456,2.3636620979940384,482.1610421303503,532.5704109283042,6627.548062935851,0.0,0,-374.1794108790991,3123.2091875712867,3504.338875364565,134,135,1648,1162.0,1345.0,"{'TP': 103, 'MH': 76, 'MFE': 59, 'MHx': 16, 'BE': 13, 'SN': 2}",4907.797945954545,172,4895.159648082205,1719.750116981307,97,1732.3884148536454,366.0928550577511,38,366.09285505774915,1742.9123483846115,1742.912348384611,865.8124086810328,865.8124086810335,922.9146331941763,922.9146331941761,1250.998303539672,1250.998303539673,1393.670198659866,1393.6701986598664,451.2401704764931,451.2401704764907,259,5,10,4,3,2,112.29413894453492,273.82612190242503,45.77584991361806,19,207.30783287150825
gate_only_100,fixed_gate_only,100,schedule,0,264,6420.240230064343,6420.219999999999,60.60606060606061,2.3336202647012656,623.6204673222901,630.7327037545174,6420.240230064341,0.0,0,-418.47409725129455,3211.6751618463695,3208.565068217973,136,128,1600,1136.0,1320.0,"{'TP': 102, 'MH': 74, 'MFE': 59, 'MHx': 14, 'BE': 13, 'SN': 2}",4985.398353568944,173,4972.7600556966045,1434.8418764953992,91,1447.4801743677363,114.02394043973177,37,114.02394043972981,1863.3050725794126,1863.3050725794124,879.9688961545463,879.9688961545462,891.3272505761637,891.3272505761634,1225.6368821037695,1225.6368821037709,1360.8308727919775,1360.8308727919766,199.17125585847376,199.17125585847134,264,0,0,0,0,0,0.0,0.0,0.0,0,0.0
gate_only_101,fixed_gate_only,101,schedule,0,264,6420.240230064343,6420.219999999999,60.60606060606061,2.3336202647012656,623.6204673222901,630.7327037545174,6420.240230064341,0.0,0,-418.47409725129455,3211.6751618463695,3208.565068217973,136,128,1600,1136.0,1320.0,"{'TP': 102, 'MH': 74, 'MFE': 59, 'MHx': 14, 'BE': 13, 'SN': 2}",4985.398353568944,173,4972.7600556966045,1434.8418764953992,91,1447.4801743677363,114.02394043973177,37,114.02394043972981,1863.3050725794126,1863.3050725794124,879.9688961545463,879.9688961545462,891.3272505761637,891.3272505761634,1225.6368821037695,1225.6368821037709,1360.8308727919775,1360.8308727919766,199.17125585847376,199.17125585847134,264,0,0,0,0,0,0.0,0.0,0.0,0,0.0
gate_only_102,fixed_gate_only,102,schedule,0,263,6449.411774833656,6449.39,60.836501901140686,2.347847160709945,623.6204673222901,630.7327037545174,6449.411774833652,0.0,0,-418.47409725129455,3240.846706615681,3208.565068217973,135,128,1593,1132.0,1315.0,"{'TP': 102, 'MH': 73, 'MFE': 59, 'MHx': 14, 'BE': 13, 'SN': 2}",5014.569898338255,172,5001.931600465916,1434.8418764953992,91,1447.4801743677363,114.02394043973177,37,114.02394043972981,1892.476617348724,1892.4766173487237,879.9688961545463,879.9688961545462,891.3272505761637,891.3272505761634,1225.6368821037695,1225.6368821037709,1360.8308727919775,1360.8308727919766,199.17125585847376,199.17125585847134,263,1,0,0,0,1,-29.171544769311488,0.0,0.0,1,29.171544769312277
gate_only_103,fixed_gate_only,103,schedule,0,263,6273.452046949413,6273.43,60.45627376425855,2.301669335647903,623.6204673222901,630.7327037545174,6273.452046949411,0.0,0,-418.47409725129455,3099.457894682668,3173.994152266744,134,129,1595,1132.0,1315.0,"{'TP': 101, 'MH': 74, 'MFE': 59, 'MHx': 14, 'BE': 13, 'SN': 2}",4838.610170454013,172,4825.971872581674,1434.8418764953992,91,1447.4801743677372,114.02394043973177,37,114.02394043972981,1751.087805415711,1751.087805415711,845.3979802033172,845.3979802033177,891.3272505761637,891.3272505761634,1225.6368821037695,1225.63688210377,1360.8308727919775,1360.8308727919775,199.17125585847376,199.17125585847134,262,2,1,0,1,1,112.21726716370151,-34.57091595122908,0.0,3,-146.7881831149307
gate_only_104,fixed_gate_only,104,schedule,0,261,6096.320180652279,6096.290000000001,59.77011494252874,2.2586233753622857,623.6204673222901,630.7327037545174,6096.320180652277,0.0,0,-418.47409725129455,2973.565279355334,3122.754901296945,133,128,1584,1124.0,1305.0,"{'TP': 100, 'MH': 75, 'MFE': 57, 'MHx': 14, 'BE': 13, 'SN': 2}",4712.717555126679,171,4700.07925725434,1383.6026255255997,90,1396.240923397937,114.02394043973177,37,114.02394043972981,1625.1951900883769,1625.1951900883769,845.3979802033172,845.3979802033168,891.3272505761637,891.3272505761634,1225.6368821037695,1225.6368821037709,1309.591621822178,1309.5916218221773,199.17125585847376,199.17125585847134,259,5,2,0,4,1,265.2513656809424,-58.66868373112184,0.0,7,-323.92004941206415
gate_only_105,fixed_gate_only,105,schedule,0,261,6214.037338948514,6214.01,60.15325670498084,2.2893414652963875,623.6204673222901,630.7327037545174,6214.037338948511,0.0,0,-418.47409725129455,3091.2824376515687,3122.754901296945,133,128,1585,1124.0,1305.0,"{'TP': 100, 'MH': 74, 'MFE': 58, 'MHx': 14, 'BE': 13, 'SN': 2}",4830.434713422914,171,4817.796415550574,1383.6026255255997,90,1396.240923397937,114.02394043973177,37,114.02394043972981,1742.9123483846115,1742.912348384611,845.3979802033172,845.3979802033177,891.3272505761637,891.3272505761638,1225.6368821037695,1225.63688210377,1309.591621822178,1309.5916218221773,199.17125585847376,199.17125585847134,260,4,1,0,3,1,171.63197516460053,-34.57091595122908,0.0,5,-206.20289111582952
gate_only_106,fixed_gate_only,106,schedule,0,261,6214.037338948514,6214.01,60.15325670498084,2.2893414652963875,623.6204673222901,630.7327037545174,6214.037338948511,0.0,0,-418.47409725129455,3091.2824376515687,3122.754901296945,133,128,1585,1124.0,1305.0,"{'TP': 100, 'MH': 74, 'MFE': 58, 'MHx': 14, 'BE': 13, 'SN': 2}",4830.434713422914,171,4817.796415550574,1383.6026255255997,90,1396.240923397937,114.02394043973177,37,114.02394043972981,1742.9123483846115,1742.912348384611,845.3979802033172,845.3979802033177,891.3272505761637,891.3272505761638,1225.6368821037695,1225.63688210377,1309.591621822178,1309.5916218221773,199.17125585847376,199.17125585847134,260,4,1,0,3,1,171.63197516460053,-34.57091595122908,0.0,5,-206.20289111582952
gate_only_107,fixed_gate_only,107,schedule,0,267,6615.605964422218,6615.58,60.67415730337079,2.3667294543537643,482.1610421303503,532.5704109283042,6615.605964422215,0.0,0,-374.1794108790991,3097.6523263959702,3517.953638026247,134,133,1631,1154.0,1335.0,"{'TP': 103, 'MH': 75, 'MFE': 59, 'MHx': 15, 'BE': 13, 'SN': 2}",4830.434713422914,171,4817.796415550574,1785.1712509993035,96,1797.8095488716408,366.0928550577511,38,366.09285505774915,1742.9123483846115,1742.912348384611,845.3979802033172,845.3979802033177,891.3272505761637,891.3272505761638,1225.6368821037695,1225.63688210377,1459.0913326778625,1459.0913326778618,451.2401704764931,451.2401704764907,259,5,8,0,3,2,112.29413894453492,307.6598733024092,0.0,13,195.36573435787432
gate_only_108,fixed_gate_only,108,schedule,0,268,6550.184830404221,6550.16,60.447761194029844,2.3351685653629106,482.1610421303503,532.5704109283042,6550.184830404219,0.0,0,-374.1794108790991,3097.6523263959702,3452.5325040082507,134,134,1641,1158.0,1340.0,"{'TP': 103, 'MH': 76, 'MFE': 59, 'MHx': 15, 'BE': 13, 'SN': 2}",4830.434713422914,171,4817.796415550574,1719.750116981307,97,1732.3884148536445,366.0928550577511,38,366.09285505774915,1742.9123483846115,1742.912348384611,845.3979802033172,845.3979802033177,891.3272505761637,891.3272505761638,1225.6368821037695,1225.63688210377,1393.670198659866,1393.6701986598655,451.2401704764931,451.2401704764907,259,5,9,0,3,2,112.29413894453492,242.2387392844126,0.0,14,129.94460033987798
gate_only_109,fixed_gate_only,109,schedule,0,269,6581.772213022234,6581.749999999999,60.594795539033456,2.341607235633389,482.1610421303503,532.5704109283042,6581.772213022233,0.0,0,-374.1794108790991,3097.6523263959702,3484.119886626263,134,135,1653,1162.0,1345.0,"{'TP': 103, 'MH': 76, 'MFE': 59, 'MHx': 16, 'BE': 13, 'SN': 2}",4862.022096040926,172,4849.383798168587,1719.750116981307,97,1732.3884148536454,366.0928550577511,38,366.09285505774915,1742.9123483846115,1742.912348384611,845.3979802033172,845.3979802033177,922.9146331941763,922.9146331941761,1225.6368821037695,1225.6368821037709,1393.670198659866,1393.6701986598664,451.2401704764931,451.2401704764907,259,5,10,0,3,2,112.29413894453492,273.82612190242503,0.0,15,161.53198295789025
no_gate_all,fixed_gate_only,100,schedule,0,311,5630.85046654247,5630.8099999999995,56.91318327974276,1.826271580300516,988.4034334752323,1060.979699583705,5630.850466542471,0.0,0,-810.546640898644,2945.6707336386517,2685.1797329038195,157,154,1946,1378.0,1555.0,"{'TP': 110, 'MH': 96, 'MFE': 71, 'MHx': 17, 'BE': 13, 'SN': 4}",4937.733613070302,204,4925.095315197964,693.1168534721676,107,705.7551513445069,-196.1808279934188,48,-196.18082799341937,1621.8464855938278,1621.8464855938282,826.3291385396449,826.3291385396446,1032.0532490905346,1032.0532490905339,1201.700343816551,1201.700343816553,1059.9547620765886,1059.9547620765888,-111.03351257467669,-111.03351257467784,253,11,58,0,5,6,0.16973408673715085,-789.2200294351356,0.0,69,-789.3897635218736
no_gate_L,fixed_gate_only,100,schedule,0,286,6044.569145756237,6044.55,58.74125874125874,2.0808508790910962,798.521694095859,805.6339305280862,6044.569145756235,0.0,0,-593.3753240248634,2836.004077538264,3208.565068217973,158,128,1707,1240.0,1430.0,"{'TP': 103, 'MH': 82, 'MFE': 70, 'MHx': 15, 'BE': 13, 'SN': 3}",4805.92250496574,190,4793.2842070934,1238.6466407904973,96,1251.284938662835,-54.53116876530976,41,-54.53116876531112,1743.625449287615,1743.625449287615,826.143340899756,826.1433408997555,851.0681990676452,851.0681990676449,1259.9252635556722,1259.9252635556732,1333.190746292117,1333.1907462921163,30.616146653432338,30.616146653430405,264,0,22,0,0,0,0.0,-375.6710843081056,0.0,22,-375.6710843081064
no_gate_S,fixed_gate_only,100,schedule,0,289,6006.521550850576,6006.4800000000005,58.47750865051903,1.9950343784090097,813.5022067016635,886.0784728101362,6006.521550850576,0.0,0,-635.6454141250751,3321.341817946757,2685.1797329038195,135,154,1839,1274.0,1445.0,"{'TP': 109, 'MH': 88, 'MFE': 60, 'MHx': 16, 'BE': 13, 'SN': 3}",5117.209461673506,187,5104.571163801167,889.3120891770698,102,901.9503870494091,-27.62571878837737,44,-27.625718788378435,1741.5261088856253,1741.5261088856255,880.1546937944353,880.1546937944354,1072.3123005990528,1072.3123005990524,1167.411962364648,1167.4119623646498,1087.5948885764492,1087.59488857645,57.52159663036464,57.52159663036309,253,11,36,0,5,6,0.16973408673715085,-413.5489451270299,0.0,47,-413.71867921376725
anchor_joint125,fixed_joint,125,schedule,0,265,7057.633257173857,7057.59,61.13207547169811,2.453221627423538,438.4226852164311,493.4479852118611,7057.633257173857,0.0,0,-388.35411752838263,3519.830434297029,3537.802822876829,127,138,1644,1152.0,1325.0,"{'TP': 105, 'MH': 74, 'MFE': 54, 'MHx': 15, 'BE': 14, 'SN': 3}",4651.245931810981,166,4638.607633938643,2406.3873253628776,99,2419.025623235214,1010.5256864968899,39,1010.5256864968878,1679.0197254187917,1679.0197254187915,577.6462784976319,577.6462784976329,984.038008171323,984.0380081713229,1317.6355843919446,1317.6355843919464,1403.620658778534,1403.6206587785337,1095.673001915632,1095.6730019156294,250,14,15,11,8,6,249.36745483704834,130.09745819151738,756.6630237550454,40,637.3930271095132
anchor_scaled150,scaled_joint,150,schedule,0,257,6892.588266121887,6892.530000000001,62.2568093385214,2.5832951280440013,546.3870549387811,553.4992913710084,6892.588266121886,0.0,0,-418.47409725129455,2931.207085432585,3961.3811806893013,130,127,1570,1108.0,1285.0,"{'TP': 102, 'MH': 69, 'MFE': 56, 'BE': 14, 'MHx': 14, 'SN': 2}",5099.683389599483,166,5087.045091727145,1792.9048765224034,91,1805.543174394741,297.8357339860422,35,297.8357339860413,1784.726905912579,1784.726905912579,686.229990081335,686.2299900813357,1210.0809710580497,1210.0809710580502,1436.006917856482,1436.0069178564827,1392.560431808656,1392.5604318086553,382.9830494047843,382.98304940478283,239,25,18,8,10,15,-197.1772061036646,220.69469072231402,54.47613923156439,51,472.34803605754314
joint_100,fixed_joint,100,schedule,2,259,6029.746005925519,6029.710000000001,59.84555984555985,2.245476998906669,674.0256670185363,679.9396862546109,6029.746005925524,0.0,0,-450.4663175950127,2899.633076459294,3130.112929466226,132,127,1571,1116.0,1295.0,"{'TP': 100, 'MH': 73, 'MFE': 59, 'MHx': 13, 'BE': 12, 'SN': 2}",4679.914661461889,170,4666.478650791686,1349.8313444636303,89,1363.2673551338376,22.731389761667316,37,22.73138976166865,1832.1795944958671,1832.1795944958676,686.1195373081524,686.1195373081532,878.4015963540655,878.4015963540655,1143.6642516330153,1143.6642516330185,1392.612427498626,1392.6124274986241,96.76859863579344,96.76859863579466,259,0,0,0,0,0,0.0,0.0,0.0,0,0.0
joint_101,fixed_joint,101,schedule,2,259,6045.721287095808,6045.6900000000005,59.84555984555985,2.2529111136676527,674.0256670185363,679.9396862546109,6045.721287095811,0.0,0,-450.4663175950127,2899.633076459294,3146.0882106365143,132,127,1569,1116.0,1295.0,"{'TP': 100, 'MH': 73, 'MFE': 59, 'MHx': 13, 'BE': 12, 'SN': 2}",4695.889942632179,170,4682.453931961974,1349.8313444636303,89,1363.2673551338366,22.731389761667316,37,22.73138976166865,1832.1795944958671,1832.1795944958676,702.094818478441,702.0948184784415,878.4015963540655,878.4015963540655,1143.6642516330153,1143.6642516330185,1392.612427498626,1392.6124274986232,96.76859863579344,96.76859863579466,259,0,0,1,0,0,0.0,0.0,15.975281170288476,1,15.975281170289236
joint_102,fixed_joint,102,schedule,2,258,6076.484444924601,6076.450000000001,60.07751937984496,2.2673663350514692,674.0256670185363,679.9396862546109,6076.484444924602,0.0,0,-450.4663175950127,2930.396234288086,3146.0882106365143,131,127,1562,1112.0,1290.0,"{'TP': 100, 'MH': 72, 'MFE': 59, 'MHx': 13, 'BE': 12, 'SN': 2}",4726.65310046097,169,4713.217089790765,1349.8313444636303,89,1363.2673551338366,22.731389761667316,37,22.73138976166865,1862.9427523246586,1862.942752324659,702.094818478441,702.0948184784415,878.4015963540655,878.4015963540651,1143.6642516330153,1143.6642516330185,1392.612427498626,1392.6124274986232,96.76859863579344,96.76859863579466,258,1,0,1,0,1,-30.76315782879155,0.0,15.975281170288476,2,46.738438999082064
joint_103,fixed_joint,103,schedule,2,258,5900.573990123944,5900.54,59.68992248062015,2.221459327619784,674.0256670185363,679.9396862546109,5900.573990123946,0.0,0,-450.4663175950127,2790.667245915134,3109.90674420881,130,128,1564,1112.0,1290.0,"{'TP': 99, 'MH': 73, 'MFE': 59, 'MHx': 13, 'BE': 12, 'SN': 2}",4550.742645660313,169,4537.306634990109,1349.8313444636303,89,1363.2673551338366,22.731389761667316,37,22.73138976166865,1723.2137639517068,1723.2137639517073,665.9133520507368,665.9133520507371,878.4015963540655,878.4015963540651,1143.6642516330153,1143.6642516330185,1392.612427498626,1392.6124274986232,96.76859863579344,96.76859863579466,257,2,1,1,1,1,108.96583054416041,-36.18146642770428,15.975281170288476,4,-129.17201580157507
joint_104,fixed_joint,104,schedule,2,256,5752.218610166185,5752.18,58.984375,2.1907130617872355,674.0256670185363,679.9396862546109,5752.218610166187,0.0,0,-450.4663175950127,2691.974897383652,3060.2437127825315,129,127,1554,1104.0,1280.0,"{'TP': 98, 'MH': 74, 'MFE': 57, 'MHx': 13, 'BE': 12, 'SN': 2}",4452.0502971288315,168,4438.614286458628,1300.1683130373517,88,1313.6043237075592,22.731389761667316,37,22.73138976166865,1598.974774945239,1598.9747749452395,665.9133520507368,665.9133520507371,878.4015963540655,878.4015963540651,1169.2108921080016,1169.2108921080053,1342.9493960723476,1342.9493960723457,96.76859863579344,96.76859863579466,254,5,2,2,4,1,257.17644103255867,-61.87287637205206,41.521921645274915,9,-277.52739575933447
joint_105,fixed_joint,105,schedule,2,256,5874.140487795941,5874.09,59.375,2.223534762208437,674.0256670185363,679.9396862546109,5874.140487795944,0.0,0,-450.4663175950127,2809.644978232058,3064.4955095638834,129,127,1551,1104.0,1280.0,"{'TP': 98, 'MH': 73, 'MFE': 58, 'MHx': 13, 'BE': 12, 'SN': 2}",4573.972174758589,168,4560.536164088386,1300.1683130373517,88,1313.6043237075583,22.731389761667316,37,22.73138976166865,1716.6448557936446,1716.644855793645,670.3606667630362,670.3606667630365,878.4015963540655,878.4015963540655,1169.0153741770534,1169.0153741770573,1342.9493960723476,1342.9493960723448,96.76859863579344,96.76859863579466,255,4,1,4,3,1,165.1977701285009,-36.18146642770428,45.77371842662634,9,-155.60551812957783
joint_106,fixed_joint,106,schedule,2,256,5874.140487795941,5874.09,59.375,2.223534762208437,674.0256670185363,679.9396862546109,5874.140487795944,0.0,0,-450.4663175950127,2809.644978232058,3064.4955095638834,129,127,1551,1104.0,1280.0,"{'TP': 98, 'MH': 73, 'MFE': 58, 'MHx': 13, 'BE': 12, 'SN': 2}",4573.972174758589,168,4560.536164088386,1300.1683130373517,88,1313.6043237075583,22.731389761667316,37,22.73138976166865,1716.6448557936446,1716.644855793645,670.3606667630362,670.3606667630365,878.4015963540655,878.4015963540655,1169.0153741770534,1169.0153741770573,1342.9493960723476,1342.9493960723448,96.76859863579344,96.76859863579466,255,4,1,4,3,1,165.1977701285009,-36.18146642770428,45.77371842662634,9,-155.60551812957783
joint_107,fixed_joint,107,schedule,2,261,6115.167842404357,6115.120000000001,59.38697318007663,2.253166071919454,528.6176153219749,579.8368279624565,6115.16784240436,0.0,0,-402.55273434254923,2809.644978232058,3305.522864172299,129,132,1593,1130.0,1305.0,"{'TP': 100, 'MH': 75, 'MFE': 58, 'MHx': 14, 'BE': 12, 'SN': 2}",4573.972174758589,168,4560.536164088386,1541.1956676457673,93,1554.6316783159746,270.90635315528937,38,270.9063531552911,1716.6448557936446,1716.644855793645,670.3606667630362,670.3606667630365,878.4015963540655,878.4015963540655,1169.0153741770534,1169.0153741770573,1335.8017872871415,1335.8017872871387,344.9435620294155,344.9435620294171,254,5,7,4,3,2,104.23947468210275,143.8875927343134,45.77371842662634,16,85.42183647883758
joint_108,fixed_joint,108,schedule,2,262,6048.123815354147,6048.08,59.16030534351145,2.2226290052696616,528.6176153219749,579.8368279624565,6048.123815354151,0.0,0,-402.55273434254923,2809.644978232058,3238.478837122089,129,133,1603,1134.0,1310.0,"{'TP': 100, 'MH': 76, 'MFE': 58, 'MHx': 14, 'BE': 12, 'SN': 2}",4573.972174758589,168,4560.536164088386,1474.1516405955572,94,1487.587651265765,270.90635315528937,38,270.9063531552911,1716.6448557936446,1716.644855793645,670.3606667630362,670.3606667630365,878.4015963540655,878.4015963540655,1169.0153741770534,1169.0153741770573,1268.7577602369315,1268.7577602369292,344.9435620294155,344.9435620294171,254,5,8,4,3,2,104.23947468210275,76.84356568410334,45.77371842662634,17,18.377809428628098
joint_109,fixed_joint,109,schedule,2,263,6078.127116108833,6078.08,59.31558935361216,2.2286941763667514,528.6176153219749,579.8368279624565,6078.127116108837,0.0,0,-402.55273434254923,2809.644978232058,3268.482137876776,129,134,1615,1138.0,1315.0,"{'TP': 100, 'MH': 76, 'MFE': 58, 'MHx': 15, 'BE': 12, 'SN': 2}",4603.975475513276,169,4590.539464843072,1474.1516405955572,94,1487.587651265765,270.90635315528937,38,270.9063531552911,1716.6448557936446,1716.644855793645,670.3606667630362,670.3606667630365,908.4048971087524,908.4048971087518,1169.0153741770534,1169.0153741770573,1268.7577602369315,1268.7577602369292,344.9435620294155,344.9435620294171,254,5,9,4,3,2,104.23947468210275,106.84686643879007,45.77371842662634,18,48.38111018331438
gate_only_100,fixed_gate_only,100,schedule,2,259,6029.746005925519,6029.710000000001,59.84555984555985,2.245476998906669,674.0256670185363,679.9396862546109,6029.746005925524,0.0,0,-450.4663175950127,2899.633076459294,3130.112929466226,132,127,1571,1116.0,1295.0,"{'TP': 100, 'MH': 73, 'MFE': 59, 'MHx': 13, 'BE': 12, 'SN': 2}",4679.914661461889,170,4666.478650791686,1349.8313444636303,89,1363.2673551338376,22.731389761667316,37,22.73138976166865,1832.1795944958671,1832.1795944958676,686.1195373081524,686.1195373081532,878.4015963540655,878.4015963540655,1143.6642516330153,1143.6642516330185,1392.612427498626,1392.6124274986241,96.76859863579344,96.76859863579466,259,0,0,0,0,0,0.0,0.0,0.0,0,0.0
gate_only_101,fixed_gate_only,101,schedule,2,259,6029.746005925519,6029.710000000001,59.84555984555985,2.245476998906669,674.0256670185363,679.9396862546109,6029.746005925524,0.0,0,-450.4663175950127,2899.633076459294,3130.112929466226,132,127,1571,1116.0,1295.0,"{'TP': 100, 'MH': 73, 'MFE': 59, 'MHx': 13, 'BE': 12, 'SN': 2}",4679.914661461889,170,4666.478650791686,1349.8313444636303,89,1363.2673551338376,22.731389761667316,37,22.73138976166865,1832.1795944958671,1832.1795944958676,686.1195373081524,686.1195373081532,878.4015963540655,878.4015963540655,1143.6642516330153,1143.6642516330185,1392.612427498626,1392.6124274986241,96.76859863579344,96.76859863579466,259,0,0,0,0,0,0.0,0.0,0.0,0,0.0
gate_only_102,fixed_gate_only,102,schedule,2,258,6060.509163754312,6060.469999999999,60.07751937984496,2.2598366755124832,674.0256670185363,679.9396862546109,6060.509163754315,0.0,0,-450.4663175950127,2930.396234288086,3130.112929466226,131,127,1564,1112.0,1290.0,"{'TP': 100, 'MH': 72, 'MFE': 59, 'MHx': 13, 'BE': 12, 'SN': 2}",4710.677819290682,169,4697.241808620477,1349.8313444636303,89,1363.2673551338376,22.731389761667316,37,22.73138976166865,1862.9427523246586,1862.942752324659,686.1195373081524,686.1195373081532,878.4015963540655,878.4015963540651,1143.6642516330153,1143.6642516330185,1392.612427498626,1392.6124274986241,96.76859863579344,96.76859863579466,258,1,0,0,0,1,-30.76315782879155,0.0,0.0,1,30.763157828792828
gate_only_103,fixed_gate_only,103,schedule,2,258,5884.598708953656,5884.5599999999995,59.68992248062015,2.2141371916827106,674.0256670185363,679.9396862546109,5884.598708953658,0.0,0,-450.4663175950127,2790.667245915134,3093.9314630385215,130,128,1566,1112.0,1290.0,"{'TP': 99, 'MH': 73, 'MFE': 59, 'MHx': 13, 'BE': 12, 'SN': 2}",4534.767364490025,169,4521.331353819821,1349.8313444636303,89,1363.2673551338376,22.731389761667316,37,22.73138976166865,1723.2137639517068,1723.2137639517073,649.9380708804482,649.9380708804488,878.4015963540655,878.4015963540651,1143.6642516330153,1143.6642516330185,1392.612427498626,1392.6124274986241,96.76859863579344,96.76859863579466,257,2,1,0,1,1,108.96583054416041,-36.18146642770428,0.0,3,-145.1472969718634
gate_only_104,fixed_gate_only,104,schedule,2,256,5710.696688520909,5710.66,58.984375,2.1720442000984863,674.0256670185363,679.9396862546109,5710.696688520912,0.0,0,-450.4663175950127,2666.4282569086663,3044.268431612243,129,127,1555,1104.0,1280.0,"{'TP': 98, 'MH': 74, 'MFE': 57, 'MHx': 13, 'BE': 12, 'SN': 2}",4410.528375483557,168,4397.092364813353,1300.1683130373517,88,1313.6043237075592,22.731389761667316,37,22.73138976166865,1598.974774945239,1598.9747749452395,649.9380708804482,649.9380708804488,878.4015963540655,878.4015963540651,1143.6642516330153,1143.6642516330185,1342.9493960723476,1342.9493960723457,96.76859863579344,96.76859863579466,254,5,2,0,4,1,257.17644103255867,-61.87287637205206,0.0,7,-319.0493174046096
gate_only_105,fixed_gate_only,105,schedule,2,256,5828.366769369315,5828.33,59.375,2.2025351619460154,674.0256670185363,679.9396862546109,5828.366769369318,0.0,0,-450.4663175950127,2784.098337757072,3044.268431612243,129,127,1556,1104.0,1280.0,"{'TP': 98, 'MH': 73, 'MFE': 58, 'MHx': 13, 'BE': 12, 'SN': 2}",4528.198456331963,168,4514.762445661759,1300.1683130373517,88,1313.6043237075592,22.731389761667316,37,22.73138976166865,1716.6448557936446,1716.644855793645,649.9380708804482,649.9380708804488,878.4015963540655,878.4015963540651,1143.6642516330153,1143.6642516330185,1342.9493960723476,1342.9493960723457,96.76859863579344,96.76859863579466,255,4,1,0,3,1,165.1977701285009,-36.18146642770428,0.0,5,-201.37923655620398
gate_only_106,fixed_gate_only,106,schedule,2,256,5828.366769369315,5828.33,59.375,2.2025351619460154,674.0256670185363,679.9396862546109,5828.366769369318,0.0,0,-450.4663175950127,2784.098337757072,3044.268431612243,129,127,1556,1104.0,1280.0,"{'TP': 98, 'MH': 73, 'MFE': 58, 'MHx': 13, 'BE': 12, 'SN': 2}",4528.198456331963,168,4514.762445661759,1300.1683130373517,88,1313.6043237075592,22.731389761667316,37,22.73138976166865,1716.6448557936446,1716.644855793645,649.9380708804482,649.9380708804488,878.4015963540655,878.4015963540651,1143.6642516330153,1143.6642516330185,1342.9493960723476,1342.9493960723457,96.76859863579344,96.76859863579466,255,4,1,0,3,1,165.1977701285009,-36.18146642770428,0.0,5,-201.37923655620398
gate_only_107,fixed_gate_only,107,schedule,2,261,6069.3941239777305,6069.360000000001,59.38697318007663,2.2322271256815154,528.6176153219749,579.8368279624565,6069.394123977734,0.0,0,-402.55273434254923,2784.098337757072,3285.2957862206595,129,132,1598,1130.0,1305.0,"{'TP': 100, 'MH': 75, 'MFE': 58, 'MHx': 14, 'BE': 12, 'SN': 2}",4528.198456331963,168,4514.762445661759,1541.1956676457673,93,1554.6316783159755,270.90635315528937,38,270.9063531552911,1716.6448557936446,1716.644855793645,649.9380708804482,649.9380708804488,878.4015963540655,878.4015963540651,1143.6642516330153,1143.6642516330185,1335.8017872871415,1335.8017872871396,344.9435620294155,344.9435620294171,254,5,7,0,3,2,104.23947468210275,143.8875927343134,0.0,12,39.64811805221143
gate_only_108,fixed_gate_only,108,schedule,2,262,6002.350096927521,6002.320000000001,59.16030534351145,2.202251215687516,528.6176153219749,579.8368279624565,6002.350096927523,0.0,0,-402.55273434254923,2784.098337757072,3218.251759170449,129,133,1608,1134.0,1310.0,"{'TP': 100, 'MH': 76, 'MFE': 58, 'MHx': 14, 'BE': 12, 'SN': 2}",4528.198456331963,168,4514.762445661759,1474.1516405955572,94,1487.5876512657642,270.90635315528937,38,270.9063531552911,1716.6448557936446,1716.644855793645,649.9380708804482,649.9380708804488,878.4015963540655,878.4015963540651,1143.6642516330153,1143.6642516330185,1268.7577602369315,1268.7577602369283,344.9435620294155,344.9435620294171,254,5,8,0,3,2,104.23947468210275,76.84356568410334,0.0,13,-27.39590899799805
gate_only_109,fixed_gate_only,109,schedule,2,263,6032.353397682207,6032.32,59.31558935361216,2.2082607793125066,528.6176153219749,579.8368279624565,6032.353397682211,0.0,0,-402.55273434254923,2784.098337757072,3248.255059925136,129,134,1620,1138.0,1315.0,"{'TP': 100, 'MH': 76, 'MFE': 58, 'MHx': 15, 'BE': 12, 'SN': 2}",4558.20175708665,169,4544.765746416446,1474.1516405955572,94,1487.587651265765,270.90635315528937,38,270.9063531552911,1716.6448557936446,1716.644855793645,649.9380708804482,649.9380708804488,908.4048971087524,908.4048971087523,1143.6642516330153,1143.6642516330185,1268.7577602369315,1268.7577602369292,344.9435620294155,344.9435620294171,254,5,9,0,3,2,104.23947468210275,106.84686643879007,0.0,14,2.60739175668823
no_gate_all,fixed_gate_only,100,schedule,2,303,5249.153997812664,5249.1,56.10561056105611,1.7724575474370368,1064.7275347893328,1122.209045601804,5249.153997812666,0.0,0,-852.1610469438401,2754.9697635171965,2494.1842342954674,149,154,1916,1340.0,1515.0,"{'TP': 108, 'MH': 96, 'MFE': 68, 'MHx': 16, 'BE': 12, 'SN': 3}",4744.99502788429,199,4731.559017214086,504.1589699283735,104,517.5949805985792,-322.22714459556187,47,-322.2271445955612,1582.5769253160015,1582.576925316002,775.6586298477849,775.658629847786,1000.0226716429329,1000.0226716429329,1119.684146108655,1119.6841461086578,1019.4015606187248,1019.4015606187222,-248.18993572143575,-248.18993572143518,247,12,56,0,6,6,-18.194660276164477,-798.7866683890202,0.0,68,-780.5920081128552
no_gate_L,fixed_gate_only,100,schedule,2,278,5777.820037512001,5777.78,58.27338129496403,2.0538562125846473,852.3688458438301,858.2828650799047,5777.820037512004,0.0,0,-628.8094964203065,2647.707108045777,3130.112929466226,151,127,1671,1202.0,1390.0,"{'TP': 101, 'MH': 81, 'MFE': 68, 'MHx': 14, 'BE': 12, 'SN': 2}",4634.028482681049,185,4620.592472010845,1143.7915548309534,93,1157.227565501159,-154.07604786685047,40,-154.07604786684988,1707.7379954485382,1707.7379954485386,780.2629159055783,780.2629159055796,830.142248525415,830.1422485254143,1176.3356411307282,1176.3356411307313,1363.3800754944673,1363.380075494464,-80.03883899272434,-80.03883899272387,259,0,19,0,0,0,0.0,-251.92596841351696,0.0,19,-251.9259684135177
no_gate_S,fixed_gate_only,100,schedule,2,284,5501.079966226182,5501.030000000001,57.3943661971831,1.8938800820872332,886.38435596404,943.8658667765112,5501.079966226184,0.0,0,-673.8178681185464,3006.8957319307137,2494.1842342954674,130,154,1816,1254.0,1420.0,"{'TP': 107, 'MH': 88, 'MFE': 59, 'MHx': 15, 'BE': 12, 'SN': 3}",4790.881206665131,184,4777.445195994927,710.1987595610499,100,723.6347702312569,-145.41970696704402,44,-145.41970696704357,1707.0185243633305,1707.018524363331,681.515251250359,681.5152512503596,1048.2820194715837,1048.2820194715841,1087.0127566109418,1087.012756610945,1048.6339126228836,1048.6339126228822,-71.38249809291788,-71.38249809291756,247,12,37,0,6,6,-18.194660276164477,-546.8606999755032,0.0,49,-528.6660396993375
anchor_joint125,fixed_joint,125,schedule,2,260,6444.15940133025,6444.12,59.61538461538461,2.2877914850170273,480.891551292244,536.709653274972,6444.159401330254,0.0,0,-416.72177224292227,3175.272333942043,3268.8870673882075,123,137,1618,1132.0,1300.0,"{'TP': 102, 'MH': 74, 'MFE': 53, 'BE': 14, 'MHx': 14, 'SN': 3}",4327.500527558815,163,4314.06451688861,2116.658873771436,97,2130.0948844416434,912.4665675938395,39,912.4665675938404,1624.666184889587,1624.6661848895874,385.50622230400677,385.50622230400654,972.7692250481688,972.7692250481689,1237.268716079466,1237.2687160794703,1237.4452765410565,1237.4452765410542,986.5037764679655,986.5037764679664,245,14,15,10,8,6,226.6969443660663,-85.56985986252732,726.680199633324,39,414.4133954047311
anchor_scaled150,scaled_joint,150,schedule,2,253,6383.275919862161,6383.219999999999,60.86956521739131,2.42013552630274,596.761355090166,602.6753743262407,6383.2759198621625,0.0,0,-450.4663175950127,2584.4764689203766,3798.799450941785,126,127,1554,1092.0,1265.0,"{'TP': 100, 'MH': 69, 'MFE': 55, 'BE': 14, 'MHx': 13, 'SN': 2}",4775.952698962779,163,4762.516688292575,1607.3232208993818,90,1620.7592315695874,209.8101614210186,35,209.81016142101907,1728.6992663156357,1728.6992663156361,498.9235340923839,498.9235340923842,1195.6981490303951,1195.6981490303951,1358.8468555302065,1358.8468555302097,1317.2607445983945,1317.2607445983922,283.84737029514474,283.8473702951451,235,24,18,7,10,14,-181.99780069369265,146.77665959059362,24.75545365235483,49,353.5299139366416
joint_100,fixed_joint,100,schedule,5,263,5519.622211282051,5519.63,58.935361216730044,2.0791026077778705,749.6222198089672,754.0834860541918,5519.622211282054,0.0,0,-498.4427544457667,2706.339723898816,2813.282487383235,136,127,1598,1132.0,1315.0,"{'TP': 99, 'MH': 78, 'MFE': 61, 'MHx': 13, 'BE': 10, 'SN': 2}",4338.683026568831,175,4324.051044687433,1180.9391847132192,88,1195.571166594621,-92.24307177308819,37,-92.24307177308583,1697.4169995388802,1697.4169995388806,726.7576556416599,726.7576556416598,772.3055569330849,772.3055569330845,989.904702575926,989.9047025759269,1353.7940426661785,1353.794042666179,-20.556746073678397,-20.55674607367655,263,0,0,0,0,0,0.0,0.0,0.0,0,0.0
joint_101,fixed_joint,101,schedule,5,263,5535.607080498414,5535.610000000001,58.935361216730044,2.0856203583023856,749.6222198089672,754.0834860541918,5535.607080498417,0.0,0,-498.4427544457667,2706.339723898816,2829.2673565995974,136,127,1596,1132.0,1315.0,"{'TP': 99, 'MH': 78, 'MFE': 61, 'MHx': 13, 'BE': 10, 'SN': 2}",4354.667895785194,175,4340.035913903796,1180.9391847132192,88,1195.571166594621,-92.24307177308819,37,-92.24307177308583,1697.4169995388802,1697.4169995388806,742.7425248580228,742.7425248580225,772.3055569330849,772.3055569330841,989.904702575926,989.9047025759278,1353.7940426661785,1353.794042666179,-20.556746073678397,-20.55674607367655,263,0,0,1,0,0,0.0,0.0,15.984869216362853,1,15.984869216363222
joint_102,fixed_joint,102,schedule,5,262,5568.756464803188,5568.76,59.16030534351145,2.099267951380075,749.6222198089672,754.0834860541918,5568.756464803189,0.0,0,-498.4427544457667,2739.4891082035892,2829.2673565995974,135,127,1589,1128.0,1310.0,"{'TP': 99, 'MH': 77, 'MFE': 61, 'MHx': 13, 'BE': 10, 'SN': 2}",4387.817280089968,174,4373.185298208568,1180.9391847132192,88,1195.571166594621,-92.24307177308819,37,-92.24307177308583,1730.5663838436544,1730.5663838436544,742.7425248580228,742.7425248580216,772.3055569330849,772.3055569330841,989.904702575926,989.9047025759269,1353.7940426661785,1353.794042666179,-20.556746073678397,-20.55674607367655,262,1,0,1,0,1,-33.14938430477387,0.0,15.984869216362853,2,49.134253521137
joint_103,fixed_joint,103,schedule,5,262,5392.917466865246,5392.92,58.778625954198475,2.0565076161429037,749.6222198089672,754.0834860541918,5392.9174668652495,0.0,0,-498.4427544457667,2602.248610925182,2790.6688559400636,134,128,1591,1128.0,1310.0,"{'TP': 98, 'MH': 78, 'MFE': 61, 'MHx': 13, 'BE': 10, 'SN': 2}",4211.978282152026,174,4197.346300270628,1180.9391847132192,88,1195.571166594622,-92.24307177308819,37,-92.24307177308583,1593.3258865652465,1593.3258865652465,704.1440241984888,704.1440241984883,772.3055569330849,772.3055569330845,989.904702575926,989.9047025759278,1353.7940426661785,1353.794042666179,-20.556746073678397,-20.55674607367655,261,2,1,1,1,1,104.0911129736341,-38.59850065953387,15.984869216362853,4,-126.70474441680472
joint_104,fixed_joint,104,schedule,5,260,5249.3914754713605,5249.39,58.07692307692308,2.0278765816207027,749.6222198089672,754.0834860541918,5249.391475471363,0.0,0,-498.4427544457667,2506.020138886259,2743.3713365851013,133,127,1581,1120.0,1300.0,"{'TP': 97, 'MH': 79, 'MFE': 59, 'MHx': 13, 'BE': 10, 'SN': 2}",4115.749810113103,173,4101.117828231704,1133.6416653582564,87,1148.273647239659,-92.24307177308819,37,-92.24307177308583,1471.566097440138,1471.566097440138,704.1440241984888,704.1440241984883,772.3055569330849,772.3055569330841,1015.436019662111,1015.4360196621133,1306.4965233112162,1306.4965233112162,-20.556746073678397,-20.55674607367655,258,5,2,2,4,1,245.06774289698055,-66.67917921625799,41.516186302548,9,-270.23073581069
joint_105,fixed_joint,105,schedule,5,260,5371.245324063692,5371.240000000001,58.46153846153847,2.058438106435663,749.6222198089672,754.0834860541918,5371.245324063695,0.0,0,-498.4427544457667,2623.6196388533617,2747.6256852103306,133,127,1578,1120.0,1300.0,"{'TP': 97, 'MH': 78, 'MFE': 60, 'MHx': 13, 'BE': 10, 'SN': 2}",4237.603658705435,173,4222.971676824036,1133.6416653582564,87,1148.273647239659,-92.24307177308819,37,-92.24307177308583,1589.1655974072407,1589.165597407241,708.5940081006398,708.5940081006393,772.3055569330849,772.3055569330841,1015.2403843851891,1015.2403843851912,1306.4965233112162,1306.4965233112162,-20.556746073678397,-20.55674607367655,259,4,1,4,3,1,155.5489214866018,-38.59850065953387,45.77053492777717,9,-148.3768872183582
joint_106,fixed_joint,106,schedule,5,260,5371.245324063692,5371.240000000001,58.46153846153847,2.058438106435663,749.6222198089672,754.0834860541918,5371.245324063695,0.0,0,-498.4427544457667,2623.6196388533617,2747.6256852103306,133,127,1578,1120.0,1300.0,"{'TP': 97, 'MH': 78, 'MFE': 60, 'MHx': 13, 'BE': 10, 'SN': 2}",4237.603658705435,173,4222.971676824036,1133.6416653582564,87,1148.273647239659,-92.24307177308819,37,-92.24307177308583,1589.1655974072407,1589.165597407241,708.5940081006398,708.5940081006393,772.3055569330849,772.3055569330841,1015.2403843851891,1015.2403843851912,1306.4965233112162,1306.4965233112162,-20.556746073678397,-20.55674607367655,259,4,1,4,3,1,155.5489214866018,-38.59850065953387,45.77053492777717,9,-148.3768872183582
joint_107,fixed_joint,107,schedule,5,264,5615.138786813974,5615.130000000001,58.71212121212122,2.0924293032441033,598.2941883453559,651.0742463521865,5615.1387868139755,0.0,0,-445.10589992378755,2623.6196388533617,2991.5191479606115,133,131,1610,1142.0,1320.0,"{'TP': 99, 'MH': 79, 'MFE': 60, 'MHx': 14, 'BE': 10, 'SN': 2}",4237.603658705435,173,4222.971676824036,1377.5351281085373,91,1392.1671099899395,150.08804285955827,38,150.08804285956103,1589.1655974072407,1589.165597407241,708.5940081006398,708.5940081006393,772.3055569330849,772.3055569330841,1015.2403843851891,1015.2403843851912,1308.0588714288506,1308.0588714288497,221.77436855896806,221.7743685589703,258,5,6,4,3,2,92.15872124830759,141.90476185245265,45.77053492777717,15,95.51657553192308
joint_108,fixed_joint,108,schedule,5,265,5545.65920243678,5545.650000000001,58.490566037735846,2.064522526126307,598.2941883453559,651.0742463521865,5545.659202436782,0.0,0,-445.10589992378755,2623.6196388533617,2922.0395635834175,133,132,1620,1146.0,1325.0,"{'TP': 99, 'MH': 80, 'MFE': 60, 'MHx': 14, 'BE': 10, 'SN': 2}",4237.603658705435,173,4222.971676824036,1308.0555437313437,92,1322.687525612746,150.08804285955827,38,150.08804285956103,1589.1655974072407,1589.165597407241,708.5940081006398,708.5940081006393,772.3055569330849,772.3055569330841,1015.2403843851891,1015.2403843851912,1238.5792870516568,1238.5792870516561,221.77436855896806,221.7743685589703,258,5,7,4,3,2,92.15872124830759,72.42517747525898,45.77053492777717,16,26.03699115472955
joint_109,fixed_joint,109,schedule,5,266,5573.285191740753,5573.280000000001,58.64661654135338,2.069825500371043,598.2941883453559,651.0742463521865,5573.285191740756,0.0,0,-445.10589992378755,2623.6196388533617,2949.6655528873926,133,133,1632,1150.0,1330.0,"{'TP': 99, 'MH': 80, 'MFE': 60, 'MHx': 15, 'BE': 10, 'SN': 2}",4265.22964800941,174,4250.597666128011,1308.0555437313437,92,1322.687525612745,150.08804285955827,38,150.08804285956103,1589.1655974072407,1589.165597407241,708.5940081006398,708.5940081006393,799.9315462370594,799.9315462370587,1015.2403843851891,1015.2403843851907,1238.5792870516568,1238.5792870516561,221.77436855896806,221.7743685589703,258,5,8,4,3,2,92.15872124830759,100.05116677923343,45.77053492777717,17,53.662980458702805
gate_only_100,fixed_gate_only,100,schedule,5,263,5519.622211282051,5519.63,58.935361216730044,2.0791026077778705,749.6222198089672,754.0834860541918,5519.622211282054,0.0,0,-498.4427544457667,2706.339723898816,2813.282487383235,136,127,1598,1132.0,1315.0,"{'TP': 99, 'MH': 78, 'MFE': 61, 'MHx': 13, 'BE': 10, 'SN': 2}",4338.683026568831,175,4324.051044687433,1180.9391847132192,88,1195.571166594621,-92.24307177308819,37,-92.24307177308583,1697.4169995388802,1697.4169995388806,726.7576556416599,726.7576556416598,772.3055569330849,772.3055569330845,989.904702575926,989.9047025759269,1353.7940426661785,1353.794042666179,-20.556746073678397,-20.55674607367655,263,0,0,0,0,0,0.0,0.0,0.0,0,0.0
gate_only_101,fixed_gate_only,101,schedule,5,263,5519.622211282051,5519.63,58.935361216730044,2.0791026077778705,749.6222198089672,754.0834860541918,5519.622211282054,0.0,0,-498.4427544457667,2706.339723898816,2813.282487383235,136,127,1598,1132.0,1315.0,"{'TP': 99, 'MH': 78, 'MFE': 61, 'MHx': 13, 'BE': 10, 'SN': 2}",4338.683026568831,175,4324.051044687433,1180.9391847132192,88,1195.571166594621,-92.24307177308819,37,-92.24307177308583,1697.4169995388802,1697.4169995388806,726.7576556416599,726.7576556416598,772.3055569330849,772.3055569330845,989.904702575926,989.9047025759269,1353.7940426661785,1353.794042666179,-20.556746073678397,-20.55674607367655,263,0,0,0,0,0,0.0,0.0,0.0,0,0.0
gate_only_102,fixed_gate_only,102,schedule,5,262,5552.771595586824,5552.78,59.16030534351145,2.0926647568981163,749.6222198089672,754.0834860541918,5552.771595586828,0.0,0,-498.4427544457667,2739.4891082035892,2813.282487383235,135,127,1591,1128.0,1310.0,"{'TP': 99, 'MH': 77, 'MFE': 61, 'MHx': 13, 'BE': 10, 'SN': 2}",4371.832410873605,174,4357.200428992207,1180.9391847132192,88,1195.571166594621,-92.24307177308819,37,-92.24307177308583,1730.5663838436544,1730.5663838436544,726.7576556416599,726.7576556416589,772.3055569330849,772.3055569330845,989.904702575926,989.9047025759278,1353.7940426661785,1353.794042666179,-20.556746073678397,-20.55674607367655,262,1,0,0,0,1,-33.14938430477387,0.0,0.0,1,33.149384304773776
gate_only_103,fixed_gate_only,103,schedule,5,262,5376.9325976488835,5376.9400000000005,58.778625954198475,2.050087684818228,749.6222198089672,754.0834860541918,5376.932597648885,0.0,0,-498.4427544457667,2602.248610925182,2774.6839867237013,134,128,1593,1128.0,1310.0,"{'TP': 98, 'MH': 78, 'MFE': 61, 'MHx': 13, 'BE': 10, 'SN': 2}",4195.9934129356625,174,4181.361431054264,1180.9391847132192,88,1195.571166594621,-92.24307177308819,37,-92.24307177308583,1593.3258865652465,1593.3258865652465,688.159154982126,688.1591549821255,772.3055569330849,772.3055569330841,989.904702575926,989.9047025759269,1353.7940426661785,1353.794042666179,-20.556746073678397,-20.55674607367655,261,2,1,0,1,1,104.0911129736341,-38.59850065953387,0.0,3,-142.68961363316703
gate_only_104,fixed_gate_only,104,schedule,5,260,5207.875289168812,5207.880000000001,58.07692307692308,2.0115244349247483,749.6222198089672,754.0834860541918,5207.875289168813,0.0,0,-498.4427544457667,2480.4888218000738,2727.3864673687385,133,127,1582,1120.0,1300.0,"{'TP': 97, 'MH': 79, 'MFE': 59, 'MHx': 13, 'BE': 10, 'SN': 2}",4074.2336238105554,173,4059.601641929155,1133.6416653582564,87,1148.2736472396577,-92.24307177308819,37,-92.24307177308583,1471.566097440138,1471.566097440138,688.159154982126,688.1591549821251,772.3055569330849,772.3055569330841,989.904702575926,989.9047025759269,1306.4965233112162,1306.4965233112152,-20.556746073678397,-20.55674607367655,258,5,2,0,4,1,245.06774289698055,-66.67917921625799,0.0,7,-311.7469221132387
gate_only_105,fixed_gate_only,105,schedule,5,260,5325.474789135915,5325.4800000000005,58.46153846153847,2.040038235615381,749.6222198089672,754.0834860541918,5325.474789135917,0.0,0,-498.4427544457667,2598.0883217671767,2727.3864673687385,133,127,1583,1120.0,1300.0,"{'TP': 97, 'MH': 78, 'MFE': 60, 'MHx': 13, 'BE': 10, 'SN': 2}",4191.833123777658,173,4177.201141896258,1133.6416653582564,87,1148.2736472396582,-92.24307177308819,37,-92.24307177308583,1589.1655974072407,1589.165597407241,688.159154982126,688.1591549821255,772.3055569330849,772.3055569330845,989.904702575926,989.904702575926,1306.4965233112162,1306.4965233112162,-20.556746073678397,-20.55674607367655,259,4,1,0,3,1,155.5489214866018,-38.59850065953387,0.0,5,-194.1474221461358
gate_only_106,fixed_gate_only,106,schedule,5,260,5325.474789135915,5325.4800000000005,58.46153846153847,2.040038235615381,749.6222198089672,754.0834860541918,5325.474789135917,0.0,0,-498.4427544457667,2598.0883217671767,2727.3864673687385,133,127,1583,1120.0,1300.0,"{'TP': 97, 'MH': 78, 'MFE': 60, 'MHx': 13, 'BE': 10, 'SN': 2}",4191.833123777658,173,4177.201141896258,1133.6416653582564,87,1148.2736472396582,-92.24307177308819,37,-92.24307177308583,1589.1655974072407,1589.165597407241,688.159154982126,688.1591549821255,772.3055569330849,772.3055569330845,989.904702575926,989.904702575926,1306.4965233112162,1306.4965233112162,-20.556746073678397,-20.55674607367655,259,4,1,0,3,1,155.5489214866018,-38.59850065953387,0.0,5,-194.1474221461358
gate_only_107,fixed_gate_only,107,schedule,5,264,5569.368251886196,5569.370000000001,58.71212121212122,2.073961319375877,598.2941883453559,651.0742463521865,5569.368251886197,0.0,0,-445.10589992378755,2598.0883217671767,2971.27993011902,133,131,1615,1142.0,1320.0,"{'TP': 99, 'MH': 79, 'MFE': 60, 'MHx': 14, 'BE': 10, 'SN': 2}",4191.833123777658,173,4177.201141896258,1377.5351281085373,91,1392.1671099899386,150.08804285955827,38,150.08804285956103,1589.1655974072407,1589.165597407241,688.159154982126,688.1591549821255,772.3055569330849,772.3055569330845,989.904702575926,989.904702575926,1308.0588714288506,1308.0588714288497,221.77436855896806,221.7743685589703,258,5,6,0,3,2,92.15872124830759,141.90476185245265,0.0,11,49.74604060414549
gate_only_108,fixed_gate_only,108,schedule,5,265,5499.888667509002,5499.89,58.490566037735846,2.0465417564982347,598.2941883453559,651.0742463521865,5499.888667509003,0.0,0,-445.10589992378755,2598.0883217671767,2901.8003457418263,133,132,1625,1146.0,1325.0,"{'TP': 99, 'MH': 80, 'MFE': 60, 'MHx': 14, 'BE': 10, 'SN': 2}",4191.833123777658,173,4177.201141896258,1308.0555437313437,92,1322.687525612745,150.08804285955827,38,150.08804285956103,1589.1655974072407,1589.165597407241,688.159154982126,688.1591549821255,772.3055569330849,772.3055569330845,989.904702575926,989.904702575926,1238.5792870516568,1238.5792870516561,221.77436855896806,221.7743685589703,258,5,7,0,3,2,92.15872124830759,72.42517747525898,0.0,12,-19.73354377304895
gate_only_109,fixed_gate_only,109,schedule,5,266,5527.514656812977,5527.52,58.64661654135338,2.05179854497506,598.2941883453559,651.0742463521865,5527.514656812979,0.0,0,-445.10589992378755,2598.0883217671767,2929.4263350458004,133,133,1637,1150.0,1330.0,"{'TP': 99, 'MH': 80, 'MFE': 60, 'MHx': 15, 'BE': 10, 'SN': 2}",4219.4591130816325,174,4204.827131200233,1308.0555437313437,92,1322.687525612746,150.08804285955827,38,150.08804285956103,1589.1655974072407,1589.165597407241,688.159154982126,688.1591549821255,799.9315462370594,799.9315462370591,989.904702575926,989.9047025759273,1238.5792870516568,1238.5792870516561,221.77436855896806,221.7743685589703,258,5,8,0,3,2,92.15872124830759,100.05116677923343,0.0,13,7.892445530926125
no_gate_all,fixed_gate_only,100,schedule,5,307,4533.043506668328,4533.04,55.048859934853425,1.6232636807109688,1179.9661795158218,1231.2816670104803,4533.0435066683285,0.0,0,-915.3216006085186,2338.062357834377,2194.9811488339506,154,153,1932,1356.0,1535.0,"{'TP': 107, 'MH': 100, 'MFE': 70, 'MHx': 16, 'BE': 10, 'SN': 4}",4217.724813710558,205,4203.092831829159,315.31869295776903,102,329.95067483916955,-490.08937168890134,47,-490.0893716888995,1435.5992389158073,1435.5992389158068,616.6055607730168,616.6055607730164,924.5714027730197,924.5714027730191,1011.0376042921225,1011.0376042921239,963.6327459038532,963.6327459038525,-418.4030459894916,-418.40304598949024,250,13,57,0,6,7,-100.47862466188081,-1087.057329275604,0.0,70,-986.578704613723
no_gate_L,fixed_gate_only,100,schedule,5,283,5038.1363305026625,5038.14,56.8904593639576,1.8465125663777928,933.8656232496023,938.3268894948269,5038.136330502664,0.0,0,-682.6861578864018,2224.853843119427,2813.282487383235,156,127,1696,1222.0,1415.0,"{'TP': 100, 'MH': 86, 'MFE': 70, 'MHx': 14, 'BE': 10, 'SN': 3}",4078.7362632999066,191,4064.104281418509,959.4000672027546,92,974.0320490841555,-282.162692595287,40,-282.1626925952851,1565.836006555222,1565.836006555222,628.3985667372891,628.3985667372885,712.0517618478652,712.0517618478648,1020.1518162802506,1020.1518162802527,1322.1745459779127,1322.1745459779122,-210.4763668958773,-210.4763668958758,263,0,20,0,0,0,0.0,-481.4858807793888,0.0,20,-481.485880779388
no_gate_S,fixed_gate_only,100,schedule,5,287,5014.529387447716,5014.530000000001,56.79442508710801,1.779083274621741,995.7227760751866,1047.0382635698452,5014.529387447718,0.0,0,-731.0781971678834,2819.5482386137664,2194.9811488339506,134,153,1834,1266.0,1435.0,"{'TP': 106, 'MH': 92, 'MFE': 61, 'MHx': 15, 'BE': 10, 'SN': 3}",4477.671576979483,189,4463.039595098084,536.8578104682338,98,551.4897923496346,-300.16975086670243,44,-300.16975086670027,1567.1802318994653,1567.180231899465,714.9646496773876,714.9646496773876,984.8251978582394,984.8251978582384,980.7904905877979,980.7904905877995,995.2522425921193,995.2522425921188,-228.4834251672928,-228.483425167291,250,13,37,0,6,7,-100.47862466188081,-605.5714484962152,0.0,50,-505.0928238343349
anchor_joint125,fixed_joint,125,schedule,5,262,5986.995620035381,5986.970000000001,58.778625954198475,2.148282787761961,544.5895529276022,601.9399381765279,5986.995620035386,0.0,0,-459.26643895023335,3032.751410873812,2954.2442091615694,126,136,1627,1140.0,1310.0,"{'TP': 101, 'MH': 77, 'MFE': 55, 'MHx': 14, 'BE': 12, 'SN': 3}",4012.6253566016044,168,3997.9933747202062,1974.3702634337767,94,1989.00224531518,787.3436202108697,39,787.3436202108733,1508.8213788731273,1508.8213788731273,428.70220211574053,428.70220211573974,869.1525182571977,869.1525182571988,1076.7800073211552,1076.7800073211565,1244.5095675578812,1244.5095675578814,859.0299459102795,859.0299459102825,249,14,13,10,8,6,192.70087937023555,-66.2576187941483,726.3319069177142,37,467.3734087533303
anchor_scaled150,scaled_joint,150,schedule,5,255,5904.231562220642,5904.22,59.6078431372549,2.252494394057058,672.31153537705,676.7728016222745,5904.231562220646,0.0,0,-498.4427544457667,2438.698400189143,3465.5331620315005,129,126,1564,1100.0,1275.0,"{'TP': 98, 'MH': 73, 'MFE': 57, 'MHx': 13, 'BE': 12, 'SN': 2}",4520.411423771744,168,4505.779441890346,1383.8201384488993,87,1398.4521203303002,99.73861851513979,35,99.73861851514175,1610.3445452311305,1610.3445452311307,549.3735412247892,549.3735412247888,1146.7149462628963,1146.7149462628963,1203.1731875473788,1203.173187547381,1223.2003977398988,1223.200397739898,171.4249442145494,171.42494421455103,239,24,16,7,10,14,-241.24425752048617,118.56493518608875,24.800158232017292,47,384.6093509385919
