family,length,sizing,slip,trades,closed_pnl,display_pnl,wr,pf,realized_mdd,price_mdd,end_price_equity,end_floating,open_positions,worst30_price,L_pnl,S_pnl,L_trades,S_trades,holding_hours,fee,extra_cost,exits,early_pnl,early_trades,early_equity_change,late_pnl,late_trades,late_equity_change,recent_pnl,recent_trades,recent_equity_change,block1_pnl,block1_equity_change,block2_pnl,block2_equity_change,block3_pnl,block3_equity_change,block4_pnl,block4_equity_change,block5_pnl,block5_equity_change,block6_pnl,block6_equity_change,funding,funding_low,funding_high,funded_end_equity,mark_mdd,worst30_mark
fixed_joint,100,flat,0,262,6675.5379408098615,6675.53,61.06870229007634,2.546802909813701,409.80153209132186,415.92899567095355,6675.5379408098615,0.0,0,-365.36244904603336,3347.727158667789,3327.8107821420726,134,128,1589,1048.0,1310.0,"{'TP': 102, 'MH': 72, 'MFE': 59, 'MHx': 14, 'BE': 13, 'SN': 2}",4985.398353568944,173,4972.7600556966045,1690.139587240917,89,1702.777885113257,369.3216511852497,35,369.32165118525063,1719.3868099973242,1719.386809997324,1023.8871587366348,1023.8871587366345,894.8399861449049,894.8399861449043,1203.7560111722958,1203.7560111722973,1448.6585056509346,1448.6585056509339,385.00946910776713,385.0094691077675,-7.41996568322153,-14.691260282738902,3.369659794807353,6668.11797512664,415.9555130416429,-366.11185466077495
fixed_joint,10,flat,0,164,3306.796240015826,3306.7400000000002,59.756097560975604,2.1593149442545196,262.09273318654505,334.2495069381307,3306.796240015825,0.0,0,-285.55882096731284,2947.7416616611786,359.0545783546475,154,10,844,656.0,820.0,"{'MFE': 66, 'MH': 41, 'TP': 34, 'MHx': 14, 'BE': 7, 'SN': 2}",2294.5400009609334,115,2281.9017030885916,1012.2562390548924,49,1024.8945369272333,150.42330218183344,22,150.4233021818336,876.9813572030961,876.981357203096,377.4944609395558,377.49446093955567,758.6372473773077,758.6372473773076,172.23988282334474,172.2398828233438,1012.6823566934087,1012.6823566934095,108.76093497911255,108.76093497911233,-25.332772861544807,-31.596117732669434,-17.834323415043233,3281.46346715428,335.250211221251,-287.289941593855
fixed_joint,20,flat,0,193,4452.1456663632,4452.110000000001,63.212435233160626,2.3874681643024007,354.3244019548488,415.0258578037824,4452.1456663632,0.0,0,-354.3244019548488,2686.0644160451047,1766.0812503180955,150,43,1021,772.0,965.0,"{'MFE': 67, 'TP': 56, 'MH': 44, 'MHx': 17, 'BE': 6, 'SN': 3}",3271.261708384777,133,3258.6234105124345,1180.883957978423,60,1193.5222558507653,128.3559184775489,26,128.35591847754858,1027.305304881485,1027.3053048814847,920.8387536612328,920.8387536612327,479.81899452788974,479.81899452788934,734.1116026965404,734.1116026965392,1203.377459321224,1203.377459321226,86.69355127482801,86.69355127482777,-22.5990250942938,-29.35951971453222,-14.781299315124299,4429.546641268906,417.0106059003024,-355.35950227378316
fixed_joint,24,flat,0,211,4325.619061486604,4325.6,59.71563981042654,2.185659524503202,354.90397118589,415.6054270348236,4325.619061486602,0.0,0,-316.83571623963144,2694.103288424016,1631.5157730625874,152,59,1174,844.0,1055.0,"{'MFE': 67, 'TP': 61, 'MH': 56, 'MHx': 17, 'BE': 8, 'SN': 2}",3114.9229956078425,144,3102.2846977355,1210.6960658787607,67,1223.334363751102,190.89825117271442,27,190.89825117271357,1117.7846389552626,1117.7846389552626,865.0182151381634,865.0182151381632,397.17149439616173,397.1714943961613,663.250280215843,663.2502802158415,1154.0273098907435,1154.0273098907455,128.36712289042885,128.3671228904277,-21.47220425917188,-28.68803259604193,-13.69547807352052,4304.14685722743,418.0082278080381,-318.2362525292815
fixed_joint,30,flat,0,229,4753.4902324039585,4753.460000000001,59.82532751091703,2.2327396953586316,385.5921853876116,446.2936412365452,4753.490232403959,0.0,0,-347.52393044135306,2611.2969188473817,2142.193313556578,148,81,1315,916.0,1145.0,"{'TP': 72, 'MFE': 66, 'MH': 62, 'MHx': 17, 'BE': 10, 'SN': 2}",3459.6456347400344,151,3447.007336867692,1293.8445976639246,78,1306.4828955362673,211.5435910491509,32,211.54359104915056,1281.2295495949863,1281.2295495949863,780.3394662506471,780.3394662506464,378.6244355939695,378.6244355939698,917.0656021962982,917.0656021962968,1244.603450492601,1244.6034504926038,151.62772827545683,151.62772827545632,-17.958510187739577,-24.907216124968112,-10.242115414021994,4735.53172221622,448.3859469352442,-348.6139716564876
fixed_joint,40,flat,0,248,5389.955035551313,5389.92,60.483870967741936,2.264255242046324,271.8753512457447,334.2495069381316,5389.955035551312,0.0,0,-278.758349453818,3004.9704812059454,2384.984554345366,147,101,1469,992.0,1240.0,"{'TP': 84, 'MH': 68, 'MFE': 65, 'MHx': 18, 'BE': 10, 'SN': 3}",3992.625263693742,163,3979.9869658213997,1397.3297718575698,85,1409.9680697299123,307.6815705674685,34,307.68157056746895,1298.0108575351903,1298.0108575351903,876.8326846263747,876.8326846263742,856.6163563136404,856.6163563136406,858.7787841144033,858.7787841144018,1251.9506451679288,1251.9506451679304,247.76570779377437,247.7657077937747,-12.404230771711664,-19.284619838004676,-3.8281554515888887,5377.5508047796,335.2502112212519,-280.54441097656036
fixed_joint,50,flat,0,255,5809.320887726011,5809.3,61.1764705882353,2.347009904454276,296.31443370834495,334.24950693813116,5809.320887726011,0.0,0,-278.7583494538176,3042.6774522807445,2766.6434354452663,146,109,1522,1020.0,1275.0,"{'TP': 90, 'MH': 70, 'MFE': 64, 'MHx': 18, 'BE': 10, 'SN': 3}",4264.967943827221,168,4252.329645954879,1544.3529438987907,87,1556.991241771132,307.6815705674685,34,307.68157056746895,1507.0713470352196,1507.0713470352196,983.7458526565975,983.7458526565968,1017.1429890087749,1017.1429890087752,654.6211740224942,654.6211740224949,1398.97381720915,1398.9738172091502,247.76570779377437,247.7657077937747,-12.466123061839964,-20.268055322397583,-3.2959208741687913,5796.854764664171,335.25021122125145,-280.54441097655945
fixed_joint,75,flat,0,270,6452.127857393744,6452.11,60.370370370370374,2.387618707890894,358.7133992761137,364.8408628557454,6452.127857393747,0.0,0,-317.3913462416567,3100.292582232595,3351.8352751611496,143,127,1638,1080.0,1350.0,"{'TP': 101, 'MH': 75, 'MFE': 63, 'MHx': 16, 'BE': 12, 'SN': 3}",4660.7788268171935,174,4648.140528944854,1791.349030576552,96,1803.987328448893,337.68566279153504,37,337.68566279153583,1538.5698189131926,1538.5698189131926,1050.1800712190493,1050.1800712190484,868.7117678709224,868.7117678709219,1059.7887812962447,1059.7887812962467,1581.5039373802842,1581.5039373802847,353.37348071405245,353.3734807140527,-9.041791345838945,-16.96872957184117,2.4981713090109063,6443.086066047908,365.2299724506238,-318.34159662537513
fixed_joint,125,flat,0,261,6324.34334273395,6324.32,60.91954022988506,2.433672950814247,377.5476152675592,408.57822715808925,6324.343342733953,0.0,0,-333.1085322222707,2919.3637205510418,3404.9796221829083,124,137,1619,1044.0,1305.0,"{'TP': 103, 'MH': 73, 'MFE': 53, 'MHx': 15, 'BE': 14, 'SN': 3}",4651.245931810981,166,4638.607633938643,1673.0974109229699,95,1685.7357087953105,277.235772056983,35,277.2357720569844,1535.1014628367034,1535.1014628367031,721.5645410797202,721.5645410797213,987.5507437400641,987.5507437400638,1295.7547134604708,1295.7547134604729,1491.4482916374911,1491.448291637491,292.92358997950043,292.92358997950123,-2.144571378353505,-9.122198565579719,7.503245858134836,6322.1987713556,408.52844061163614,-333.8579378370123
fixed_joint,150,flat,0,256,5972.2624503217885,5972.219999999999,60.546875,2.341821417779788,508.1917591422516,549.5545907900487,5972.262450321792,0.0,0,-474.2509677756243,2795.649127723906,3176.613322597883,122,134,1590,1024.0,1280.0,"{'TP': 96, 'MH': 73, 'MFE': 52, 'MHx': 17, 'BE': 15, 'SN': 3}",4598.493700601151,163,4585.855402728813,1373.7687497206377,93,1386.4070475929793,325.9676707283081,36,325.9676707283106,1353.1706252266683,1353.1706252266683,787.0102169694159,787.0102169694167,1113.1678093165613,1113.1678093165601,1121.594569882524,1121.5945698825262,1255.6637402757935,1255.6637402757933,341.6554886508255,341.65548865082746,-2.439002557943533,-9.239372162294488,6.052158109770959,5969.823447763849,550.4351670853976,-474.62177931708266
fixed_joint,200,flat,0,248,5057.173572078402,5057.130000000001,59.67741935483871,2.0985069047775005,508.1917591422498,549.5545907900473,5057.173572078402,0.0,0,-474.25096777562294,2061.0287748984565,2996.1447971799453,112,136,1554,992.0,1240.0,"{'TP': 94, 'MH': 72, 'MFE': 49, 'MHx': 17, 'BE': 12, 'SN': 4}",3700.890406865431,160,3688.2521089930906,1356.2831652129703,88,1368.9214630853112,336.8114949836887,31,336.81149498368904,1137.0187865959708,1137.0187865959708,842.6123891592248,842.6123891592247,550.9356746667494,550.9356746667493,946.7730772375052,946.7730772375053,1227.3343315127456,1227.3343315127458,352.499312906206,352.4993129062059,-0.717016954807348,-7.951274984744204,7.890758431720171,5056.456555123595,550.4351670853953,-474.62177931708084
fixed_joint,250,flat,0,249,5240.71800010858,5240.68,59.43775100401606,2.137452509646094,448.90102675134995,470.872657366393,5240.718000108578,0.0,0,-424.1620632895879,2124.2709643844314,3116.447035724148,108,141,1540,996.0,1245.0,"{'TP': 98, 'MH': 73, 'MFE': 49, 'MHx': 13, 'BE': 12, 'SN': 4}",3796.436616851778,164,3783.7983189794368,1444.281383256801,85,1456.9196811291413,192.62014794047454,31,192.62014794047354,1150.4278416519735,1150.4278416519737,860.873190133108,860.873190133108,639.7430174391915,639.7430174391907,943.0645658661653,943.0645658661651,1438.3014191551495,1438.3014191551501,208.30796586299195,208.3079658629904,0.27333076483111096,-6.948661114245086,9.367152558527266,5240.991330873409,470.3499026107279,-424.5193615772105
fixed_joint,300,flat,0,251,4968.413090839558,4968.41,59.76095617529881,2.0807337416781677,455.6554643310301,477.62709494607316,4968.413090839558,0.0,0,-430.916500869268,1701.6084439650929,3266.804646874465,109,142,1556,1004.0,1255.0,"{'TP': 98, 'MH': 72, 'MFE': 50, 'MHx': 14, 'BE': 13, 'SN': 4}",3594.5293738658956,162,3581.8910759935548,1373.883716973662,89,1386.5220148460035,169.16979354451598,32,169.16979354451541,932.8618976425096,932.8618976425097,991.6366546661901,991.6366546661901,687.8968974290411,687.896897429041,773.0514847871345,773.0514847871345,1398.1085448476485,1398.1085448476506,184.8576114670335,184.85761146703226,-1.5952011454603445,-7.5429699140393325,8.349956682282105,4966.817889694098,477.10434019040804,-431.2737991568906
fixed_gate_only,100,flat,0,262,6675.5379408098615,6675.53,61.06870229007634,2.546802909813701,409.80153209132186,415.92899567095355,6675.5379408098615,0.0,0,-365.36244904603336,3347.727158667789,3327.8107821420726,134,128,1589,1048.0,1310.0,"{'TP': 102, 'MH': 72, 'MFE': 59, 'MHx': 14, 'BE': 13, 'SN': 2}",4985.398353568944,173,4972.7600556966045,1690.139587240917,89,1702.777885113257,369.3216511852497,35,369.32165118525063,1719.3868099973242,1719.386809997324,1023.8871587366348,1023.8871587366345,894.8399861449049,894.8399861449043,1203.7560111722958,1203.7560111722973,1448.6585056509346,1448.6585056509339,385.00946910776713,385.0094691077675,-7.41996568322153,-14.691260282738902,3.369659794807353,6668.11797512664,415.9555130416429,-366.11185466077495
fixed_gate_only,10,flat,0,166,3472.273093865477,3472.25,57.831325301204814,2.2570883269243494,262.67230241758625,334.2495069381307,3472.2730938654763,0.0,0,-248.0701352520955,3075.1153924187347,397.15770144674286,156,10,863,664.0,830.0,"{'MFE': 70, 'MH': 42, 'TP': 33, 'MHx': 11, 'BE': 8, 'SN': 2}",2488.861523670593,115,2476.223225798252,983.4115701948833,51,996.0498680672245,146.24236000641883,22,146.2423600064185,910.0874715127926,910.0874715127925,319.3490896067412,319.34908960674056,818.8641161943477,818.8641161943483,368.8624794543005,368.8624794542993,950.5299442935973,950.5299442935984,104.57999280369793,104.57999280369722,-26.5421076705742,-32.3947404170132,-19.988165500518967,3445.730986194902,335.250211221251,-250.1666918493529
fixed_gate_only,20,flat,0,198,4722.183367759493,4722.18,61.61616161616161,2.4464687804974794,354.90397118589,415.6054270348236,4722.183367759492,0.0,0,-316.83571623963144,2924.7314421350275,1797.4519256244657,155,43,1052,792.0,990.0,"{'MFE': 70, 'TP': 57, 'MH': 46, 'MHx': 13, 'BE': 9, 'SN': 3}",3505.6453559687243,136,3493.007058096381,1216.5380117907687,62,1229.1763096631112,124.17497630213425,26,124.17497630213438,1046.375938065693,1046.3759380656927,862.6933823284182,862.693382328418,594.143469344705,594.1434693447043,930.7341993274963,930.7341993274949,1205.7237695937674,1205.7237695937688,82.51260909941338,82.51260909941357,-23.89334846693832,-30.243130962491115,-15.783835445391603,4698.290019292554,418.0082278080381,-318.2362525292815
fixed_gate_only,24,flat,0,214,4582.814986484656,4582.83,58.87850467289719,2.236136004925302,354.90397118589,415.6054270348236,4582.8149864846555,0.0,0,-316.83571623963144,2924.7314421350275,1658.083544349629,155,59,1182,856.0,1070.0,"{'MFE': 70, 'TP': 62, 'MH': 57, 'MHx': 14, 'BE': 9, 'SN': 2}",3339.6784744743118,147,3327.0401766019695,1243.1365120103444,67,1255.774809882686,170.92659400804942,27,170.9265940080495,1137.2950258773774,1137.2950258773774,806.8728438053488,806.8728438053486,511.4959692129769,511.49596921297666,812.316268676197,812.3162686761957,1206.4394131869924,1206.4394131869935,108.39546572576383,108.39546572576364,-22.673366075719322,-29.44344648450592,-14.49595919401554,4560.141620408936,418.0082278080381,-318.2362525292815
fixed_gate_only,30,flat,0,232,5063.23910861502,5063.24,59.48275862068966,2.3033775639967518,385.5921853876116,446.2936412365452,5063.239108615018,0.0,0,-347.52393044135306,2894.4780237714003,2168.7610848436193,151,81,1323,928.0,1160.0,"{'TP': 74, 'MFE': 69, 'MH': 62, 'MHx': 14, 'BE': 11, 'SN': 2}",3742.5464849393184,154,3729.9081870669747,1320.692623675701,78,1333.3309215480435,191.57193388448584,32,191.5719338844865,1300.7399365171011,1300.7399365171011,780.3394662506471,780.3394662506464,492.9489104107847,492.9489104107838,1066.1315906566522,1066.1315906566506,1291.4231336690427,1291.423133669044,131.6560711107918,131.65607111079225,-19.563346007630614,-26.066304016775693,-11.042596534517008,5043.675762607388,448.3859469352442,-348.6139716564876
fixed_gate_only,40,flat,0,248,5456.081788305013,5456.08,60.483870967741936,2.2842865735328854,271.87535124574424,334.24950693813116,5456.081788305012,0.0,0,-278.7583494538176,3082.6325857647,2373.4492025403124,147,101,1465,992.0,1240.0,"{'TP': 85, 'MFE': 68, 'MH': 66, 'MHx': 15, 'BE': 11, 'SN': 3}",4047.6637967059014,163,4035.0254988335582,1408.417991599111,85,1421.056289471454,305.69065396212034,34,305.69065396212136,1317.5212444573049,1317.5212444573046,876.8326846263747,876.8326846263742,743.0785139433312,743.078513943331,1007.8447725747573,1007.8447725747556,1265.0297815148185,1265.0297815148197,245.77479118842615,245.77479118842712,-13.27276284583599,-20.11811610873116,-4.1329358837831585,5442.809025459176,335.25021122125145,-280.5444109765599
fixed_gate_only,50,flat,0,255,5936.281950631155,5936.28,61.1764705882353,2.3887725651224674,296.3144337083454,334.24950693813116,5936.281950631155,0.0,0,-278.7583494538176,3181.1738669909428,2755.108083640213,146,109,1515,1020.0,1275.0,"{'TP': 91, 'MH': 68, 'MFE': 66, 'MHx': 16, 'BE': 11, 'SN': 3}",4381.922385260266,168,4369.284087387924,1554.3595653708892,87,1566.9978632432312,305.69065396212034,34,305.69065396212136,1550.927914547065,1550.9279145470653,983.7458526565975,983.7458526565972,941.1748744696218,941.1748744696215,803.6871624828482,803.6871624828473,1410.9713552865967,1410.971355286597,245.77479118842615,245.77479118842712,-13.334655135964288,-21.101551593124068,-3.6007013063630606,5922.947295495191,335.25021122125145,-280.54441097655945
fixed_gate_only,75,flat,0,270,6512.105503966502,6512.099999999999,60.74074074074074,2.419599976757123,358.7133992761137,364.8408628557454,6512.105503966505,0.0,0,-317.3913462416567,3155.005210369296,3357.1002935972056,143,127,1633,1080.0,1350.0,"{'TP': 101, 'MH': 73, 'MFE': 64, 'MHx': 17, 'BE': 12, 'SN': 3}",4725.882515331206,174,4713.244217458869,1786.2229886352952,96,1798.8612865076366,320.56208277283156,37,320.5620827728326,1563.3557532408302,1563.3557532408304,1051.0354763099674,1051.0354763099667,908.1741169663804,908.1741169663806,1059.7887812962447,1059.7887812962467,1593.501475457731,1593.5014754577314,336.2499006953491,336.2499006953494,-9.730909372947789,-17.62281179555217,2.193390876816637,6502.374594593557,365.2299724506238,-318.3415966253742
fixed_gate_only,125,flat,0,264,6510.614009868646,6510.6,60.984848484848484,2.4491839419380876,409.80153209132186,415.92899567095355,6510.6140098686465,0.0,0,-365.36244904603336,3178.6858885162637,3331.9281213523814,127,137,1626,1056.0,1320.0,"{'TP': 104, 'MH': 74, 'MFE': 54, 'MHx': 16, 'BE': 13, 'SN': 3}",4843.063985931551,169,4830.425688059211,1667.5500239370942,95,1680.1883218094354,286.6855764898387,35,286.68557648984006,1505.3746952861813,1505.374695286181,968.4707841867149,968.470784186715,987.5507437400641,987.5507437400638,1238.1393752008055,1238.139375200807,1508.705017042523,1508.7050170425227,302.3733944123561,302.3733944123569,-2.5874102522195637,-9.984237364640304,7.503245858134836,6508.026599616427,415.9555130416429,-366.11185466077495
fixed_gate_only,150,flat,0,259,6233.588372366574,6233.54,60.231660231660236,2.378792375222969,540.4456759660143,581.8085076138113,6233.588372366576,0.0,0,-506.50488459938697,2926.201785576832,3307.386586789742,124,135,1617,1036.0,1295.0,"{'TP': 99, 'MH': 75, 'MFE': 51, 'MHx': 17, 'BE': 14, 'SN': 3}",4779.961809930157,165,4767.3235120578165,1453.6265624364178,94,1466.2648603087591,325.9676707283081,36,325.9676707283106,1323.443857676146,1323.443857676146,914.5967543969715,914.5967543969716,1160.2534351384484,1160.2534351384475,1125.8633666888459,1125.8633666888472,1367.7754698153367,1367.7754698153358,341.6554886508255,341.65548865082746,-3.5400531344557757,-10.359712247627195,5.964042786265981,6230.04831923212,582.6890839091602,-506.8756961408453
fixed_gate_only,200,flat,0,250,5635.953177046322,5635.92,59.599999999999994,2.243365815290085,540.4456759660134,581.8085076138109,5635.953177046322,0.0,0,-506.5048845993865,2542.3519858026034,3093.601191243718,113,137,1581,1000.0,1250.0,"{'TP': 98, 'MH': 75, 'MFE': 48, 'MHx': 16, 'BE': 10, 'SN': 3}",4105.702237585952,161,4093.06393971361,1530.2509394603692,89,1542.8892373327117,430.9214565153072,31,430.9214565153088,1107.2920190454486,1107.2920190454488,1017.1355238480824,1017.1355238480819,615.2945137031116,615.2945137031111,1110.1757849595656,1110.1757849595647,1339.4460610522888,1339.4460610522897,446.60927443782475,446.60927443782566,-1.0191561784147272,-8.58768432193211,8.77886963972959,5634.934020867907,582.6890839091593,-506.87569614084487
fixed_gate_only,250,flat,0,245,5320.907865420997,5320.87,58.77551020408164,2.1664543257733357,535.6109052452762,576.9737368930737,5320.907865420998,0.0,0,-501.6701138786493,2445.3616455793813,2875.546219841616,108,137,1544,980.0,1225.0,"{'TP': 95, 'MH': 77, 'MFE': 48, 'MHx': 13, 'BE': 9, 'SN': 3}",4027.4418635887314,164,4014.8035657163896,1293.4660018322666,81,1306.1042997046084,279.5578360927958,31,279.5578360927966,1107.2920190454486,1107.2920190454488,849.4419347190842,849.4419347190842,704.1018564755536,704.1018564755532,1115.6364280396385,1115.6364280396374,1249.1899731259598,1249.189973125961,295.2456540153132,295.24565401531345,0.5609596295905677,-7.5799835230212995,9.863848291665015,5321.468825050589,577.4888772177069,-501.67548944939244
fixed_gate_only,300,flat,0,247,5047.915206685948,5047.88,59.10931174089069,2.1144025121351366,535.6109052452753,576.9737368930728,5047.91520668595,0.0,0,-501.6701138786484,2106.299824252294,2941.6153824336534,109,138,1563,988.0,1235.0,"{'TP': 95, 'MH': 77, 'MFE': 49, 'MHx': 14, 'BE': 9, 'SN': 3}",3826.336252174825,162,3813.6979543024845,1221.5789545111231,85,1234.2172523834652,242.2286636643263,32,242.22866366432754,889.7260750359848,889.7260750359848,955.494352943635,955.4943529436354,768.5890975682266,768.5890975682269,961.5571013179717,961.5571013179715,1214.6320982332861,1214.6320982332868,257.9164815868437,257.9164815868444,-1.1374775871612708,-7.510427484523325,8.955545869095065,5046.777729098789,577.4888772177051,-501.6754894493906
scaled_joint,100,flat,0,262,6675.5379408098615,6675.53,61.06870229007634,2.546802909813701,409.80153209132186,415.92899567095355,6675.5379408098615,0.0,0,-365.36244904603336,3347.727158667789,3327.8107821420726,134,128,1589,1048.0,1310.0,"{'TP': 102, 'MH': 72, 'MFE': 59, 'MHx': 14, 'BE': 13, 'SN': 2}",4985.398353568944,173,4972.7600556966045,1690.139587240917,89,1702.777885113257,369.3216511852497,35,369.32165118525063,1719.3868099973242,1719.386809997324,1023.8871587366348,1023.8871587366345,894.8399861449049,894.8399861449043,1203.7560111722958,1203.7560111722973,1448.6585056509346,1448.6585056509339,385.00946910776713,385.0094691077675,-7.41996568322153,-14.691260282738902,3.369659794807353,6668.11797512664,415.9555130416429,-366.11185466077495
scaled_joint,10,flat,0,253,5843.438844458628,5843.4400000000005,60.079051383399204,2.3655761295223314,446.77833154491964,484.013699613085,5843.438844458628,0.0,0,-408.71007659866063,2899.9522462265377,2943.48659823209,129,124,1573,1012.0,1265.0,"{'TP': 93, 'MH': 68, 'MFE': 58, 'BE': 17, 'MHx': 15, 'SN': 2}",4797.374801285785,166,4784.736503413445,1046.0640431728445,87,1058.7023410451839,240.1012983561547,32,240.10129835615498,1580.0592033766063,1580.0592033766063,882.0090579388149,882.0090579388145,1231.77940049619,1231.7794004961897,847.7227434444287,847.7227434444299,1046.0793229239164,1046.0793229239162,255.78911627867214,255.78911627867183,-8.05532890310074,-15.82041387474048,0.40395842417983274,5835.383515555528,485.45226700833246,-409.63887924001756
scaled_joint,20,flat,0,260,5652.542947198164,5652.56,59.23076923076923,2.2161131744921674,492.4745731616372,533.8374048094347,5652.542947198166,0.0,0,-458.5337817950103,2918.938967886717,2733.6039793114464,133,127,1602,1040.0,1300.0,"{'TP': 94, 'MH': 72, 'MFE': 60, 'BE': 17, 'MHx': 15, 'SN': 2}",4377.353308063504,171,4364.715010191166,1275.1896391346586,89,1287.8279370070004,400.13915976574947,33,400.13915976575026,1531.217893222018,1531.2178932220183,837.1557985278357,837.1557985278353,984.6496651223171,984.6496651223165,768.5255551615901,768.5255551615915,1115.1670574761358,1115.1670574761374,415.8269776882669,415.8269776882671,-8.729468204216303,-16.529547411288483,-0.15755540888700492,5643.8134789939495,534.918825873759,-459.1054381054446
scaled_joint,24,flat,0,262,5848.961081399394,5848.96,59.541984732824424,2.2603301982636563,492.47457316163764,533.8374048094347,5848.961081399394,0.0,0,-458.5337817950103,2931.3952285660725,2917.5658528333215,132,130,1608,1048.0,1310.0,"{'TP': 96, 'MH': 75, 'MFE': 58, 'MHx': 17, 'BE': 14, 'SN': 2}",4625.473700632951,175,4612.83540276061,1223.4873807664442,87,1236.125678638784,406.7838566887143,32,406.7838566887149,1603.1054965295402,1603.1054965295405,1013.3885877897582,1013.3885877897571,984.6496651223171,984.649665122316,768.5255551615901,768.5255551615924,1132.4237828811679,1132.4237828811674,346.8679939150203,346.86799391502063,-7.590501841616304,-15.780972559973986,1.3814196541856893,5841.370579557778,534.9188258737595,-459.1054381054446
scaled_joint,30,flat,0,266,5979.995068969734,5979.98,60.150375939849624,2.290195367525265,492.47457316163764,533.8374048094347,5979.995068969735,0.0,0,-458.5337817950103,2937.611609888814,3042.3834590809206,132,134,1646,1064.0,1330.0,"{'TP': 98, 'MH': 76, 'MFE': 58, 'MHx': 18, 'BE': 14, 'SN': 2}",4588.878940247733,174,4576.240642375393,1391.1161287220018,92,1403.7544265943425,406.7838566887143,32,406.7838566887149,1713.1472571516533,1713.147257151653,1004.5794722198058,1004.579472219805,992.740854169686,992.7408541696855,622.6069606768434,622.6069606768451,1300.052530836726,1300.052530836726,346.8679939150203,346.86799391502063,-5.714889640739957,-14.311347412470367,2.5369536038538407,5974.2801793289955,534.9188258737604,-459.1054381054446
scaled_joint,40,flat,0,260,6148.276631702107,6148.26,60.0,2.3540446441117937,492.47457316163764,533.8374048094347,6148.276631702108,0.0,0,-458.5337817950103,3031.527494560896,3116.749137141211,131,129,1612,1040.0,1300.0,"{'TP': 98, 'MH': 73, 'MFE': 58, 'MHx': 15, 'BE': 14, 'SN': 2}",4948.573862495168,173,4935.935564622829,1199.7027692069385,87,1212.3410670792791,408.548790849228,32,408.5487908492287,1692.7067018500327,1692.7067018500327,1006.3513467518079,1006.3513467518076,1055.2463620696406,1055.2463620696399,938.465055793943,938.4650557939444,1031.2705564649373,1031.2705564649377,424.2366087717454,424.2366087717455,-8.224199019695376,-16.19244127431262,0.0691108746094759,6140.0524326824125,534.9188258737595,-459.1054381054446
scaled_joint,50,flat,0,270,6590.914717562997,6590.9,61.111111111111114,2.445094049733925,358.7133992761137,364.8408628557454,6590.914717563,0.0,0,-317.3913462416567,3238.1059637806025,3352.808753782394,134,136,1656,1080.0,1350.0,"{'TP': 104, 'MH': 74, 'MFE': 60, 'BE': 15, 'MHx': 15, 'SN': 2}",5011.264671323989,174,4998.62637345165,1579.650046239008,96,1592.28834411135,426.4934192690713,33,426.49341926907255,1667.3433617469384,1667.3433617469384,1082.2268591836169,1082.2268591836157,1041.044780202715,1041.0447802027143,1077.1212826729343,1077.121282672937,1280.9971965652037,1280.9971965652048,442.1812371915888,442.1812371915894,-7.649287604705499,-15.669801671389525,1.282662698531186,6583.265429958294,365.2299724506238,-318.3415966253742
scaled_joint,75,flat,0,270,6603.465381169117,6603.44,60.370370370370374,2.439020870301164,406.68450208049035,412.81196566012204,6603.465381169118,0.0,0,-365.36244904603336,3281.2006270297597,3322.264754139357,134,136,1653,1080.0,1350.0,"{'TP': 104, 'MH': 76, 'MFE': 59, 'MHx': 15, 'BE': 14, 'SN': 2}",4827.762732719684,176,4815.124434847345,1775.7026484494327,94,1788.3409463217731,349.49037644666464,34,349.4903764466653,1640.163920878728,1640.1639208787276,1076.6536818657369,1076.6536818657362,978.4563128823928,978.456312882392,988.9604295750427,988.9604295750446,1554.0528415980355,1554.0528415980352,365.17819436918205,365.17819436918217,-8.156781511957618,-16.36423506555914,2.835652550841043,6595.30859965716,413.0002304860245,-366.11185466077495
scaled_joint,125,flat,0,261,6810.108578503085,6810.08,62.06896551724138,2.6174038783339997,348.95960609414396,408.57822715808925,6810.1085785030855,0.0,0,-324.2206426323819,3289.7738804043447,3520.3346980987394,132,129,1594,1044.0,1305.0,"{'TP': 102, 'MH': 69, 'MFE': 59, 'BE': 14, 'MHx': 14, 'SN': 3}",5055.152093290928,169,5042.513795418588,1754.956485212156,92,1767.594783084497,348.8812848758298,34,348.8812848758316,1646.3237534812874,1646.3237534812872,1075.176347152817,1075.1763471528168,926.4273687629175,926.4273687629166,1304.8380427897732,1304.838042789775,1492.7739635179423,1492.7739635179414,364.5691027983472,364.56910279834847,-5.484088630819822,-12.854995743240563,4.34739732133451,6804.624489872265,408.52844061163614,-325.3081360424303
scaled_joint,150,flat,0,255,7122.141506072901,7122.099999999999,62.745098039215684,2.8353105012773003,344.1248353734063,408.57822715808925,7122.141506072904,0.0,0,-315.07247035032196,3067.259082254004,4054.8824238188977,128,127,1559,1020.0,1275.0,"{'TP': 102, 'MH': 67, 'MFE': 56, 'BE': 14, 'MHx': 14, 'SN': 2}",5099.683389599483,166,5087.045091727145,2022.4581164734182,89,2035.0964143457595,527.3889739370574,33,527.3889739370597,1640.8086433304907,1640.8086433304907,830.1482526634235,830.148252663424,1213.5937066267911,1213.5937066267911,1321.8943781567045,1321.894378156706,1572.619733435917,1572.6197334359158,543.0767918595748,543.0767918595766,-5.249930724128793,-11.885917004375868,3.2005202499570893,7116.891575348775,408.52844061163614,-316.1599637603704
scaled_joint,200,flat,0,255,5904.494285239998,5904.41,60.3921568627451,2.3430626872153333,531.2975036839543,572.6603353317519,5904.494285239999,0.0,0,-497.35671231732704,2843.016466024055,3061.477819215944,132,123,1570,1020.0,1275.0,"{'TP': 95, 'MH': 72, 'MFE': 60, 'MHx': 13, 'BE': 12, 'SN': 3}",4416.900088183181,166,4404.261790310841,1487.5941970568178,89,1500.2324949291578,493.61682547305713,34,493.61682547305736,1292.6519739209639,1292.651973920964,858.8551451617409,858.8551451617416,1025.4492005389463,1025.4492005389457,993.2875448138452,993.2875448138457,1224.9457774089276,1224.9457774089278,509.30464339557466,509.3046433955742,-4.861338613167453,-12.540865676662944,4.441272050136275,5899.632946626832,573.5409116270998,-497.7275238587854
scaled_joint,250,flat,0,254,4756.874463074488,4756.8099999999995,59.055118110236215,1.9760751661824463,531.297503683953,572.6603353317505,4756.8744630744895,0.0,0,-497.3567123173261,2177.846647349479,2579.027815725009,131,123,1580,1016.0,1270.0,"{'TP': 91, 'MH': 74, 'MFE': 60, 'MHx': 13, 'BE': 11, 'SN': 5}",3442.8466065910116,160,3430.2083087186716,1314.0278564834766,94,1326.666154355818,325.5043723065072,38,325.5043723065073,1085.2088546028874,1085.2088546028879,516.8706252773054,405.37850945607534,656.2311079350629,767.7232237562932,937.8797950280717,937.8797950280714,1219.491890002136,1219.4918900021376,341.19219022902473,341.19219022902416,-5.198628338785017,-12.996922865100958,4.239060809754392,4751.6758347357045,573.540911627098,-497.72752385878357
scaled_joint,300,flat,0,255,4546.979996658452,4546.92,58.43137254901961,1.9255183115325905,531.297503683953,572.6603353317505,4546.979996658453,0.0,0,-497.3567123173261,2226.1239014553184,2320.856095203133,136,119,1593,1020.0,1275.0,"{'TP': 87, 'MH': 75, 'MFE': 63, 'MHx': 14, 'BE': 11, 'SN': 5}",3424.2935081263586,161,3411.655210254018,1122.686488532093,94,1135.3247864044351,148.91538601324694,37,148.91538601324737,1144.3436507667227,1144.3436507667232,596.3246662866733,596.3246662866734,697.7184305686324,697.7184305686319,739.2505367566459,739.2505367566459,1204.739508344013,1204.7395083440147,164.60320393576436,164.6032039357642,-11.097011466188443,-17.67920518378702,-0.5052247992263079,4535.882985192265,573.5409116270985,-497.727523858784
fixed_joint,100,flat,2,257,6320.252528150043,6320.200000000001,60.311284046692606,2.463391985378771,409.2909131705119,432.84735579914286,6320.252528150045,0.0,0,-377.7714999936543,3060.4544985969187,3259.7980295531233,130,127,1560,1028.0,1285.0,"{'TP': 100, 'MH': 71, 'MFE': 59, 'MHx': 13, 'BE': 12, 'SN': 2}",4679.914661461889,170,4666.478650791686,1640.3378666881538,87,1653.7738773583587,313.237911986191,35,313.23791198618983,1689.9221670517834,1689.9221670517838,828.3769647522362,828.376964752237,846.6922581189632,846.6922581189633,1161.7882638131018,1161.788263813104,1480.4407936354264,1480.4407936354246,313.03208077853276,313.03208077853196,-6.633436409237522,-13.872127024799697,3.820358977089468,6313.619091740808,432.71604061311155,-378.4156930151994
fixed_joint,10,flat,2,158,3085.6499134724354,3085.64,57.59493670886076,2.1131680729651277,273.210872465414,345.36472497430645,3085.6499134724327,0.0,0,-297.4760881539746,2742.41887799502,343.2310354774153,148,10,820,632.0,790.0,"{'MFE': 64, 'MH': 40, 'TP': 33, 'MHx': 13, 'BE': 7, 'SN': 1}",2154.679710202364,110,2141.243699532155,930.9702032700719,48,944.4062139402777,115.04919575759817,22,115.04919575759823,836.7042047549655,836.7042047549654,366.3941551455531,366.3941551455524,708.7456673845367,708.7456673845363,128.88245835511455,128.88245835511339,982.6630350389405,982.66303503894,62.26039279332488,62.26039279332508,-24.361532909027446,-30.624204339610973,-17.200415770503433,3061.288380563405,346.36522915659066,-299.20686262562276
fixed_joint,20,flat,2,187,4186.844704480634,4186.82,61.49732620320856,2.335438145879297,367.0761606251035,429.3839528971466,4186.844704480632,0.0,0,-367.0761606251035,2487.259399723722,1699.5853047569126,144,43,997,748.0,935.0,"{'MFE': 65, 'TP': 55, 'MH': 43, 'MHx': 16, 'BE': 6, 'SN': 2}",3103.235219098624,128,3089.7992084284174,1083.609485382011,59,1097.0454960522143,88.04251836889051,26,88.04251836888943,982.2869076237915,982.2869076237916,893.9886356218733,893.9886356218733,431.6077954789883,431.60779547898824,681.3986558117772,681.3986558117767,1162.308994539587,1162.308994539586,35.253715404617225,35.25371540461583,-21.627272278278006,-28.38726146781788,-14.14632042121861,4165.217432202354,431.3684055744143,-368.1109725571355
fixed_joint,24,flat,2,204,4069.7068771725967,4069.6800000000003,58.333333333333336,2.143503757214188,331.2057467298082,393.5135390018513,4069.706877172593,0.0,0,-331.2057467298082,2531.744808541663,1537.9620686309331,145,59,1144,816.0,1020.0,"{'MFE': 65, 'TP': 60, 'MH': 54, 'MHx': 16, 'BE': 8, 'SN': 1}",2929.2700455444237,139,2915.8340348742167,1140.4368316281732,65,1153.8728422983763,147.54984649381188,27,147.54984649380913,1069.6090019832561,1069.6090019832561,833.3556063852517,833.355606385252,345.733791046348,345.73379104634773,602.4888354626695,602.4888354626687,1146.2324283632338,1146.2324283632333,72.28721393183778,72.28721393183514,-20.447452628087927,-27.662866619219766,-13.007465008722493,4049.2594245445052,395.863354577255,-332.6059215599762
fixed_joint,30,flat,2,222,4346.134093172337,4346.1,58.55855855855856,2.104805426751485,363.50295801662696,425.8107502886701,4346.134093172334,0.0,0,-363.50295801662696,2449.794488667134,1896.3396045052027,141,81,1278,888.0,1110.0,"{'TP': 71, 'MFE': 64, 'MH': 59, 'MHx': 16, 'BE': 10, 'SN': 2}",3145.6740340109654,146,3132.238023340759,1200.4600591613719,76,1213.8960698315755,160.21984943881336,32,160.21984943881125,1072.5582940677284,1072.5582940677284,751.9333769458965,751.9333769458972,325.58259259270443,325.58259259270403,885.2197484509188,885.2197484509184,1224.86327175806,1224.863271758059,85.97680935702897,85.97680935702738,-17.331412003295732,-24.279810166198097,-9.951606394952396,4328.802681169039,427.85000867812096,-364.59257566084216
fixed_joint,40,flat,2,241,4953.664550863881,4953.619999999999,59.33609958506224,2.138901582300222,269.63766985693746,364.6012171824086,4953.664550863876,0.0,0,-293.90288554549807,2844.9138924324743,2108.7506584314056,140,101,1432,964.0,1205.0,"{'TP': 83, 'MH': 65, 'MFE': 63, 'MHx': 17, 'BE': 10, 'SN': 3}",3660.924599254617,158,3647.4885885844105,1292.7399516092637,83,1306.1759622794652,253.16019690349998,34,253.16019690349822,1089.326862025203,1089.326862025203,843.6750422983704,843.6750422983705,795.5628752836024,795.5628752836028,821.9797976937238,821.9797976937234,1224.2028167412652,1224.2028167412627,178.91715682171554,178.91715682171343,-11.77728458419838,-18.657352210057827,-3.537722700173298,4941.8872662796775,363.9150538338017,-295.68846572932944
fixed_joint,50,flat,2,248,5517.768393516655,5517.74,60.08064516129033,2.299906919370001,301.3642660763021,345.36472497430714,5517.7683935166515,0.0,0,-293.9028855454985,2884.2090630789285,2633.5593304377267,139,109,1492,992.0,1240.0,"{'TP': 89, 'MH': 68, 'MFE': 62, 'MHx': 17, 'BE': 10, 'SN': 2}",4081.140752799537,163,4067.7047421293314,1436.6276407171188,85,1450.06365138732,253.16019690349998,34,253.16019690349822,1451.0678822728423,1451.0678822728428,947.4375454628329,947.4375454628334,954.5147948882412,954.5147948882418,617.7405082219029,617.7405082219025,1368.0905058491207,1368.0905058491176,178.91715682171554,178.91715682171343,-11.441157742019634,-19.243044347655296,-2.6073501413028173,5506.327235774632,346.36522915659043,-295.68846572932944
fixed_joint,75,flat,2,264,6183.343072918917,6183.31,59.46969696969697,2.3569318316971444,359.7038987426895,371.9204429522897,6183.343072918917,0.0,0,-328.1844855658319,2954.203055669099,3229.140017249818,137,127,1613,1056.0,1320.0,"{'TP': 99, 'MH': 75, 'MFE': 62, 'MHx': 15, 'BE': 11, 'SN': 2}",4514.003107551758,170,4500.567096881554,1669.339965367159,94,1682.7759760373629,278.3740290024429,37,278.3740290024416,1509.1089215012134,1509.1089215012137,1013.4105864517861,1013.4105864517876,814.1982789720602,814.1982789720605,1024.1503129008925,1024.1503129008943,1544.30677529818,1544.3067752981779,278.16819779478465,278.1681977947828,-8.143566565513877,-16.07048414278845,3.060403783662754,6175.199506353403,371.89016684328,-329.0295635333423
fixed_joint,125,flat,2,256,5754.271997128466,5754.219999999999,59.375,2.2677950566289513,403.1023947155545,421.32629611272114,5754.271997128468,0.0,0,-345.51199756045025,2603.8747930469826,3150.3972040814842,120,136,1593,1024.0,1280.0,"{'TP': 100, 'MH': 73, 'MFE': 52, 'BE': 14, 'MHx': 14, 'SN': 3}",4327.500527558815,163,4314.06451688861,1426.7714695696518,93,1440.2074802398574,222.5791633920556,35,222.5791633920544,1482.4087574455034,1482.4087574455036,527.7636497480904,527.7636497480903,941.0598868130664,941.0598868130667,1255.3927282595523,1255.392728259556,1325.2736426778565,1325.2736426778547,222.37333218439733,222.37333218439653,-1.2222332173217292,-8.19996693285167,7.6900827976445445,5753.049763911146,421.2762963251371,-346.15619058199627
fixed_joint,150,flat,2,252,5497.804913102055,5497.74,59.12698412698413,2.2012321448930616,530.6053680136815,571.976473882653,5497.804913102053,0.0,0,-494.27758726590764,2483.4162348500495,3014.3886782520044,118,134,1574,1008.0,1260.0,"{'TP': 94, 'MH': 73, 'MFE': 51, 'MHx': 16, 'BE': 15, 'SN': 3}",4279.637000789678,160,4266.200990119473,1218.1679123123765,92,1231.6039229825801,269.72627953446323,36,269.72627953446226,1303.7182231533766,1303.7182231533768,596.4289478325805,596.4289478325809,1065.1304899233012,1065.1304899233012,1079.566187344707,1079.5661873447098,1183.440616521284,1183.4406165212813,269.52044832680485,269.5204483268035,-1.5954122117120406,-8.395852885758428,6.560262413557717,5496.209500890342,572.8565636590347,-494.6478313617363
fixed_joint,200,flat,2,244,4593.471656402891,4593.400000000001,58.606557377049185,1.9710692367746045,530.6053680136833,571.9764738826543,4593.471656402886,0.0,0,-494.277587265909,1758.3773375176813,2835.0943188852098,108,136,1538,976.0,1220.0,"{'TP': 92, 'MH': 72, 'MFE': 48, 'MHx': 16, 'BE': 12, 'SN': 4}",3380.2968979759057,157,3366.8608873056996,1213.1747584269854,87,1226.6107690971862,293.0539190106881,31,293.0539190106847,1085.763160343668,1085.7631603436685,650.4566459964605,650.4566459964606,502.91915121477894,502.9191512147793,906.3647878852858,906.3647878852848,1155.1198231596682,1155.1198231596668,292.84808780302984,292.8480878030259,0.12673021111017269,-7.107745155568622,8.399158859065537,4593.598386613996,572.856563659036,-494.6478313617381
fixed_joint,250,flat,2,245,4737.074083161414,4737.039999999999,58.36734693877551,2.000290585798813,468.1113597811459,491.6678024097773,4737.074083161411,0.0,0,-436.5919466042883,1828.007352562749,2909.0667305986644,104,141,1523,980.0,1225.0,"{'TP': 96, 'MH': 73, 'MFE': 48, 'BE': 12, 'MHx': 12, 'SN': 4}",3431.0122905642593,161,3417.5762798940527,1306.061792597155,84,1319.4978032673584,148.84666902418041,31,148.84666902417848,1099.1775800946323,1099.1775800946325,668.6680189996199,668.66801899962,585.3259497179162,585.3259497179165,865.8852874156532,865.8852874156519,1369.3764091170704,1369.3764091170697,148.64083781652218,148.64083781652062,1.1170450857268612,-6.105051078562889,9.875617369578046,4738.191128247138,491.14444763386746,-436.84410003595667
fixed_joint,300,flat,2,245,4449.226215051063,4449.2,58.77551020408164,1.9489132658892618,474.8684996763209,498.4249423049523,4449.226215051059,0.0,0,-443.3490864994633,1403.9105840012066,3045.315631049857,105,140,1520,980.0,1225.0,"{'TP': 95, 'MH': 71, 'MFE': 49, 'BE': 13, 'MHx': 13, 'SN': 4}",3270.931242869843,159,3257.495232199636,1178.2949721812213,86,1191.7309828514226,123.8142641834433,32,123.81426418344108,886.5306002853055,886.5306002853055,801.0805187255544,801.0805187255547,631.9879827265336,631.9879827265343,732.6195469008368,732.6195469008348,1273.3991334370487,1273.399133437047,123.60843297578506,123.6084329757823,-0.6747477794781123,-6.62282844061678,8.535249137744454,4448.551467271581,497.9015875290429,-443.6012399311312
fixed_gate_only,100,flat,2,257,6320.252528150043,6320.200000000001,60.311284046692606,2.463391985378771,409.2909131705119,432.84735579914286,6320.252528150045,0.0,0,-377.7714999936543,3060.4544985969187,3259.7980295531233,130,127,1560,1028.0,1285.0,"{'TP': 100, 'MH': 71, 'MFE': 59, 'MHx': 13, 'BE': 12, 'SN': 2}",4679.914661461889,170,4666.478650791686,1640.3378666881538,87,1653.7738773583587,313.237911986191,35,313.23791198618983,1689.9221670517834,1689.9221670517838,828.3769647522362,828.376964752237,846.6922581189632,846.6922581189633,1161.7882638131018,1161.788263813104,1480.4407936354264,1480.4407936354246,313.03208077853276,313.03208077853196,-6.633436409237522,-13.872127024799697,3.820358977089468,6313.619091740808,432.71604061311155,-378.4156930151994
fixed_gate_only,10,flat,2,159,3290.038593280594,3290.01,55.9748427672956,2.246032258117066,265.744847960912,345.3647249743067,3290.038593280591,0.0,0,-261.6056742586793,2908.689190412986,381.34940286760764,149,10,831,636.0,795.0,"{'MFE': 68, 'MH': 41, 'TP': 32, 'MHx': 10, 'BE': 7, 'SN': 1}",2357.0473459321147,110,2343.611335261907,932.9912473484793,49,946.4272580186844,110.86453525669219,22,110.8645352566914,869.7970792668979,869.7970792668978,308.2720373105723,308.2720373105717,777.0722763577967,777.0722763577962,323.8231423299494,323.82314232994895,952.9983257229586,952.9983257229583,58.07573229241887,58.07573229241825,-25.518183999573278,-31.37006114661449,-19.301385273813047,3264.5204092810177,346.36522915659043,-263.7018116284635
fixed_gate_only,20,flat,2,191,4490.937191868776,4490.889999999999,60.20942408376963,2.4251467412930436,331.2057467298082,393.5135390018513,4490.93719186877,0.0,0,-331.2057467298082,2759.968661025214,1730.9685308435621,148,43,1020,764.0,955.0,"{'MFE': 68, 'TP': 56, 'MH': 45, 'MHx': 12, 'BE': 8, 'SN': 2}",3340.8337340662056,131,3327.397723395997,1150.1034578025703,60,1163.539468472773,83.85785786798454,26,83.85785786798351,1001.3499140800716,1001.3499140800717,835.8665177868925,835.8665177868924,549.195151745731,549.1951517457294,876.339339786612,876.3393397866116,1197.1172135657573,1197.1172135657553,31.06905490371124,31.06905490370991,-22.86889493812511,-29.218089844122655,-15.096214184467826,4468.068296930645,395.863354577255,-332.6059215599762
fixed_gate_only,24,flat,2,207,4324.509130177551,4324.469999999999,57.48792270531401,2.1963517789205214,331.2057467298082,393.5135390018513,4324.509130177547,0.0,0,-331.2057467298082,2759.968661025214,1564.540469152338,148,59,1150,828.0,1035.0,"{'MFE': 68, 'TP': 61, 'MH': 56, 'MHx': 13, 'BE': 8, 'SN': 1}",3157.236539756633,142,3143.8005290864257,1167.2725904209183,65,1180.7086010911216,127.57504820771385,27,127.57504820771283,1089.1119381141255,1089.1119381141257,775.2334885502709,775.2334885502707,463.3211473130906,463.3211473130889,751.487155112248,751.4871551122483,1193.0429854420768,1193.042985442075,52.31241564573974,52.31241564573884,-21.64866850161881,-28.41824539724809,-13.808080306316135,4302.8604616759285,395.863354577255,-332.6059215599762
fixed_gate_only,30,flat,2,225,4659.058464012272,4659.009999999999,58.22222222222222,2.177243197057213,363.50295801662696,425.8107502886701,4659.05846401227,0.0,0,-363.50295801662696,2736.140458985665,1922.9180050266075,144,81,1285,900.0,1125.0,"{'TP': 73, 'MFE': 67, 'MH': 60, 'MHx': 13, 'BE': 10, 'SN': 2}",3431.762646058156,149,3418.3266353879494,1227.295817954117,76,1240.7318286243203,140.2450511527153,32,140.24505115271404,1092.0612301985977,1092.0612301985977,751.9333769458965,751.9333769458972,443.169948859447,443.16994885944655,1034.2180681004975,1034.218068100497,1271.673828836903,1271.673828836901,66.00201107093096,66.00201107093017,-18.936221161513274,-25.43878222891308,-10.752221692546035,4640.122242850756,427.85000867812096,-364.59257566084216
fixed_gate_only,40,flat,2,241,5027.843583142667,5027.799999999999,59.33609958506224,2.16212278795269,269.63766985693746,351.51771341308995,5027.843583142661,0.0,0,-293.90288554549807,2930.6328915800477,2097.2106915626177,140,101,1427,964.0,1205.0,"{'TP': 84, 'MFE': 66, 'MH': 64, 'MHx': 14, 'BE': 10, 'SN': 3}",3724.0159859809646,158,3710.5799753107576,1303.827597161702,83,1317.2636078319038,251.1643386866195,34,251.16433868661807,1108.8297981560725,1108.8297981560725,843.6750422983704,843.6750422983707,690.1530062295018,690.1530062295014,970.9781173433023,970.9781173433021,1237.2863205105841,1237.2863205105814,176.92129860483504,176.92129860483328,-12.645772943095654,-19.490797756994866,-3.8425721449233445,5015.1978101995655,350.86659287644306,-295.68846572932944
fixed_gate_only,50,flat,2,248,5652.757407088597,5652.719999999999,60.08064516129033,2.3464056696009155,301.3642660763021,345.3647249743062,5652.757407088595,0.0,0,-293.90288554549807,3030.7380435196565,2622.019363568939,139,109,1484,992.0,1240.0,"{'TP': 90, 'MH': 67, 'MFE': 64, 'MHx': 15, 'BE': 10, 'SN': 2}",4206.123286535685,163,4192.687275865479,1446.6341205529113,85,1460.0701312231158,251.1643386866195,34,251.16433868661807,1494.9072624685118,1494.907262468512,947.4375454628329,947.4375454628337,886.6596287791417,886.6596287791417,766.7388278714815,766.7388278714816,1380.0928439017935,1380.0928439017916,176.92129860483504,176.9212986048342,-12.309646100916906,-20.076489894592342,-2.9121995860528656,5640.447760987678,346.3652291565895,-295.6884657293285
fixed_gate_only,75,flat,2,264,6243.300945245215,6243.26,59.84848484848485,2.389632509161312,359.7038987426895,371.9204429522897,6243.300945245215,0.0,0,-328.1844855658319,3008.89380313068,3234.407142114534,137,127,1608,1056.0,1320.0,"{'TP': 99, 'MH': 73, 'MFE': 63, 'MHx': 16, 'BE': 11, 'SN': 2}",4579.081111600623,170,4565.645100930419,1664.2198336445908,94,1677.655844314796,261.251559227202,37,261.25155922720114,1533.8852952406023,1533.8852952406028,1014.2656494490865,1014.2656494490875,853.6448462842368,853.6448462842368,1024.1503129008925,1024.1503129008943,1556.3091133508528,1556.3091133508506,261.0457280195437,261.0457280195433,-8.832676753029947,-16.72455151834429,2.7555543389127073,6234.468268492185,371.89016684328,-329.0295635333432
fixed_gate_only,125,flat,2,258,6004.994862329007,6004.950000000001,59.68992248062015,2.3190957878841996,409.2909131705119,432.84735579914286,6004.9948623290065,0.0,0,-377.7714999936543,2897.939724887512,3107.0551374414945,122,136,1593,1032.0,1290.0,"{'TP': 101, 'MH': 74, 'MFE': 53, 'MHx': 15, 'BE': 12, 'SN': 3}",4544.130735797249,166,4530.694725127044,1460.864126531759,92,1474.3001372019626,232.02518865897088,35,232.02518865896945,1482.4087574455034,1482.4087574455036,769.7449805305631,769.7449805305635,941.0598868130664,941.059886813066,1197.7821032823106,1197.782103282313,1382.1797768062518,1382.1797768062497,231.8193574513126,231.81935745131068,-1.6123868122941705,-9.009234126495421,7.742688982386455,6003.3824755167125,432.71604061311155,-378.4156930151994
fixed_gate_only,150,flat,2,253,5736.063656416014,5736.01,58.89328063241107,2.2522024927694355,523.2085604136219,564.5796662825933,5736.063656416013,0.0,0,-526.5370896991108,2650.36643342696,3085.697222989053,119,134,1584,1012.0,1265.0,"{'TP': 96, 'MH': 75, 'MFE': 50, 'MHx': 16, 'BE': 13, 'SN': 3}",4487.611858542962,162,4474.175847872757,1248.4517978730512,91,1261.8878085432561,269.72627953446323,36,269.72627953446226,1303.7182231533766,1303.7182231533768,720.7415706183489,720.7415706183488,1112.2349537631208,1112.2349537631205,1083.8644560392004,1083.864456039203,1245.9840045151618,1245.9840045151595,269.52044832680485,269.5204483268044,-2.565384290839653,-9.385108113273336,6.203178833427931,5733.498272125174,565.4071498742323,-526.9073337949394
fixed_gate_only,200,flat,2,244,5144.851480440466,5144.779999999999,58.606557377049185,2.11904739662034,523.2085604136237,564.5796662825946,5144.851480440462,0.0,0,-526.5370896991121,2276.218262437322,2868.633218003144,108,136,1549,976.0,1220.0,"{'TP': 95, 'MH': 74, 'MFE': 47, 'MHx': 15, 'BE': 10, 'SN': 3}",3813.14325541133,158,3799.707244741124,1331.7082250291362,86,1345.144235699338,381.3035000521643,31,381.3035000521613,1085.763160343668,1085.7631603436685,823.2903745029347,823.2903745029346,567.303738936493,567.3037389364933,1069.7333266593184,1069.7333266593182,1217.663211153546,1217.6632111535441,381.0976688445059,381.09766884450346,-0.04425961634193154,-7.613061744890789,9.018337253276261,5144.80722082412,565.4071498742342,-526.9073337949408
fixed_gate_only,250,flat,2,241,4847.382424328305,4847.32,57.676348547717836,2.038866438443433,556.4287539036018,597.7998597725727,4847.382424328304,0.0,0,-520.1009731558274,2147.6267972799055,2699.7556270484,104,137,1527,964.0,1205.0,"{'TP': 93, 'MH': 77, 'MFE': 47, 'MHx': 12, 'BE': 9, 'SN': 3}",3691.721311386358,161,3678.2853007161525,1155.661112941948,80,1169.0971236121518,229.92110720311086,31,229.9211072031094,1085.763160343668,1085.7631603436685,657.2321901687468,657.2321901687467,649.7105374396301,649.7105374396303,1038.398885008682,1038.398885008682,1186.5623753721263,1186.5623753721252,229.7152759954526,229.71527599545152,1.4048024138410073,-6.736428851004526,10.372412461734228,4848.787226742145,598.3145866508185,-520.10585435352
fixed_gate_only,300,flat,2,243,4609.746158098819,4609.67,58.0246913580247,1.9947493743482623,556.4287539036018,597.7998597725727,4609.746158098816,0.0,0,-520.1009731558274,1807.0972942176966,2802.6488638811215,105,138,1547,972.0,1215.0,"{'TP': 93, 'MH': 77, 'MFE': 48, 'MHx': 13, 'BE': 9, 'SN': 3}",3532.376082997119,159,3518.9400723269127,1077.3700751016997,84,1090.8060857719029,191.003584113745,32,191.00358411374418,873.1161805343412,873.1161805343412,764.9237571903471,764.9237571903476,712.6617310108734,712.6617310108738,921.0578758359263,921.0578758359252,1147.1888606212442,1147.1888606212424,190.79775290608677,190.7977529060854,-0.29422469758942515,-6.667571540747564,9.46363464567303,4609.451933401227,598.3145866508185,-520.1058543535205
scaled_joint,100,flat,2,257,6320.252528150043,6320.200000000001,60.311284046692606,2.463391985378771,409.2909131705119,432.84735579914286,6320.252528150045,0.0,0,-377.7714999936543,3060.4544985969187,3259.7980295531233,130,127,1560,1028.0,1285.0,"{'TP': 100, 'MH': 71, 'MFE': 59, 'MHx': 13, 'BE': 12, 'SN': 2}",4679.914661461889,170,4666.478650791686,1640.3378666881538,87,1653.7738773583587,313.237911986191,35,313.23791198618983,1689.9221670517834,1689.9221670517838,828.3769647522362,828.376964752237,846.6922581189632,846.6922581189633,1161.7882638131018,1161.788263813104,1480.4407936354264,1480.4407936354246,313.03208077853276,313.03208077853196,-6.633436409237522,-13.872127024799697,3.820358977089468,6313.619091740808,432.71604061311155,-378.4156930151994
scaled_joint,10,flat,2,249,5386.151317133331,5386.110000000001,59.036144578313255,2.2262511993899556,426.31030287213525,464.35287945561777,5386.15131713333,0.0,0,-426.31030287213525,2590.4718515623235,2795.679465571006,125,124,1556,996.0,1245.0,"{'TP': 91, 'MH': 68, 'MFE': 57, 'BE': 17, 'MHx': 14, 'SN': 2}",4447.827408580572,164,4434.391397910368,938.3239085527582,85,951.7599192229618,188.9330893626884,32,188.9330893626866,1525.6323686549192,1525.6323686549194,664.0732481975432,664.0732481975447,1177.345678616242,1177.3456786162424,813.7234581429524,813.7234581429539,1016.6493053666437,1016.6493053666418,188.72725815503009,188.7272581550278,-7.158453304771264,-14.923502664300615,0.9648348171252884,5378.992863828558,465.7384657676994,-427.23864968840644
scaled_joint,20,flat,2,256,5183.960581453169,5183.9400000000005,57.8125,2.0869273306591594,473.6215459858008,514.9926518547722,5183.960581453167,0.0,0,-476.95007527128973,2603.0378626759493,2580.922718777219,129,127,1585,1024.0,1280.0,"{'TP': 92, 'MH': 72, 'MFE': 59, 'BE': 17, 'MHx': 14, 'SN': 2}",4019.7531751676784,169,4006.317164497474,1164.2074062854904,87,1177.6434169556928,347.29793126512396,33,347.2979312651232,1475.2073117737384,1475.2073117737384,617.595185660658,617.5951856606591,930.1935961482143,930.1935961482145,729.7044266161523,729.7044266161524,1084.16796119694,1084.167961196938,347.0921000574657,347.09210005746445,-7.832648415102189,-15.63268879120446,0.4032426542535966,5176.127933038065,516.0210203923766,-477.5212043130832
scaled_joint,24,flat,2,258,5377.260454928257,5377.24,58.139534883720934,2.1291683970903748,473.62154598580037,514.9926518547718,5377.260454928257,0.0,0,-476.9500752712893,2617.092421191466,2760.1680337367898,128,130,1591,1032.0,1290.0,"{'TP': 94, 'MH': 75, 'MFE': 57, 'MHx': 16, 'BE': 14, 'SN': 2}",4261.595114501964,173,4248.15910383176,1115.6653404262922,85,1129.1013510964967,355.54325018492,32,355.5432501849191,1543.9302371870056,1543.930237187006,790.7141995816761,790.7141995816771,930.1935961482143,930.1935961482145,729.7044266161523,729.7044266161538,1101.4177852920723,1101.4177852920702,281.3002101031356,281.3002101031352,-6.6935260960943035,-14.884036077403115,1.9424536914778172,5370.566928832162,516.0210203923762,-477.52120431308276
scaled_joint,30,flat,2,262,5493.867062878793,5493.849999999999,58.778625954198475,2.1531163567415015,473.62154598580037,514.9926518547718,5493.867062878793,0.0,0,-476.9500752712893,2615.2183632399733,2878.6486996388194,128,134,1630,1048.0,1310.0,"{'TP': 96, 'MH': 75, 'MFE': 57, 'MHx': 17, 'BE': 15, 'SN': 2}",4218.5011622155835,172,4205.06515154538,1275.3659006632095,90,1288.801911333413,355.54325018492,32,355.5432501849191,1654.0221317834328,1654.022131783433,781.9086069533633,781.9086069533641,930.1935961482143,930.193596148214,585.3241723616577,585.3241723616602,1261.1183455289895,1261.1183455289865,281.3002101031356,281.3002101031352,-4.817956782208787,-13.414527835906828,3.0982115995296087,5489.049106096584,516.0210203923766,-477.5212043130832
scaled_joint,40,flat,2,256,5671.727695054206,5671.71,58.59375,2.2153276102295854,473.62154598579946,514.9926518547709,5671.727695054208,0.0,0,-476.95007527128837,2710.6999684140847,2961.0277266401217,127,129,1596,1024.0,1280.0,"{'TP': 96, 'MH': 72, 'MFE': 57, 'BE': 15, 'MHx': 14, 'SN': 2}",4579.816387703172,171,4566.380377032968,1091.9113073510352,85,1105.3473180212404,357.3074785129359,32,357.3074785129347,1636.7668373118572,1636.7668373118574,785.2848940006847,785.2848940006854,991.1273919089014,991.1273919089017,899.5846095128129,899.5846095128154,1001.8623150146733,1001.8623150146723,357.1016473052776,357.10164730527595,-7.327541276186552,-15.295778339171264,0.6300427234310377,5664.400153778021,516.0210203923752,-477.5212043130823
scaled_joint,50,flat,2,266,6098.390735346111,6098.37,59.77443609022557,2.3006685639221462,359.7038987426895,371.9204429522897,6098.390735346113,0.0,0,-328.1844855658319,2912.385984736684,3186.004750609427,130,136,1640,1064.0,1330.0,"{'TP': 102, 'MH': 73, 'MFE': 59, 'BE': 16, 'MHx': 14, 'SN': 2}",4640.7831873601845,172,4627.347176689981,1457.607547985926,94,1471.0435586561316,373.64165117256283,33,373.641651172562,1611.3933498432486,1611.3933498432489,861.0383915409827,861.0383915409839,976.9201282728753,976.9201282728754,1038.2963099772728,1038.296309977275,1237.306735746827,1237.3067357468253,373.43581996490457,373.4358199649041,-6.752354370905945,-14.772866507774241,1.8438301116324118,6091.638380975207,371.89016684328,-329.0295635333423
scaled_joint,75,flat,2,265,6174.377701854909,6174.33,59.24528301886792,2.3260091792424515,409.2909131705119,421.5074573801121,6174.37770185491,0.0,0,-377.7714999936543,2989.1905102962246,3185.1871915586844,129,136,1630,1060.0,1325.0,"{'TP': 102, 'MH': 76, 'MFE': 58, 'MHx': 14, 'BE': 13, 'SN': 2}",4517.470273251042,173,4504.034262580838,1656.9074286038663,92,1670.343439274072,295.01584210192954,34,295.0158421019296,1610.7497777016522,1610.7497777016529,879.5191061484336,879.5191061484338,923.9661961912889,923.9661961912893,950.1001854838627,950.1001854838642,1515.2324254354003,1515.232425435399,294.8100108942712,294.8100108942708,-7.259081466605604,-15.466570485767859,3.3976884091894246,6167.118620388304,421.2762963251362,-378.4156930151994
scaled_joint,125,flat,2,255,6309.2777403884875,6309.22,60.78431372549019,2.479744580367537,366.53592739842406,421.32629611272114,6309.277740388487,0.0,0,-335.01651422156647,3000.966893743445,3308.310846645042,127,128,1561,1020.0,1275.0,"{'TP': 99, 'MH': 69, 'MFE': 58, 'BE': 13, 'MHx': 13, 'SN': 3}",4756.140518792228,166,4742.704508122024,1553.137221596259,89,1566.5732322664626,295.842499648837,34,295.84249964883566,1621.697816143866,1621.6978161438662,881.2833922916099,881.2833922916104,876.69555887365,876.6955588736496,1266.0837295293854,1266.0837295293877,1367.8805751087975,1367.8805751087957,295.63666844117876,295.6366684411769,-4.508760174397911,-11.87968230356215,4.586947926913694,6304.7689802140885,421.2762963251371,-335.9988626695049
scaled_joint,150,flat,2,251,6648.027671443895,6647.949999999999,61.354581673306775,2.6627626605091796,360.09981085513937,421.32629611272114,6648.027671443894,0.0,0,-325.87200047671195,2745.297891058002,3902.7297803858924,124,127,1543,1004.0,1255.0,"{'TP': 100, 'MH': 67, 'MFE': 55, 'BE': 14, 'MHx': 13, 'SN': 2}",4775.952698962779,163,4762.516688292575,1872.0749724811155,88,1885.5109831513191,474.5619130027521,33,474.56191300275077,1586.4418388715521,1586.4418388715524,641.1809615364675,641.180961536468,1163.988810795293,1163.988810795293,1283.105579550604,1283.1055795506063,1498.9543988948844,1498.9543988948817,474.35608179509364,474.3560817950929,-4.405840871613895,-11.041865338314933,3.708951061735187,6643.6218305722805,421.2762963251371,-326.85434892465037
scaled_joint,200,flat,2,250,5393.604747849476,5393.540000000001,58.8,2.192721022163776,553.7203567020315,595.0914625710029,5393.604747849472,0.0,0,-517.3925759542576,2515.227723731497,2878.377024117979,127,123,1549,1000.0,1250.0,"{'TP': 93, 'MH': 72, 'MFE': 58, 'BE': 12, 'MHx': 12, 'SN': 3}",4056.557510041832,162,4043.121499371626,1337.0472378076438,88,1350.4832484778458,439.2141546399302,34,439.214154639928,1241.1993712026251,1241.1993712026256,667.1943413018813,667.1943413018814,975.7317064858753,975.7317064858751,914.5239498273895,914.5239498273891,1155.9470555994333,1155.9470555994308,439.0083234322719,439.0083234322701,-3.7856252058210242,-11.465239205670708,5.181567808851238,5389.819122643651,595.9715523473842,-517.7628200500862
scaled_joint,250,flat,2,247,4313.534848818337,4313.48,57.48987854251012,1.8892955084404093,553.720356702032,595.0914625710029,4313.534848818335,0.0,0,-517.3925759542576,2005.459827313141,2308.075021505196,125,122,1548,988.0,1235.0,"{'TP': 88, 'MH': 73, 'MFE': 58, 'BE': 12, 'MHx': 12, 'SN': 4}",3244.3669483236795,155,3230.930937653474,1069.167900494658,92,1082.6039111648615,266.0465865856965,38,266.04658658569497,1033.8128487095705,1033.8128487095705,491.85806351152615,379.543884854565,600.0971430264583,712.4113216834203,860.6907518520632,860.6907518520629,1061.235286340681,1061.23528634068,265.8407553780382,265.84075537803665,-4.044723564739796,-11.843128785654136,4.657493254327435,4309.490125253596,595.9715523473847,-517.7628200500862
scaled_joint,300,flat,2,247,4138.580740123882,4138.55,57.08502024291497,1.85219634462997,553.720356702032,595.0914625710029,4138.580740123879,0.0,0,-517.3925759542576,2045.7013776580902,2092.8793624657915,130,117,1551,988.0,1235.0,"{'TP': 84, 'MH': 73, 'MFE': 61, 'MHx': 13, 'BE': 12, 'SN': 4}",3224.095629734807,156,3210.659619064601,914.4851103890749,91,927.921121059278,91.02632616212028,37,91.0263261621194,1091.41315660401,1091.4131566040103,567.9755792612325,567.9755792612327,641.623287973955,641.6232879739553,665.1754646715482,665.1754646715476,1081.5727566586738,1081.572756658672,90.82049495446196,90.82049495446108,-9.94397182107472,-16.526032964456206,-0.08759334174656133,4128.636768302804,595.9715523473847,-517.7628200500867
fixed_joint,100,flat,5,261,5855.612998295902,5855.639999999999,59.38697318007663,2.2830062283476966,429.2335240003795,455.1683738530055,5855.612998295905,0.0,0,-401.27404164906875,2896.978498125216,2958.634500170686,134,127,1587,1044.0,1305.0,"{'TP': 99, 'MH': 76, 'MFE': 61, 'MHx': 13, 'BE': 10, 'SN': 2}",4338.683026568831,175,4324.051044687433,1516.92997172707,86,1531.5619536084714,243.74771524076286,35,243.7477152407646,1557.6495797979528,1557.6495797979528,866.5250753825876,866.5250753825876,745.3316027291339,745.3316027291335,1010.4711335878652,1010.4711335878665,1441.6211350678268,1441.6211350678268,234.01447173053552,234.01447173053748,-7.561712210854884,-14.80038676787782,3.6706541259438037,5848.0512860850495,454.6708036667542,-401.55191699841816
fixed_joint,10,flat,5,165,2637.71448678215,2637.7200000000003,55.15151515151515,1.8442542739300036,289.98589160092,362.02921978116456,2637.7144867821507,0.0,0,-315.3430554503161,2318.2306392145365,319.483847567613,155,10,854,660.0,825.0,"{'MFE': 67, 'MH': 46, 'TP': 33, 'MHx': 13, 'BE': 4, 'SN': 2}",1864.3631476597304,117,1849.731165778331,773.3513391224197,48,787.9833210038198,62.009722082254285,22,62.00972208225494,775.0816580348185,775.0816580348185,282.63091488899227,282.6309148889925,634.4847156640781,634.4847156640781,51.0669494353405,51.06694943534012,887.6023446919479,887.602344691948,6.8479040669730376,6.84790406697357,-25.88805236900016,-32.14971457792049,-17.950618098883133,2611.8264344131508,363.0294239621944,-317.0733109491091
fixed_joint,20,flat,5,193,3686.1781436826095,3686.1800000000003,59.58549222797927,2.057450358073456,386.3028346751448,450.91399359023944,3686.1781436826104,0.0,0,-386.19669002069986,2086.3866541750945,1599.7914895075153,150,43,1024,772.0,965.0,"{'MFE': 67, 'TP': 55, 'MH': 48, 'MHx': 16, 'BE': 4, 'SN': 3}",2754.736179746742,134,2740.1041978653434,931.4419639358674,59,946.073945817267,27.590397843488738,26,27.590397843488972,913.5489443964445,913.5489443964448,770.6865528895428,770.6865528895426,359.85892970893883,359.8589297089393,589.5428431153147,589.5428431153152,1080.1122937441608,1080.112293744161,-27.571420171792532,-27.571420171792397,-22.973405766991853,-29.732637824293008,-14.71529915135366,3663.2047379156184,452.8980034361839,-387.23106952749185
fixed_joint,24,flat,5,209,3534.8389473861207,3534.84,56.9377990430622,1.8984214851508026,344.02168054447293,408.63283945956755,3534.8389473861216,0.0,0,-343.91553589002797,2137.2776357811763,1397.5613116049449,150,59,1164,836.0,1045.0,"{'MFE': 67, 'TP': 60, 'MH': 59, 'MHx': 16, 'BE': 5, 'SN': 2}",2554.318088567833,145,2539.6861066864344,980.5208588182873,64,995.1528406996872,82.54294689095144,27,82.5429468909515,996.1328100700971,996.1328100700971,702.8311764089722,702.8311764089719,269.1427477361594,269.14274773615944,507.39359884677566,507.3935988467763,1056.8401222269404,1056.8401222269404,2.4984920971765883,2.498492097176495,-21.427759432007946,-28.64255298668943,-13.210564026458796,3513.4111879541138,410.61684930551155,-344.9499153968195
fixed_joint,30,flat,5,227,3807.726837491098,3807.7400000000007,56.82819383259912,1.8802632694504842,378.73359481042826,443.3447537255224,3807.7268374910986,0.0,0,-378.6274501559833,2064.995186704119,1742.7316507869784,146,81,1300,908.0,1135.0,"{'TP': 71, 'MFE': 66, 'MH': 64, 'MHx': 16, 'BE': 7, 'SN': 3}",2719.1024941751375,152,2704.4705122937385,1088.6243433159605,75,1103.2563251973602,83.24395994385469,32,83.24395994385486,956.7799029629655,956.7799029629655,626.2864970461031,626.286497046103,246.5841360987483,246.58413609874833,775.922288295536,775.9222882955366,1200.3296223535276,1200.3296223535276,1.8243907342176806,1.824390734217559,-18.31127064924987,-25.25920819280754,-10.154033162326586,3789.415566841849,445.01811317175134,-379.3511792630593
fixed_joint,40,flat,5,246,4366.8771702723925,4366.91,57.72357723577236,1.9176355364813054,315.1675565399755,417.63414987590113,4366.877170272397,0.0,0,-307.77381558559955,2457.3275423915056,1909.5496278808878,145,101,1455,984.0,1230.0,"{'TP': 83, 'MH': 70, 'MFE': 65, 'MHx': 17, 'BE': 7, 'SN': 4}",3202.791613067083,164,3188.159631185684,1164.0855572053101,82,1178.7175390867133,171.38309188953966,34,171.3830918895428,968.5722396244707,968.572239624471,710.8972674162053,710.8972674162048,704.5435144370892,704.5435144370897,705.2489218175326,705.2489218175333,1187.6517042971923,1187.6517042971918,89.96352267990267,89.96352267990642,-12.757370392486026,-19.636956889584937,-3.74026290697431,4354.119799879911,416.9470529703658,-309.1934206846772
fixed_joint,50,flat,5,253,4895.316536714211,4895.360000000001,58.498023715415016,2.0508240601774723,308.9404027945675,385.36804770944764,4895.316536714216,0.0,0,-307.77381558559955,2507.0908402070277,2388.2256965071847,144,109,1516,1012.0,1265.0,"{'TP': 88, 'MH': 73, 'MFE': 64, 'MHx': 17, 'BE': 8, 'SN': 3}",3592.0488669408564,169,3577.416885059458,1303.2676697733548,84,1317.8996516547586,171.38309188953966,34,171.3830918895428,1323.5843372823258,1323.5843372823256,809.9314091012866,809.931409101287,844.1163987997983,844.1163987997979,500.8870519856611,500.8870519856623,1326.833816865237,1326.8338168652372,89.96352267990267,89.96352267990642,-12.421142661810377,-20.222961955329232,-2.8096110967104706,4882.895394052406,384.99863868920147,-309.1934206846772
fixed_joint,75,flat,5,269,5541.154347875546,5541.19,58.36431226765799,2.110969400113588,377.22142959739995,389.4416406036612,5541.1543478755475,0.0,0,-349.2619472460892,2600.106247905011,2941.048099970534,142,127,1642,1076.0,1345.0,"{'TP': 98, 'MH': 79, 'MFE': 64, 'MHx': 15, 'BE': 10, 'SN': 3}",4026.6107055965604,176,4011.978723715161,1514.543642278985,93,1529.1756241603866,189.4079483862418,37,189.40794838624424,1376.8466983057824,1376.846698305782,892.3523274405427,892.3523274405429,703.2841818911608,703.2841818911606,895.4218628877824,895.4218628877829,1493.5745724742628,1493.574572474262,179.67470487601454,179.67470487601713,-9.071013764705377,-16.997901557918667,2.9112843264514106,5532.083334110842,388.9017989061358,-349.7407678370355
fixed_joint,125,flat,5,258,5354.882727486926,5354.880000000001,58.52713178294574,2.1330733155329296,406.1046621554824,440.44249124024054,5354.88272748693,0.0,0,-378.1451798041717,2497.617620170553,2857.2651073163743,123,135,1602,1032.0,1290.0,"{'TP': 99, 'MH': 76, 'MFE': 54, 'MHx': 14, 'BE': 12, 'SN': 3}",4012.6253566016044,168,3997.9933747202062,1342.2573708853222,90,1356.8893527667237,155.23072766241535,35,155.23072766241694,1369.0539591321995,1369.0539591321995,568.4696218566683,568.4696218566676,842.1785640532468,842.1785640532478,1097.3464383330945,1097.346438333096,1332.3366599595297,1332.3366599595292,145.49748415218806,145.49748415218983,-1.9522576737259507,-8.930152228411751,7.739124894286134,5352.930469813204,440.3921715833808,-378.423055153522
fixed_joint,150,flat,5,254,5172.951390693412,5172.95,58.26771653543307,2.087672920003589,522.4859993402902,563.8695227497924,5172.951390693413,0.0,0,-524.6155276840941,2382.040673113358,2790.9107175800536,121,133,1586,1016.0,1270.0,"{'TP': 93, 'MH': 76, 'MFE': 53, 'MHx': 16, 'BE': 13, 'SN': 3}",4031.3981559362915,165,4016.7661740548915,1141.5532347571198,89,1156.185216638521,199.99948649871118,36,199.99948649871294,1195.2214215382303,1195.2214215382305,641.9667691579592,641.9667691579582,1023.2328038392119,1023.2328038392127,919.0190509896872,919.019050989687,1203.245102179839,1203.2451021798383,190.26624298848395,190.26624298848583,-2.3260343875143352,-8.907140576151388,6.608726917523673,5170.625356305898,564.3310391247373,-524.6196673227596
fixed_joint,200,flat,5,246,4305.634871339307,4305.61,57.72357723577236,1.8764805404085119,522.4859993402906,563.8695227497928,4305.634871339308,0.0,0,-524.6155276840946,1673.8157848802869,2631.81908645902,111,135,1550,984.0,1230.0,"{'TP': 92, 'MH': 74, 'MFE': 50, 'MHx': 16, 'BE': 10, 'SN': 4}",3171.639599315609,162,3157.007617434209,1133.9952720236984,84,1148.6272539050992,220.7542025202607,31,220.75420252026333,979.5148807775745,979.5148807775743,693.6315748367023,693.6315748367019,498.28369627647976,498.2836962764802,748.2513370136487,748.2513370136494,1174.9324234248681,1174.9324234248666,211.02095901003338,211.02095901003577,-0.6036564767828438,-7.619016823782133,8.448067824315002,4305.031214862525,564.3310391247383,-524.6196673227605
fixed_joint,250,flat,5,249,4423.247985040387,4423.26,57.42971887550201,1.8946363581786354,496.9245716809942,522.8594215336198,4423.24798504039,0.0,0,-468.9650893296848,1753.3248436026981,2669.923141437688,108,141,1551,996.0,1245.0,"{'TP': 96, 'MH': 76, 'MFE': 50, 'MHx': 12, 'BE': 11, 'SN': 4}",3212.67009930755,166,3198.0381174261497,1210.5778857328369,83,1225.20986761424,76.5206548524485,31,76.52065485245203,992.9373515965149,992.9373515965146,711.7664113354684,711.7664113354681,571.087312456985,571.087312456985,710.4823411666749,710.4823411666753,1370.1871571425222,1370.1871571425218,66.78741134222133,66.78741134222491,-0.12590428852851643,-7.128715853946916,9.41210956451395,4423.122080751861,522.3351666486165,-469.21627998028134
fixed_joint,300,flat,5,245,3837.544063960226,3837.54,57.14285714285714,1.7840210424934926,526.5839810782231,565.8379761439214,3837.5440639602266,0.0,0,-505.8152954209663,1318.9907596103985,2518.553304349828,109,136,1530,980.0,1225.0,"{'TP': 90, 'MH': 74, 'MFE': 51, 'MHx': 13, 'BE': 13, 'SN': 4}",3024.5723305936754,164,3009.940348712277,812.9717333665508,81,827.6037152479498,49.11636917916098,32,49.11636917915985,787.6675472997495,787.6675472997497,846.6537012457709,846.6537012457707,582.322938987867,582.3229389878677,574.7702649122135,574.7702649122139,1006.7464858456916,1006.7464858456924,39.3831256689337,39.38312566893228,-2.1468782133413713,-7.875985495603364,7.6806319508388805,3835.397185746885,566.0479981738408,-505.81943505963227
fixed_gate_only,100,flat,5,261,5855.612998295902,5855.639999999999,59.38697318007663,2.2830062283476966,429.2335240003795,455.1683738530055,5855.612998295905,0.0,0,-401.27404164906875,2896.978498125216,2958.634500170686,134,127,1587,1044.0,1305.0,"{'TP': 99, 'MH': 76, 'MFE': 61, 'MHx': 13, 'BE': 10, 'SN': 2}",4338.683026568831,175,4324.051044687433,1516.92997172707,86,1531.5619536084714,243.74771524076286,35,243.7477152407646,1557.6495797979528,1557.6495797979528,866.5250753825876,866.5250753825876,745.3316027291339,745.3316027291335,1010.4711335878652,1010.4711335878665,1441.6211350678268,1441.6211350678268,234.01447173053552,234.01447173053748,-7.561712210854884,-14.80038676787782,3.6706541259438037,5848.0512860850495,454.6708036667542,-401.55191699841816
fixed_gate_only,10,flat,5,165,2895.1247972207007,2895.12,54.54545454545454,1.9747085201011805,289.70785645577416,362.02921978116524,2895.1247972207,0.0,0,-273.06190131964536,2537.499704376808,357.62509284389307,155,10,861,660.0,825.0,"{'MFE': 71, 'MH': 46, 'TP': 32, 'MHx': 10, 'BE': 4, 'SN': 2}",2069.2469889020986,117,2054.615007020699,825.8778083186023,48,840.5097902000011,72.45591903775656,22,72.4559190377563,803.1999564260093,803.1999564260093,224.5436598693542,224.54365986935431,710.3626570028789,710.3626570028791,252.3229600980269,252.322960098026,887.4014628019568,887.4014628019565,17.29410102247531,17.294101022474933,-26.679349770217936,-32.5300943956609,-19.68595075891784,2868.4454474504823,363.02942396219487,-274.7921568184381
fixed_gate_only,20,flat,5,196,3998.4772863677144,3998.480000000001,58.673469387755105,2.1445349923887917,344.02168054447293,408.63283945956755,3998.4772863677154,0.0,0,-343.91553589002797,2367.2837351853377,1631.193551182377,153,43,1041,784.0,980.0,"{'MFE': 70, 'TP': 56, 'MH': 50, 'MHx': 12, 'BE': 5, 'SN': 3}",2979.5206309894056,137,2964.888649108006,1018.9566553783086,59,1033.5886372597092,38.03659479899099,26,38.0365947989917,927.6457901290387,927.6457901290387,712.5992978699046,712.5992978699044,469.65893370663207,469.65893370663184,790.7988537780011,790.7988537780016,1114.899634100428,1114.8996341004286,-17.12522321629026,-17.12522321628967,-23.849649258779472,-30.19796373260326,-15.299901221474894,3974.6276371089357,410.616849305512,-344.94991539681996
fixed_gate_only,24,flat,5,212,3791.4393991391426,3791.4400000000005,56.132075471698116,1.9506446919851572,344.02168054447293,408.63283945956755,3791.4393991391435,0.0,0,-343.91553589002797,2367.2837351853377,1424.1556639538055,153,59,1171,848.0,1060.0,"{'MFE': 70, 'MH': 61, 'TP': 61, 'MHx': 13, 'BE': 5, 'SN': 2}",2769.4647381078094,148,2754.83275622641,1021.9746610313337,64,1036.6066429127336,77.1998671304363,27,77.19986713043636,1010.6698495143224,1010.6698495143226,644.743921389334,644.7439213893335,378.9427517338528,378.94275173385245,656.2904599644712,656.2904599644717,1103.6370042005017,1103.637004200502,-2.84458766333855,-2.8445876633386433,-22.629056571216687,-29.397879212357942,-14.011380709843017,3768.810342567927,410.61684930551155,-344.9499153968195
fixed_gate_only,30,flat,5,230,4122.414544263759,4122.430000000001,56.52173913043478,1.9487604307342152,378.73359481042826,443.3447537255229,4122.414544263761,0.0,0,-378.6274501559833,2353.088541127919,1769.3260031358393,149,81,1308,920.0,1150.0,"{'TP': 73, 'MFE': 69, 'MH': 65, 'MHx': 13, 'BE': 7, 'SN': 3}",2992.3363987347516,155,2977.7044168533525,1130.0781455290069,75,1144.7101274104084,77.90088018333958,32,77.90088018334154,971.3169424071909,971.3169424071909,626.2864970461031,626.2864970461028,356.3841400964417,356.38414009644157,924.8191494132313,924.8191494132323,1247.126504327089,1247.1265043270892,-3.518689026297344,-3.5186890262957604,-19.9160400556686,-26.418006685686045,-10.954849845710807,4102.4985042080925,445.01811317175134,-379.3511792630593
fixed_gate_only,40,flat,5,246,4455.085763549954,4455.1,57.72357723577236,1.9435350896995511,302.0774977109795,404.5440910469051,4455.085763549957,0.0,0,-307.7738155856,2557.083028596486,1898.002734953468,145,101,1450,984.0,1230.0,"{'TP': 84, 'MH': 69, 'MFE': 68, 'MHx': 14, 'BE': 7, 'SN': 4}",3265.276982548816,164,3250.6450006674163,1189.8087810011389,82,1204.4407628825406,184.01625685637185,34,184.01625685637373,988.0640054176777,988.0640054176774,710.8972674162053,710.8972674162048,598.6402570079201,598.6402570079201,854.1457829352282,854.1457829352289,1200.7417631261885,1200.7417631261883,102.59668764673484,102.59668764673734,-13.625793308799615,-20.47032647583566,-4.045215916311332,4441.459970241157,403.8920474714323,-309.19342068467677
fixed_gate_only,50,flat,5,253,5044.298636235018,5044.32,58.498023715415016,2.097023438016103,308.9404027945675,373.35850609215413,5044.298636235022,0.0,0,-307.7738155856,2667.619832655255,2376.6788035797654,144,109,1508,1012.0,1265.0,"{'TP': 89, 'MH': 72, 'MFE': 66, 'MHx': 15, 'BE': 8, 'SN': 3}",3716.388259877538,169,3701.7562779961395,1327.910376357481,84,1342.5423582388826,184.01625685637185,34,184.01625685637373,1367.3979496516808,1367.3979496516804,809.9314091012866,809.9314091012866,775.7453182494297,775.7453182494296,649.7839131033568,649.7839131033579,1338.8433584825307,1338.8433584825302,102.59668764673484,102.59668764673734,-13.289565578123964,-21.056331541579958,-3.1145641060474922,5031.009070656898,373.0241504019705,-309.1934206846772
fixed_gate_only,75,flat,5,269,5615.7190130159515,5615.74,58.7360594795539,2.144527891242118,377.22142959739904,389.4416406036603,5615.7190130159515,0.0,0,-349.2619472460883,2669.400626957099,2946.3183860588524,142,127,1636,1076.0,1345.0,"{'TP': 98, 'MH': 78, 'MFE': 65, 'MHx': 16, 'BE': 9, 'SN': 3}",4091.6502024653323,176,4077.0182205839333,1524.068810550619,93,1538.7007924320183,186.9235750405819,37,186.92357504058327,1401.6087385935616,1401.6087385935616,893.2068775538592,893.2068775538592,742.7070883588368,742.7070883588362,895.4218628877824,895.4218628877838,1505.5841140915568,1505.5841140915545,177.19033153035465,177.19033153035616,-9.7601122961959,-17.65194675934632,2.6063313171143894,5605.958900719756,388.90179890613445,-349.74076783703504
fixed_gate_only,125,flat,5,261,5558.521059494046,5558.54,59.00383141762452,2.1623954667254033,429.233524000379,455.1683738530046,5558.521059494049,0.0,0,-401.2740416490683,2753.7986347404267,2804.72242475362,126,135,1610,1044.0,1305.0,"{'TP': 100, 'MH': 78, 'MFE': 55, 'MHx': 15, 'BE': 10, 'SN': 3}",4212.712713798979,171,4198.080731917581,1345.8083456950662,90,1360.440327576468,164.67108701337943,35,164.6710870133811,1359.8793562559345,1359.8793562559345,803.0672637395722,803.0672637395714,842.1785640532468,842.1785640532466,1048.881894678934,1048.881894678936,1349.5761372632064,1349.5761372632064,154.93784350315212,154.937843503154,-2.3948988785970693,-9.791777605004036,7.739124894286134,5556.126160615452,454.6708036667542,-401.55191699841816
fixed_gate_only,150,flat,5,255,5406.2106647079245,5406.2300000000005,58.43137254901961,2.13452667627209,500.43889588567936,541.8224192951816,5406.210664707926,0.0,0,-502.5684242294833,2513.58787923022,2892.6227854777053,123,132,1592,1020.0,1275.0,"{'TP': 95, 'MH': 78, 'MFE': 52, 'MHx': 16, 'BE': 11, 'SN': 3}",4225.370849192517,167,4210.738867311119,1180.8398155154073,88,1195.4717973968072,199.99948649871118,36,199.99948649871294,1186.0468186619653,1186.0468186619655,761.3709619388144,761.3709619388139,1070.365538841511,1070.3655388415111,977.6765227936339,977.6765227936357,1220.4845794835157,1220.4845794835142,190.26624298848395,190.26624298848583,-3.6866853184584185,-10.287065117723115,5.750161267835621,5402.523979389468,542.6221925938958,-502.910820791918
fixed_gate_only,200,flat,5,246,4847.218000990581,4847.220000000001,58.13008130081301,2.0120419109577017,500.43889588568027,541.8224192951825,4847.218000990584,0.0,0,-502.5684242294842,2151.479160843238,2695.7388401473418,112,134,1558,984.0,1230.0,"{'TP': 95, 'MH': 76, 'MFE': 49, 'MHx': 15, 'BE': 8, 'SN': 3}",3587.8195984458434,163,3573.1876165644458,1259.3984025447357,83,1274.0303844261384,306.8707522830105,31,306.87075228301273,965.3855515523285,965.3855515523285,863.9324482399172,863.9324482399174,562.7069263473952,562.7069263473961,965.88366534961,965.883665349611,1192.171900728545,1192.1719007285456,297.1375087727833,297.1375087727856,-1.1652186880214956,-8.514990819495416,8.56581745965925,4846.052782302562,542.6221925938971,-502.9108207919194
fixed_gate_only,250,flat,5,244,4571.852861419497,4571.890000000001,56.9672131147541,1.9435030419008317,500.43889588568027,541.8224192951825,4571.852861419499,0.0,0,-502.5684242294842,2065.7838101301054,2506.069051289391,108,136,1547,976.0,1220.0,"{'TP': 93, 'MH': 79, 'MFE': 49, 'MHx': 12, 'BE': 8, 'SN': 3}",3459.21537891389,166,3444.583397032491,1112.6374825056062,78,1127.2694643870082,155.45775537459116,31,155.45775537459303,965.3855515523285,965.3855515523285,700.3237189475435,700.3237189475435,635.5105425279005,635.510542527901,928.084558929525,928.0845589295254,1196.8239775978345,1196.823977597835,145.72451186436396,145.72451186436592,-0.17621114593988096,-8.098433690383462,9.460061138938562,4571.676650273559,542.6221925938971,-502.9108207919194
fixed_gate_only,300,flat,5,244,4183.982976554162,4184.0,57.377049180327866,1.8763229069752558,500.43889588568027,541.8224192951825,4183.982976554164,0.0,0,-502.5684242294842,1723.0538846764102,2460.929091877751,109,135,1546,976.0,1220.0,"{'TP': 91, 'MH': 78, 'MFE': 50, 'MHx': 13, 'BE': 9, 'SN': 3}",3279.8417296769185,164,3265.209747795521,904.1412468772428,80,918.7732287586437,114.15889696154338,32,114.158896961545,760.1157472555628,760.1157472555633,810.475239141303,810.4752391413033,671.0560520539017,671.0560520539022,808.2836842695585,808.2836842695592,1029.6266003825192,1029.626600382519,104.4256534513161,104.42565345131743,-1.798737168454712,-7.953238276412618,8.227754495659488,4182.18423938571,542.6221925938971,-502.9108207919194
scaled_joint,100,flat,5,261,5855.612998295902,5855.639999999999,59.38697318007663,2.2830062283476966,429.2335240003795,455.1683738530055,5855.612998295905,0.0,0,-401.27404164906875,2896.978498125216,2958.634500170686,134,127,1587,1044.0,1305.0,"{'TP': 99, 'MH': 76, 'MFE': 61, 'MHx': 13, 'BE': 10, 'SN': 2}",4338.683026568831,175,4324.051044687433,1516.92997172707,86,1531.5619536084714,243.74771524076286,35,243.7477152407646,1557.6495797979528,1557.6495797979528,866.5250753825876,866.5250753825876,745.3316027291339,745.3316027291335,1010.4711335878652,1010.4711335878665,1441.6211350678268,1441.6211350678268,234.01447173053552,234.01447173053748,-7.561712210854884,-14.80038676787782,3.6706541259438037,5848.0512860850495,454.6708036667542,-401.55191699841816
scaled_joint,10,flat,5,251,5019.603881711892,5019.59,58.56573705179283,2.0997478221789154,404.7994788463675,472.27252176501406,5019.603881711896,0.0,0,-398.691844266566,2467.3295937923203,2552.274287919572,128,123,1566,1004.0,1255.0,"{'TP': 91, 'MH': 71, 'MFE': 59, 'BE': 15, 'MHx': 13, 'SN': 2}",4229.257078662167,168,4214.625096780769,790.3468030497256,83,804.9787849311269,126.81494363988443,32,126.81494363988713,1400.510188748633,1400.510188748633,732.6831476915504,732.6831476915504,1133.5218526541844,1133.5218526541848,732.6308826112067,732.6308826112081,903.176109876661,903.1761098766597,117.08170012965718,117.08170012966002,-8.4261810534644,-15.97173604952702,0.36468829169464384,5011.177700658432,473.67831794759786,-399.5925110640178
scaled_joint,20,flat,5,258,4861.774771075373,4861.79,57.36434108527132,1.98103411482808,448.42680148270074,489.81032489220297,4861.774771075377,0.0,0,-450.5563298265047,2470.26935221246,2391.505418862913,132,126,1597,1032.0,1290.0,"{'TP': 92, 'MH': 75, 'MFE': 61, 'BE': 15, 'MHx': 13, 'SN': 2}",3776.01480579701,173,3761.3828239156114,1085.7599652783624,85,1100.391947159766,282.67150611491746,33,282.6715061149198,1347.7106989939991,1347.710698993999,683.766668856503,683.766668856503,886.3409753954536,886.3409753954536,628.2854555944623,628.2854555944632,1042.7327096302647,1042.732709630266,272.9382626046902,272.9382626046927,-9.100459978768589,-16.681001168362283,-0.19702145015254818,4852.674311096609,490.811043432514,-451.09967163053625
scaled_joint,24,flat,5,260,5050.392516148417,5050.4400000000005,57.692307692307686,2.0205845545057106,448.4268014827003,507.2660721822931,5050.392516148421,0.0,0,-450.5563298265042,2486.720159357902,2563.672356790514,131,129,1603,1040.0,1300.0,"{'TP': 94, 'MH': 78, 'MFE': 59, 'MHx': 15, 'BE': 12, 'SN': 2}",4008.4343472173077,177,3993.80236533591,1041.958168931108,83,1056.5901508125112,293.31655816339594,32,293.31655816339844,1411.684232870114,1411.684232870114,852.2126764006856,852.2126764006857,886.3409753954536,886.3409753954534,628.2854555944623,628.2854555944641,1059.9721869339419,1059.9721869339419,211.89698895375892,211.89698895376205,-7.961103554221998,-15.932231548503538,1.3425437792691752,5042.431412594199,507.99326374971133,-451.09967163053625
scaled_joint,30,flat,5,264,5158.038615759089,5158.09,57.95454545454546,2.0415230084952154,448.4268014827003,489.8103248922025,5158.038615759092,0.0,0,-450.5563298265042,2485.3957586677006,2672.6428570913886,131,133,1641,1056.0,1320.0,"{'TP': 96, 'MH': 79, 'MFE': 59, 'MHx': 16, 'BE': 12, 'SN': 2}",3968.2757085435833,176,3953.643726662184,1189.762907215506,88,1204.3948890969082,293.31655816339594,32,293.31655816339844,1521.8489614662694,1521.848961466269,843.4123655439469,843.4123655439462,886.8895085590901,886.8895085590898,486.2138660176849,486.2138660176861,1207.7769252183393,1207.7769252183389,211.89698895375892,211.89698895376205,-6.085598289503342,-14.462898445635805,2.498637798344133,5151.953017469588,490.81104343251354,-451.0996716305358
scaled_joint,40,flat,5,258,5327.963034384991,5328.0,58.139534883720934,2.0957452451824303,451.58966753291315,519.0627104515597,5327.963034384995,0.0,0,-450.55632982650377,2568.588334690454,2759.3746996945383,130,128,1609,1032.0,1290.0,"{'TP': 95, 'MH': 75, 'MFE': 59, 'MHx': 14, 'BE': 13, 'SN': 2}",4324.3470741223755,175,4309.715092240977,1003.6159602626153,83,1018.2479421440175,280.4432920708946,32,280.44329207089686,1509.3739483804538,1509.3739483804538,849.194070037825,849.194070037825,937.7913359091992,937.791335909199,798.0767128383054,798.0767128383068,962.8169186585405,962.8169186585405,270.71004856066736,270.71004856066975,-8.595595832555563,-16.34438419327989,0.029979331616522054,5319.367438552439,520.8691207815291,-451.09967163053534
scaled_joint,50,flat,5,269,5685.482892427277,5685.52,59.10780669144982,2.1528126741608453,377.22142959739995,389.44164060366074,5685.482892427277,0.0,0,-349.2619472460892,2762.9393391733106,2922.543553253966,133,136,1663,1076.0,1345.0,"{'TP': 101, 'MH': 77, 'MFE': 61, 'BE': 14, 'MHx': 14, 'SN': 2}",4382.729080624119,176,4368.097098742718,1302.7538118031575,93,1317.3857936845588,294.36298832839987,33,294.362988328402,1483.9852322492427,1483.9852322492425,924.7669679400574,924.7669679400574,923.5755453560632,923.5755453560623,891.695700007463,891.6957000074631,1176.8297020562773,1176.8297020562768,284.62974481817264,284.6297448181749,-7.681738681688163,-15.482807016863774,1.693112879209641,5677.801153745589,388.9017989061349,-349.7407678370364
scaled_joint,75,flat,5,269,5762.977450187932,5763.0,58.36431226765799,2.172318836438941,429.233524000379,441.4537350066403,5762.977450187932,0.0,0,-401.2740416490683,2828.1619342349204,2934.8155159530115,133,136,1657,1076.0,1345.0,"{'TP': 101, 'MH': 81, 'MFE': 60, 'MHx': 14, 'BE': 11, 'SN': 2}",4241.418748834667,178,4226.786766953266,1521.558701353265,91,1536.1906832346658,227.9358448325353,34,227.93584483253744,1478.5553163607606,1478.5553163607606,915.2318618568879,915.2318618568879,872.3892811592565,872.389281159255,816.5366543864696,816.5366543864702,1462.0617351022493,1462.061735102248,218.20260132230808,218.20260132231033,-8.187315635780662,-16.17541697437547,3.248274078041848,5754.790134552151,440.712948067518,-401.5519169984177
scaled_joint,125,flat,5,258,5870.002085957243,5870.03,60.07751937984496,2.309219773903673,384.0575587008716,440.4424912402401,5870.002085957244,0.0,0,-356.09807634956087,2844.7406116441134,3025.261474313129,131,127,1578,1032.0,1290.0,"{'TP': 98, 'MH': 73, 'MFE': 60, 'MHx': 13, 'BE': 11, 'SN': 3}",4424.614673835089,171,4409.982691953691,1445.387412122153,87,1460.0193940035533,230.92201871941646,34,230.9220187194178,1496.6796598227108,1496.679659822711,921.8585751428584,921.8585751428582,772.9575920331084,772.9575920331076,1119.5891770646267,1119.589177064629,1337.7283066847485,1337.7283066847476,221.18877520918923,221.18877520919068,-5.290815150297764,-12.661760910221494,4.583544587483758,5864.711270806946,440.39217158338033,-356.7142086226804
scaled_joint,150,flat,5,253,6214.45212109052,6214.46,60.079051383399204,2.4836175071412088,384.0575587008716,440.4424912402401,6214.452121090524,0.0,0,-356.09807634956087,2629.3371744155434,3585.1149466749794,127,126,1553,1012.0,1265.0,"{'TP': 98, 'MH': 71, 'MFE': 57, 'MHx': 13, 'BE': 12, 'SN': 2}",4520.411423771744,168,4505.779441890346,1694.040697318778,85,1708.6726792001782,409.95917738501834,33,409.95917738501976,1470.5771254902027,1470.577125490203,689.140960965717,689.1409609657167,1119.7409920589453,1119.7409920589453,1127.4226754850938,1127.422675485096,1407.3444332157717,1407.3444332157706,400.22593387479105,400.22593387479264,-5.204585865786687,-11.621226497541418,3.2888314572004327,6209.2475352247375,440.39217158338033,-356.7142086226804
scaled_joint,200,flat,5,253,5121.752149016787,5121.790000000001,57.70750988142292,2.0949116190723815,500.43889588568027,541.8224192951825,5121.752149016791,0.0,0,-502.5684242294842,2394.2454290785345,2727.506719938252,131,122,1562,1012.0,1265.0,"{'TP': 93, 'MH': 75, 'MFE': 61, 'MHx': 12, 'BE': 9, 'SN': 3}",3832.4904316434313,168,3817.8584497620323,1289.261717373356,85,1303.8936992547588,372.246795914821,34,372.24679591482345,1134.6628735258325,1134.6628735258323,709.8743660461672,709.8743660461664,956.4201679184401,956.4201679184407,801.6220171963989,801.6220171964001,1156.6591719253547,1156.6591719253552,362.5135524045937,362.51355240459634,-5.232599031404807,-12.692902477715286,4.403047668462618,5116.519549985386,542.6221925938967,-502.9108207919189
scaled_joint,250,flat,5,250,3901.857602024074,3901.9000000000005,56.39999999999999,1.7576541166669626,522.3145557728424,541.8224192951825,3901.8576020240753,0.0,0,-502.5684242294842,1724.3043276881695,2177.553274335905,130,120,1552,1000.0,1250.0,"{'TP': 88, 'MH': 75, 'MFE': 61, 'MHx': 12, 'BE': 9, 'SN': 5}",2869.8226659288557,162,2855.190684047456,1032.0349360952187,88,1046.666917976619,191.49310591968714,38,191.49310591968742,927.3587840664713,927.3587840664716,387.19409809813044,273.6462083320173,575.2069483663068,688.7548381324198,750.1518284413544,750.1518284413548,1080.1860806423513,1080.186080642352,181.75986240945988,181.75986240945986,-5.344674214806982,-12.92380453737603,4.025916756830421,3896.512927809268,542.6221925938971,-502.9108207919194
scaled_joint,300,flat,5,250,3588.390830129032,3588.42,56.00000000000001,1.6956879345970044,513.5457541868409,552.7997492525392,3588.390830129033,0.0,0,-502.5684242294842,1765.3102201925917,1823.0806099364409,135,115,1550,1000.0,1250.0,"{'TP': 85, 'MH': 75, 'MFE': 63, 'MHx': 12, 'BE': 10, 'SN': 5}",2783.062583445774,163,2768.4306015643747,805.3282466832582,87,819.9602285646583,18.829479448410815,37,18.829479448410893,982.658579191957,982.6585791919567,458.30925344348987,458.30925344349,540.0620352750221,540.0620352750223,572.1217085787127,572.121708578713,1026.143017701667,1026.1430177016678,9.096235938183469,9.096235938183327,-11.243718229820448,-17.82558149913599,-0.7188692120164653,3577.1471118992126,553.748045650224,-502.9108207919194
fixed_joint,100,schedule,0,262,6619.612718819486,6619.59,61.06870229007634,2.43443991766205,424.2479785671476,453.1885493963118,6619.612718819483,0.0,0,-374.1794108790991,3411.0476506015125,3208.565068217973,134,128,1589,1116.0,1310.0,"{'TP': 102, 'MH': 72, 'MFE': 59, 'MHx': 14, 'BE': 13, 'SN': 2}",4985.398353568944,173,4972.7600556966045,1634.214365250542,89,1646.8526631228788,313.39642919487443,35,313.3964291948723,1719.3868099973242,1719.386809997324,1023.8871587366348,1023.8871587366345,894.8399861449049,894.8399861449043,1203.7560111722958,1203.7560111722973,1448.6585056509346,1448.6585056509339,329.0842471173918,329.08424711738917,-8.535688532651161,-16.344233434548563,3.021567945848042,6611.077030286832,453.71565157548594,-373.9777422507432
fixed_joint,10,schedule,0,165,3195.625930092017,3195.58,59.3939393939394,2.012519168419463,448.2294085176504,470.0577429145869,3195.625930092016,0.0,0,-347.91256404157866,2924.553030984739,271.07289910727764,155,10,845,730.0,825.0,"{'MFE': 67, 'MH': 41, 'TP': 34, 'MHx': 14, 'BE': 7, 'SN': 2}",2294.5400009609334,115,2281.9017030885916,901.0859291310833,50,913.7242270034244,39.25299225802453,23,39.25299225802473,876.9813572030961,876.981357203096,377.4944609395558,377.49446093955567,758.6372473773077,758.6372473773076,172.23988282334474,172.2398828233438,1012.6823566934087,1012.6823566934095,-2.4093749446963475,-2.4093749446965376,-27.719420323122872,-34.2962651942475,-19.563344268152633,3167.906509768893,472.6855914989269,-350.8058717299059
fixed_joint,20,schedule,0,194,4340.97535643939,4340.950000000001,62.88659793814433,2.235840121335285,448.2294085176509,470.05774291458783,4340.97535643939,0.0,0,-354.3244019548488,2662.8757853686657,1678.0995710707257,151,43,1022,846.0,970.0,"{'MFE': 68, 'TP': 56, 'MH': 44, 'MHx': 17, 'BE': 6, 'SN': 3}",3271.261708384777,133,3258.6234105124345,1069.713648054614,61,1082.351945926956,17.185608553739982,27,17.185608553739257,1027.305304881485,1027.3053048814847,920.8387536612328,920.8387536612327,479.81899452788974,479.81899452788934,734.1116026965404,734.1116026965392,1203.377459321224,1203.377459321226,-24.476758648980905,-24.47675864898156,-24.985672555871865,-32.05966717611029,-16.510320168233697,4315.989683883518,472.68559149892826,-355.35950227378316
fixed_joint,24,schedule,0,212,4206.901880562672,4206.87,59.43396226415094,2.061183971412885,448.2294085176509,470.05774291458783,4206.901880562669,0.0,0,-347.91256404157957,2675.2238785525533,1531.6780020101185,153,59,1175,920.0,1060.0,"{'MFE': 68, 'TP': 61, 'MH': 56, 'MHx': 17, 'BE': 8, 'SN': 2}",3114.9229956078425,144,3102.2846977355,1091.978884954829,68,1104.6171828271695,72.1810702487828,28,72.181070248781,1117.7846389552626,1117.7846389552626,865.0182151381634,865.0182151381632,397.17149439616173,397.1714943961613,663.250280215843,663.2502802158415,1154.0273098907435,1154.0273098907455,9.649941966497208,9.649941966495135,-23.62353138661389,-31.152859723483946,-15.243625319331471,4183.278349176056,472.68559149892735,-350.80587172990636
fixed_joint,30,schedule,0,230,4627.159592867794,4627.12,59.56521739130435,2.097081745559736,561.0092247441899,589.9497955733541,4627.159592867793,0.0,0,-380.9912816808637,2592.417508975919,2034.7420838918758,149,81,1316,998.0,1150.0,"{'TP': 72, 'MFE': 67, 'MH': 62, 'MHx': 17, 'BE': 10, 'SN': 2}",3459.6456347400344,151,3447.007336867692,1167.5139581277606,79,1180.1522560001013,85.21295151298672,33,85.21295151298455,1281.2295495949863,1281.2295495949863,780.3394662506471,780.3394662506464,378.6244355939695,378.6244355939698,917.0656021962982,917.0656021962968,1244.603450492601,1244.6034504926038,25.297088739292654,25.297088739290302,-19.805758343354277,-27.116991528129734,-11.364600020428128,4607.353834524439,591.9431930921664,-381.2586623874631
fixed_joint,40,schedule,0,248,5375.31623741157,5375.27,60.483870967741936,2.181430296489295,326.4853981751967,355.4259690043609,5375.316237411568,0.0,0,-278.758349453818,3071.365035174401,2303.9512022371696,147,101,1469,1060.0,1240.0,"{'TP': 84, 'MH': 68, 'MFE': 65, 'MHx': 18, 'BE': 10, 'SN': 3}",3992.625263693742,163,3979.9869658213997,1382.6909737178278,85,1395.3292715901684,293.0427724277262,34,293.04277242772514,1298.0108575351903,1298.0108575351903,876.8326846263747,876.8326846263742,856.6163563136404,856.6163563136406,858.7787841144033,858.7787841144018,1251.9506451679288,1251.9506451679304,233.1269096540322,233.1269096540309,-13.717487840779086,-21.02666415461902,-4.4166489714477475,5361.59874957079,356.61519006727667,-280.54441097656036
fixed_joint,50,schedule,0,255,5794.682089586269,5794.650000000001,61.1764705882353,2.2599198238210416,326.4853981751967,355.4259690043609,5794.6820895862675,0.0,0,-278.7583494538176,3109.0720062492,2685.6100833370697,146,109,1522,1088.0,1275.0,"{'TP': 90, 'MH': 70, 'MFE': 64, 'MHx': 18, 'BE': 10, 'SN': 3}",4264.967943827221,168,4252.329645954879,1529.7141457590485,87,1542.3524436313883,293.0427724277262,34,293.04277242772514,1507.0713470352196,1507.0713470352196,983.7458526565975,983.7458526565968,1017.1429890087749,1017.1429890087752,654.6211740224942,654.6211740224949,1398.97381720915,1398.9738172091502,233.1269096540322,233.1269096540309,-13.779380130907386,-22.010099639011926,-3.88441439402765,5780.90270945536,356.61519006727667,-280.54441097655945
fixed_joint,75,schedule,0,270,6385.600675772042,6385.5599999999995,60.370370370370374,2.2795869495070593,498.7334487543021,527.6740195834664,6385.600675772042,0.0,0,-448.66488106625366,3174.253467907728,3211.3472078643154,143,127,1638,1152.0,1350.0,"{'TP': 101, 'MH': 75, 'MFE': 63, 'MHx': 16, 'BE': 12, 'SN': 3}",4660.7788268171935,174,4648.140528944854,1724.8218489548494,96,1737.4601468271885,271.15848116983256,37,271.15848116983125,1538.5698189131926,1538.5698189131926,1050.1800712190493,1050.1800712190484,868.7117678709224,868.7117678709219,1059.7887812962447,1059.7887812962467,1581.5039373802842,1581.5039373802847,286.84629909234997,286.8462990923481,-10.036772115776529,-18.618653842822667,2.2279540882818862,6375.563903656266,527.908411748992,-448.1705024242492
fixed_joint,125,schedule,0,261,6263.693218527147,6263.65,60.91954022988506,2.3284373815462147,438.4226852164311,467.36325604559534,6263.693218527147,0.0,0,-388.35411752838263,2977.959310268338,3285.7339082588096,124,137,1619,1112.0,1305.0,"{'TP': 103, 'MH': 73, 'MFE': 53, 'MHx': 15, 'BE': 14, 'SN': 3}",4651.245931810981,166,4638.607633938643,1612.4472867161674,95,1625.0855845885044,216.58564785017978,35,216.58564785017825,1535.1014628367034,1535.1014628367031,721.5645410797202,721.5645410797213,987.5507437400641,987.5507437400638,1295.7547134604708,1295.7547134604729,1491.4482916374911,1491.448291637491,232.2734657726972,232.2734657726951,-3.2602942277831364,-10.77517171738938,7.155154009175522,6260.432924299364,467.89035822477035,-388.1524489000258
fixed_joint,150,schedule,0,256,5894.473800677397,5894.41,60.546875,2.2352733580867787,508.1917591422516,549.5545907900487,5894.473800677397,0.0,0,-474.2509677756243,2858.9696196576297,3035.5041810197677,122,134,1590,1098.0,1280.0,"{'TP': 96, 'MH': 73, 'MFE': 52, 'MHx': 17, 'BE': 15, 'SN': 3}",4598.493700601151,163,4585.855402728813,1295.980100076247,93,1308.618397948584,248.1790210839166,36,248.17902108391536,1353.1706252266683,1353.1706252266683,787.0102169694159,787.0102169694167,1113.1678093165613,1113.1678093165601,1121.594569882524,1121.5945698825262,1255.6637402757935,1255.6637402757933,263.86683900643396,263.8668390064322,-3.7051684867819787,-11.042788393512964,5.510755730141075,5890.768632190615,550.4351670853976,-474.62177931708266
fixed_joint,200,schedule,0,248,4910.433861811758,4910.380000000001,59.67741935483871,1.9965132556323513,508.1917591422498,549.5545907900473,4910.433861811758,0.0,0,-474.25096777562294,2099.2536977588297,2811.1801640529284,112,136,1554,1062.0,1240.0,"{'TP': 94, 'MH': 72, 'MFE': 49, 'MHx': 17, 'BE': 12, 'SN': 4}",3700.890406865431,160,3688.2521089930906,1209.543454946327,88,1222.1817528186675,190.07178471704543,31,190.07178471704538,1137.0187865959708,1137.0187865959708,842.6123891592248,842.6123891592247,550.9356746667494,550.9356746667493,946.7730772375052,946.7730772375053,1227.3343315127456,1227.3343315127458,205.7596026395628,205.75960263956222,-1.810475500124042,-9.388973530060898,7.564930886873794,4908.623386311634,550.4351670853953,-474.62177931708084
fixed_joint,250,schedule,0,249,5159.460329625744,5159.42,59.43775100401606,2.066090965784426,448.90102675134995,470.872657366393,5159.460329625743,0.0,0,-424.1620632895879,2136.2312128632584,3023.2291167624853,108,141,1540,1058.0,1245.0,"{'TP': 98, 'MH': 73, 'MFE': 49, 'MHx': 13, 'BE': 12, 'SN': 4}",3796.436616851778,164,3783.7983189794368,1363.0237127739658,85,1375.662010646306,111.36247745763869,31,111.3624774576383,1150.4278416519735,1150.4278416519737,860.873190133108,860.873190133108,639.7430174391915,639.7430174391907,943.0645658661653,943.0645658661651,1438.3014191551495,1438.3014191551501,127.05029538015616,127.05029538015515,-0.8987976246907201,-8.465029503766916,8.962655169475754,5158.561532001052,470.3499026107279,-424.5193615772105
fixed_joint,300,schedule,0,251,4870.777647358604,4870.76,59.76095617529881,2.0051490914874432,455.6554643310301,477.62709494607316,4870.777647358604,0.0,0,-430.916500869268,1689.7842739623088,3180.9933733962944,109,142,1556,1062.0,1255.0,"{'TP': 98, 'MH': 72, 'MFE': 50, 'MHx': 14, 'BE': 13, 'SN': 4}",3594.5293738658956,162,3581.8910759935548,1276.2482734927073,89,1288.886571365049,71.53435006356102,32,71.53435006356085,932.8618976425096,932.8618976425097,991.6366546661901,991.6366546661901,687.8968974290411,687.896897429041,773.0514847871345,773.0514847871345,1398.1085448476485,1398.1085448476506,87.22216798607846,87.2221679860777,-2.415566641978949,-8.785416585280515,8.297222186233821,4868.362080716624,477.10434019040804,-431.2737991568906
fixed_gate_only,100,schedule,0,262,6619.612718819486,6619.59,61.06870229007634,2.43443991766205,424.2479785671476,453.1885493963118,6619.612718819483,0.0,0,-374.1794108790991,3411.0476506015125,3208.565068217973,134,128,1589,1116.0,1310.0,"{'TP': 102, 'MH': 72, 'MFE': 59, 'MHx': 14, 'BE': 13, 'SN': 2}",4985.398353568944,173,4972.7600556966045,1634.214365250542,89,1646.8526631228788,313.39642919487443,35,313.3964291948723,1719.3868099973242,1719.386809997324,1023.8871587366348,1023.8871587366345,894.8399861449049,894.8399861449043,1203.7560111722958,1203.7560111722973,1448.6585056509346,1448.6585056509339,329.0842471173918,329.08424711738917,-8.535688532651161,-16.344233434548563,3.021567945848042,6611.077030286832,453.71565157548594,-373.9777422507432
fixed_gate_only,10,schedule,0,167,3340.815537729114,3340.79,57.48502994011976,2.0817372516863677,477.0651649291344,502.46945178439046,3340.8155377291137,0.0,0,-392.86441543987075,3041.7464550378086,299.06908269130554,157,10,864,738.0,835.0,"{'MFE': 71, 'MH': 42, 'TP': 33, 'MHx': 11, 'BE': 8, 'SN': 2}",2488.861523670593,115,2476.223225798252,851.9540140585201,52,864.5923119308618,14.784803870055503,23,14.784803870055839,910.0874715127926,910.0874715127925,319.3490896067412,319.34908960674056,818.8641161943477,818.8641161943483,368.8624794543005,368.8624794542993,950.5299442935973,950.5299442935984,-26.87756333266541,-26.87756333266543,-28.928755132152265,-35.09488787859127,-21.717186353628367,3311.8867825969614,504.248825763495,-395.757723128198
fixed_gate_only,20,schedule,0,199,4590.72581162313,4590.720000000001,61.30653266331658,2.278449856818418,477.06516492913397,502.46945178439,4590.725811623129,0.0,0,-392.86441543987075,2891.362504754102,1699.3633068690283,156,43,1053,866.0,995.0,"{'MFE': 71, 'TP': 57, 'MH': 46, 'MHx': 13, 'BE': 9, 'SN': 3}",3505.6453559687243,136,3493.007058096381,1085.0804556544056,63,1097.7187535267476,-7.282579834229091,27,-7.282579834229182,1046.375938065693,1046.3759380656927,862.6933823284182,862.693382328418,594.143469344705,594.1434693447043,930.7341993274963,930.7341993274949,1205.7237695937674,1205.7237695937688,-48.94494703694998,-48.94494703695,-26.279995928516385,-32.94327842406919,-17.512856298501,4564.445815694612,504.248825763495,-395.75772312819845
fixed_gate_only,24,schedule,0,215,4435.915201853545,4435.920000000001,58.6046511627907,2.0955479233998417,477.06516492913397,502.46945178439,4435.915201853543,0.0,0,-392.86441543987075,2891.362504754102,1544.5526970994438,156,59,1183,932.0,1075.0,"{'MFE': 71, 'TP': 62, 'MH': 57, 'MHx': 14, 'BE': 9, 'SN': 2}",3339.6784744743118,147,3327.0401766019695,1096.2367273792331,68,1108.8750252515738,24.026809376938168,28,24.026809376937308,1137.2950258773774,1137.2950258773774,806.8728438053488,806.8728438053486,511.4959692129769,511.49596921297666,812.316268676197,812.3162686761957,1206.4394131869924,1206.4394131869935,-38.504318905347404,-38.504318905348555,-24.969620861761122,-32.053201270547724,-16.134587371588673,4410.945580991782,504.248825763495,-395.75772312819754
fixed_gate_only,30,schedule,0,233,4908.725865371676,4908.72,59.227467811158796,2.149055027721859,589.8449811556729,618.7855519848372,4908.725865371673,0.0,0,-392.86441543987075,2861.109086390474,2047.6167789812012,152,81,1324,1010.0,1165.0,"{'TP': 74, 'MFE': 70, 'MH': 62, 'MHx': 14, 'BE': 11, 'SN': 2}",3742.5464849393184,154,3729.9081870669747,1166.1793804323577,79,1178.817678304698,37.05869064114207,33,37.058690641140856,1300.7399365171011,1300.7399365171011,780.3394662506471,780.3394662506464,492.9489104107847,492.9489104107838,1066.1315906566522,1066.1315906566506,1291.4231336690427,1291.423133669044,-22.85717213255201,-22.857172132553387,-21.555521821845105,-28.421007078537105,-12.255562072685322,4887.1703435498275,620.7789495036495,-395.75772312819845
fixed_gate_only,40,schedule,0,248,5440.231497297066,5440.219999999999,60.483870967741936,2.2000175818651613,310.3693031883886,339.30987401755283,5440.2314972970635,0.0,0,-278.7583494538176,3151.4017835546,2288.829713742467,147,101,1465,1060.0,1240.0,"{'TP': 85, 'MFE': 68, 'MH': 66, 'MHx': 15, 'BE': 11, 'SN': 3}",4047.6637967059014,163,4035.0254988335582,1392.567700591165,85,1405.2059984635052,289.8403629541737,34,289.84036295417263,1317.5212444573049,1317.5212444573046,876.8326846263747,876.8326846263742,743.0785139433312,743.078513943331,1007.8447725747573,1007.8447725747556,1265.0297815148185,1265.0297815148197,229.92450018047958,229.9245001804784,-14.7309475735032,-22.005088083945296,-4.811910335404195,5425.500549723561,340.4990950804686,-280.5444109765599
fixed_gate_only,50,schedule,0,255,5920.431659623209,5920.42,61.1764705882353,2.298453000338177,310.3693031883886,339.30987401755283,5920.4316596232065,0.0,0,-278.7583494538176,3249.943064780842,2670.4885948423675,146,109,1515,1088.0,1275.0,"{'TP': 91, 'MH': 68, 'MFE': 66, 'MHx': 16, 'BE': 11, 'SN': 3}",4381.922385260266,168,4369.284087387924,1538.5092743629427,87,1551.1475722352825,289.8403629541737,34,289.84036295417263,1550.927914547065,1550.9279145470653,983.7458526565975,983.7458526565972,941.1748744696218,941.1748744696215,803.6871624828482,803.6871624828473,1410.9713552865967,1410.971355286597,229.92450018047958,229.9245001804784,-14.792839863631498,-22.988523568338202,-4.2796757579841,5905.638819759575,340.4990950804686,-280.54441097655945
fixed_gate_only,75,schedule,0,270,6436.8004977699175,6436.78,60.74074074074074,2.3051466655042487,498.7334487543021,527.6740195834664,6436.800497769918,0.0,0,-448.66488106625366,3223.7744081591954,3213.0260896107225,143,127,1633,1152.0,1350.0,"{'TP': 101, 'MH': 73, 'MFE': 64, 'MHx': 17, 'BE': 12, 'SN': 3}",4725.882515331206,174,4713.244217458869,1710.9179824387109,96,1723.5562803110497,245.2570765762472,37,245.2570765762457,1563.3557532408302,1563.3557532408304,1051.0354763099674,1051.0354763099667,908.1741169663804,908.1741169663806,1059.7887812962447,1059.7887812962467,1593.501475457731,1593.5014754577314,260.94489449876454,260.94489449876255,-10.870817801485162,-19.41766372513346,1.8326927243254365,6425.929679968433,527.908411748992,-448.1705024242492
fixed_gate_only,125,schedule,0,264,6454.688787878271,6454.66,60.984848484848484,2.3470622030576376,424.2479785671476,453.1885493963118,6454.688787878268,0.0,0,-374.1794108790991,3242.006380449988,3212.6824074282827,127,137,1626,1124.0,1320.0,"{'TP': 104, 'MH': 74, 'MFE': 54, 'MHx': 16, 'BE': 13, 'SN': 3}",4843.063985931551,169,4830.425688059211,1611.6248019467196,95,1624.263099819057,230.7603544994634,35,230.76035449946176,1505.3746952861813,1505.374695286181,968.4707841867149,968.470784186715,987.5507437400641,987.5507437400638,1238.1393752008055,1238.139375200807,1508.705017042523,1508.7050170425227,246.44817242198076,246.4481724219786,-3.703133101649195,-11.637210516449965,7.155154009175522,6450.985654776619,453.71565157548594,-373.97774225074227
fixed_gate_only,150,schedule,0,259,6155.799722722182,6155.7300000000005,60.231660231660236,2.2713382868194825,540.4456759660143,581.8085076138113,6155.79972272218,0.0,0,-506.50488459938697,2989.5222775105563,3166.2774452116273,124,135,1617,1110.0,1295.0,"{'TP': 99, 'MH': 75, 'MFE': 51, 'MHx': 17, 'BE': 14, 'SN': 3}",4779.961809930157,165,4767.3235120578165,1375.8379127920268,94,1388.4762106643639,248.1790210839166,36,248.17902108391536,1323.443857676146,1323.443857676146,914.5967543969715,914.5967543969716,1160.2534351384484,1160.2534351384475,1125.8633666888459,1125.8633666888472,1367.7754698153367,1367.7754698153358,263.86683900643396,263.8668390064322,-4.806219063294221,-12.163128478845668,5.422640406636099,6150.993503658886,582.6890839091602,-506.8756961408453
fixed_gate_only,200,schedule,0,250,5468.643327324826,5468.6,59.599999999999994,2.1212380707893246,540.4456759660134,581.8085076138109,5468.643327324823,0.0,0,-506.5048845993865,2585.3018108794045,2883.341516445421,113,137,1581,1070.0,1250.0,"{'TP': 98, 'MH': 75, 'MFE': 48, 'MHx': 16, 'BE': 10, 'SN': 3}",4105.702237585952,161,4093.06393971361,1362.9410897388734,89,1375.579387611213,263.6116067938115,31,263.6116067938101,1107.2920190454486,1107.2920190454488,1017.1355238480824,1017.1355238480819,615.2945137031116,615.2945137031111,1110.1757849595656,1110.1757849595647,1339.4460610522888,1339.4460610522897,279.2994247163288,279.29942471632694,-1.8243033713113075,-9.894561817208723,8.74135344730333,5466.8190239535115,582.6890839091593,-506.87569614084487
fixed_gate_only,250,schedule,0,245,5215.493918793662,5215.45,58.77551020408164,2.0825122305113015,535.6109052452762,576.9737368930737,5215.493918793658,0.0,0,-501.6701138786493,2462.0467962746357,2753.4471225190246,108,137,1544,1042.0,1225.0,"{'TP': 95, 'MH': 77, 'MFE': 48, 'MHx': 13, 'BE': 9, 'SN': 3}",4027.4418635887314,164,4014.8035657163896,1188.0520552049295,81,1200.6903530772684,174.1438894654588,31,174.1438894654566,1107.2920190454486,1107.2920190454488,849.4419347190842,849.4419347190842,704.1018564755536,704.1018564755532,1115.6364280396385,1115.6364280396374,1249.1899731259598,1249.189973125961,189.83170738797617,189.83170738797344,-0.4677850661109364,-9.110458521102835,9.60273459643383,5215.026133727547,577.4888772177069,-501.67548944939244
fixed_gate_only,300,schedule,0,247,4919.184078044238,4919.15,59.10931174089069,2.022833766582804,535.6109052452753,576.9737368930728,4919.184078044234,0.0,0,-501.6701138786484,2099.6677929331745,2819.516285111062,109,138,1563,1046.0,1235.0,"{'TP': 95, 'MH': 77, 'MFE': 49, 'MHx': 14, 'BE': 9, 'SN': 3}",3826.336252174825,162,3813.6979543024845,1092.8478258694122,85,1105.48612374175,113.49753502261477,32,113.49753502261228,889.7260750359848,889.7260750359848,955.494352943635,955.4943529436354,768.5890975682266,768.5890975682269,961.5571013179717,961.5571013179715,1214.6320982332861,1214.6320982332868,129.18535294513222,129.18535294512913,-1.814459389859549,-8.689139589601634,9.100641793704716,4917.369618654375,577.4888772177051,-501.6754894493906
scaled_joint,100,schedule,0,262,6619.612718819486,6619.59,61.06870229007634,2.43443991766205,424.2479785671476,453.1885493963118,6619.612718819483,0.0,0,-374.1794108790991,3411.0476506015125,3208.565068217973,134,128,1589,1116.0,1310.0,"{'TP': 102, 'MH': 72, 'MFE': 59, 'MHx': 14, 'BE': 13, 'SN': 2}",4985.398353568944,173,4972.7600556966045,1634.214365250542,89,1646.8526631228788,313.39642919487443,35,313.3964291948723,1719.3868099973242,1719.386809997324,1023.8871587366348,1023.8871587366345,894.8399861449049,894.8399861449043,1203.7560111722958,1203.7560111722973,1448.6585056509346,1448.6585056509339,329.0842471173918,329.08424711738917,-8.535688532651161,-16.344233434548563,3.021567945848042,6611.077030286832,453.71565157548594,-373.9777422507432
scaled_joint,10,schedule,0,253,5771.817202517225,5771.8,60.079051383399204,2.268807833444295,446.77833154491964,484.013699613085,5771.817202517224,0.0,0,-408.71007659866063,2912.217339791825,2859.5998627254007,129,124,1573,1068.0,1265.0,"{'TP': 93, 'MH': 68, 'MFE': 58, 'BE': 17, 'MHx': 15, 'SN': 2}",4797.374801285785,166,4784.736503413445,974.4424012314414,87,987.0806991037798,168.47965641475167,32,168.47965641475093,1580.0592033766063,1580.0592033766063,882.0090579388149,882.0090579388145,1231.77940049619,1231.7794004961897,847.7227434444287,847.7227434444299,1046.0793229239164,1046.0793229239162,184.1674743372692,184.16747433726778,-8.71709829352099,-16.91097051270764,-0.13622729866291816,5763.100104223703,485.45226700833246,-409.63887924001756
scaled_joint,20,schedule,0,260,5577.335168567112,5577.33,59.23076923076923,2.1332515945847326,492.4745731616372,533.8374048094347,5577.335168567112,0.0,0,-458.5337817950103,2931.2040614520038,2646.1311071151085,133,127,1602,1096.0,1300.0,"{'TP': 94, 'MH': 72, 'MFE': 60, 'BE': 17, 'MHx': 15, 'SN': 2}",4377.353308063504,171,4364.715010191166,1199.9818605036069,89,1212.6201583759466,324.93138113469763,33,324.9313811346965,1531.217893222018,1531.2178932220183,837.1557985278357,837.1557985278353,984.6496651223171,984.6496651223165,768.5255551615901,768.5255551615915,1115.1670574761358,1115.1670574761374,340.6191990572151,340.61919905721334,-9.53616525323634,-17.765031707855428,-0.8426687903295423,5567.799003313876,534.918825873759,-459.1054381054446
scaled_joint,24,schedule,0,262,5774.575651229825,5774.56,59.541984732824424,2.1752500358674594,492.47457316163764,533.8374048094347,5774.575651229823,0.0,0,-458.5337817950103,2944.4826705928417,2830.0929806369827,132,130,1608,1102.0,1310.0,"{'TP': 96, 'MH': 75, 'MFE': 58, 'MHx': 17, 'BE': 14, 'SN': 2}",4625.473700632951,175,4612.83540276061,1149.101950596875,87,1161.740248469213,332.398426519145,32,332.39842651914387,1603.1054965295402,1603.1054965295405,1013.3885877897582,1013.3885877897571,984.6496651223171,984.649665122316,768.5255551615901,768.5255551615924,1132.4237828811679,1132.4237828811674,272.48256374545105,272.4825637454496,-8.397198890636343,-17.01645685654093,0.6963062727431522,5766.178452339187,534.9188258737595,-459.1054381054446
scaled_joint,30,schedule,0,266,5905.609638800165,5905.58,60.150375939849624,2.203354230856043,492.47457316163764,533.8374048094347,5905.609638800164,0.0,0,-458.5337817950103,2950.6990519155834,2954.910586884582,132,134,1646,1118.0,1330.0,"{'TP': 98, 'MH': 76, 'MFE': 58, 'MHx': 18, 'BE': 14, 'SN': 2}",4588.878940247733,174,4576.240642375393,1316.7306985524326,92,1329.3689964247715,332.398426519145,32,332.39842651914387,1713.1472571516533,1713.147257151653,1004.5794722198058,1004.579472219805,992.740854169686,992.7408541696855,622.6069606768434,622.6069606768451,1300.052530836726,1300.052530836726,272.48256374545105,272.4825637454496,-6.521586689759997,-15.546831709037312,1.8518402224113044,5899.0880521104045,534.9188258737604,-459.1054381054446
scaled_joint,40,schedule,0,260,6074.773668612795,6074.75,60.0,2.2623003418439307,492.47457316163764,533.8374048094347,6074.773668612794,0.0,0,-458.5337817950103,3045.4974036679223,3029.2762649448723,131,129,1612,1094.0,1300.0,"{'TP': 98, 'MH': 73, 'MFE': 58, 'MHx': 15, 'BE': 14, 'SN': 2}",4948.573862495168,173,4935.935564622829,1126.1998061176262,87,1138.838103989965,335.0458277599155,32,335.0458277599146,1692.7067018500327,1692.7067018500327,1006.3513467518079,1006.3513467518076,1055.2463620696406,1055.2463620696399,938.465055793943,938.4650557939444,1031.2705564649373,1031.2705564649377,350.73364568243284,350.7336456824314,-9.030896068715414,-17.427925570879566,-0.6160025068330615,6065.742772544078,534.9188258737595,-459.1054381054446
scaled_joint,50,schedule,0,270,6541.084633778912,6541.0599999999995,61.111111111111114,2.355017670771378,363.1964043867456,392.13697521590984,6541.084633778912,0.0,0,-317.3913462416567,3275.748752192855,3265.3358815860547,134,136,1656,1140.0,1350.0,"{'TP': 104, 'MH': 74, 'MFE': 60, 'BE': 15, 'MHx': 15, 'SN': 2}",5011.264671323989,174,4998.62637345165,1529.8199624549218,96,1542.458260327262,376.66333548498517,33,376.6633354849846,1667.3433617469384,1667.3433617469384,1082.2268591836169,1082.2268591836157,1041.044780202715,1041.0447802027143,1077.1212826729343,1077.121282672937,1280.9971965652037,1280.9971965652048,392.35115340750264,392.35115340750144,-8.455984653725539,-16.90528596795647,0.5975493170886483,6532.628649125186,392.5412398360304,-318.3415966253742
scaled_joint,75,schedule,0,270,6517.633775973827,6517.6,60.370370370370374,2.3325013179001295,473.55356737958573,502.49413820875,6517.633775973826,0.0,0,-365.36244904603336,3317.468119157062,3200.1656568167655,134,136,1653,1142.0,1350.0,"{'TP': 104, 'MH': 76, 'MFE': 59, 'MHx': 15, 'BE': 14, 'SN': 2}",4827.762732719684,176,4815.124434847345,1689.8710432541436,94,1702.5093411264816,263.6587712513752,34,263.65877125137376,1640.163920878728,1640.1639208787276,1076.6536818657369,1076.6536818657362,978.4563128823928,978.456312882392,988.9604295750427,988.9604295750446,1554.0528415980355,1554.0528415980352,279.3465891738926,279.3465891738906,-8.702961535606256,-17.447665391587805,2.453923646031665,6508.93081443822,502.1168517527558,-366.11185466077495
scaled_joint,125,schedule,0,261,6782.781210705705,6782.73,62.06896551724138,2.5136785929757743,348.95960609414396,408.57822715808925,6782.7812107057025,0.0,0,-324.2206426323819,3353.0943723380683,3429.686838367636,132,129,1594,1110.0,1305.0,"{'TP': 102, 'MH': 69, 'MFE': 59, 'BE': 14, 'MHx': 14, 'SN': 3}",5055.152093290928,169,5042.513795418588,1727.6291174147766,92,1740.267415287114,321.55391707845007,34,321.55391707844865,1646.3237534812874,1646.3237534812872,1075.176347152817,1075.1763471528168,926.4273687629175,926.4273687629166,1304.8380427897732,1304.838042789775,1492.7739635179423,1492.7739635179414,337.2417350009675,337.2417350009655,-6.677652654972034,-14.585810069772803,3.8785968463908604,6776.1035580507305,408.52844061163614,-325.3081360424303
scaled_joint,150,schedule,0,255,7091.960754877029,7091.9,62.745098039215684,2.7072827664077206,347.01456618363864,408.57822715808925,7091.960754877028,0.0,0,-315.07247035032196,3130.5795741877273,3961.3811806893013,128,127,1559,1088.0,1275.0,"{'TP': 102, 'MH': 67, 'MFE': 56, 'BE': 14, 'MHx': 14, 'SN': 2}",5099.683389599483,166,5087.045091727145,1992.277365277546,89,2004.9156631498836,497.2082227411849,33,497.2082227411838,1640.8086433304907,1640.8086433304907,830.1482526634235,830.148252663424,1213.5937066267911,1213.5937066267911,1321.8943781567045,1321.894378156706,1572.619733435917,1572.6197334359158,512.8960406637024,512.8960406637007,-6.516942534921971,-13.690179117549073,2.6582719883724755,7085.443812342106,408.52844061163614,-316.1599637603704
scaled_joint,200,schedule,0,255,5827.663688190786,5827.57,60.3921568627451,2.2356516250844973,531.2975036839543,572.6603353317519,5827.663688190785,0.0,0,-497.35671231732704,2884.6988296077857,2942.9648585830005,132,123,1570,1090.0,1275.0,"{'TP': 95, 'MH': 72, 'MFE': 60, 'MHx': 13, 'BE': 12, 'SN': 3}",4416.900088183181,166,4404.261790310841,1410.7636000076059,89,1423.401897879944,416.7862284238449,34,416.78622842384357,1292.6519739209639,1292.651973920964,858.8551451617409,858.8551451617416,1025.4492005389463,1025.4492005389457,993.2875448138452,993.2875448138457,1224.9457774089276,1224.9457774089278,432.4740463463623,432.4740463463604,-5.92021758668497,-14.136994952560492,4.150024077089077,5821.7434706041,573.5409116270998,-497.7275238587854
scaled_joint,250,schedule,0,254,4754.165721865404,4754.09,59.055118110236215,1.915416042398101,531.297503683953,572.6603353317505,4754.165721865403,0.0,0,-497.3567123173261,2250.4322367396617,2503.733485125742,131,123,1580,1090.0,1270.0,"{'TP': 91, 'MH': 74, 'MFE': 60, 'MHx': 13, 'BE': 11, 'SN': 5}",3442.8466065910116,160,3430.2083087186716,1311.3191152743923,94,1323.9574131467311,322.7956310974225,38,322.7956310974205,1085.2088546028874,1085.2088546028879,516.8706252773054,405.37850945607534,656.2311079350629,767.7232237562932,937.8797950280717,937.8797950280714,1219.491890002136,1219.4918900021376,338.4834490199399,338.4834490199373,-6.300913627761364,-14.636458456457333,3.9044065212483616,4747.864808237641,573.540911627098,-497.72752385878357
scaled_joint,300,schedule,0,255,4471.346881181259,4471.28,58.43137254901961,1.8427277739660717,531.297503683953,572.6603353317505,4471.346881181257,0.0,0,-497.3567123173261,2213.929024772293,2257.4178564089657,136,119,1593,1098.0,1275.0,"{'TP': 87, 'MH': 75, 'MFE': 63, 'MHx': 14, 'BE': 11, 'SN': 5}",3424.2935081263586,161,3411.655210254018,1047.0533730548998,94,1059.691670927239,73.2822705360535,37,73.28227053605133,1144.3436507667227,1144.3436507667232,596.3246662866733,596.3246662866734,697.7184305686324,697.7184305686319,739.2505367566459,739.2505367566459,1204.739508344013,1204.7395083440147,88.97008845857094,88.97008845856817,-13.032964692109918,-20.152408712088537,-1.673547024677465,4458.313916489147,573.5409116270985,-497.727523858784
fixed_joint,100,schedule,2,257,6237.049159552185,6237.02,60.311284046692606,2.3459287277093033,466.72251339187096,492.45602342027996,6237.049159552189,0.0,0,-402.55273434254923,3106.9362300859593,3130.112929466226,130,127,1560,1096.0,1285.0,"{'TP': 100, 'MH': 71, 'MFE': 59, 'MHx': 13, 'BE': 12, 'SN': 2}",4679.914661461889,170,4666.478650791686,1557.1344980902952,87,1570.570508760503,230.03454338833274,35,230.034543388334,1689.9221670517834,1689.9221670517838,828.3769647522362,828.376964752237,846.6922581189632,846.6922581189633,1161.7882638131018,1161.788263813104,1480.4407936354264,1480.4407936354246,229.82871218067453,229.82871218067612,-7.74864337151951,-15.524566361011484,3.4726953002269707,6229.30051618067,492.9824580355562,-402.35072719546224
fixed_joint,10,schedule,2,159,2944.8356825698193,2944.8399999999997,57.23270440251572,1.9515262297921119,489.0092905894503,508.8287813817842,2944.8356825698165,0.0,0,-381.12951333863884,2694.4176852832597,250.41799728655906,149,10,821,706.0,795.0,"{'MFE': 65, 'MH': 40, 'TP': 33, 'MHx': 13, 'BE': 7, 'SN': 1}",2154.679710202364,110,2141.243699532155,790.1559723674557,49,803.5919830376615,-25.765035145018242,23,-25.76503514501792,836.7042047549655,836.7042047549654,366.3941551455531,366.3941551455524,708.7456673845367,708.7456673845363,128.88245835511455,128.88245835511339,982.6630350389405,982.66303503894,-78.55383810929149,-78.55383810929106,-26.74763067794134,-33.32373942106237,-18.929018429970547,2918.0880518918752,511.45598373713574,-384.0221217167732
fixed_joint,20,schedule,2,188,4046.0304735780182,4046.0199999999995,61.170212765957444,2.1700202108772086,489.00929058945167,508.8287813817856,4046.0304735780155,0.0,0,-381.12951333863975,2439.2582070119615,1606.7722665660563,145,43,998,822.0,940.0,"{'MFE': 66, 'TP': 55, 'MH': 43, 'MHx': 16, 'BE': 6, 'SN': 2}",3103.235219098624,128,3089.7992084284174,942.7952544793944,60,956.2312651495981,-52.77171253372583,27,-52.77171253372671,982.2869076237915,982.2869076237916,893.9886356218733,893.9886356218733,431.6077954789883,431.60779547898824,681.3986558117772,681.3986558117767,1162.308994539587,1162.308994539586,-105.5605154979991,-105.56051549800031,-24.013370047191902,-31.08679654926927,-15.874923080685729,4022.0171035308235,511.4559837371371,-384.0221217167741
fixed_joint,24,schedule,2,205,3920.539948668831,3920.5199999999995,58.048780487804876,2.0065548354742266,489.00929058945076,508.82878138178467,3920.53994866883,0.0,0,-381.12951333863884,2488.051113291226,1432.4888353776043,146,59,1145,892.0,1025.0,"{'MFE': 66, 'TP': 60, 'MH': 54, 'MHx': 16, 'BE': 8, 'SN': 1}",2929.2700455444237,139,2915.8340348742167,991.2699031244073,66,1004.7059137946135,-1.6170820099538723,28,-1.6170820099537195,1069.6090019832561,1069.6090019832561,833.3556063852517,833.355606385252,345.733791046348,345.73379104634773,602.4888354626695,602.4888354626687,1146.2324283632338,1146.2324283632333,-76.87971457192795,-76.8797145719277,-22.59818298938425,-30.12703429305358,-14.555136100241706,3897.941765679446,511.45598373713665,-384.02212171677365
fixed_joint,30,schedule,2,223,4186.952580447773,4186.929999999999,58.29596412556054,1.9698561920709174,604.2303069825139,629.9638170109229,4186.952580447773,0.0,0,-402.1661999136595,2406.1007934166973,1780.851787031075,142,81,1279,970.0,1115.0,"{'TP': 71, 'MFE': 65, 'MH': 59, 'MHx': 16, 'BE': 10, 'SN': 2}",3145.6740340109654,146,3132.238023340759,1041.278546436807,77,1054.7145571070137,1.0383367142487465,33,1.0383367142494535,1072.5582940677284,1072.5582940677284,751.9333769458965,751.9333769458972,325.58259259270443,325.58259259270403,885.2197484509188,885.2197484509184,1224.86327175806,1224.863271758059,-73.20470336753557,-73.20470336753442,-19.178002564804785,-26.48887509520255,-11.073529697509004,4167.774577882968,631.9564413851504,-402.43333593015996
fixed_joint,40,schedule,2,241,4911.759104739942,4911.73,59.33609958506224,2.0560163716346067,364.1157688370022,389.8492788654112,4911.759104739939,0.0,0,-299.94598978768045,2892.867176833257,2018.8919279066843,140,101,1432,1032.0,1205.0,"{'TP': 83, 'MH': 65, 'MFE': 63, 'MHx': 17, 'BE': 10, 'SN': 3}",3660.924599254617,158,3647.4885885844105,1250.8345054853246,83,1264.2705161555286,211.25475077956122,34,211.25475077956162,1089.326862025203,1089.326862025203,843.6750422983704,843.6750422983705,795.5628752836024,795.5628752836028,821.9797976937238,821.9797976937234,1224.2028167412652,1224.2028167412627,137.01171069777683,137.01171069777683,-13.090016578629625,-20.398831826635398,-4.1257874356521,4898.669088161309,391.03796481469544,-300.4062339746006
fixed_joint,50,schedule,2,248,5475.862947392718,5475.849999999999,60.08064516129033,2.204427289298265,364.1157688370022,389.8492788654112,5475.862947392715,0.0,0,-299.94598978768045,2932.1623474797116,2543.7005999130056,139,109,1492,1060.0,1240.0,"{'TP': 89, 'MH': 68, 'MFE': 62, 'MHx': 17, 'BE': 10, 'SN': 2}",4081.140752799537,163,4067.7047421293314,1394.7221945931801,85,1408.1582052633835,211.25475077956122,34,211.25475077956162,1451.0678822728423,1451.0678822728428,947.4375454628329,947.4375454628334,954.5147948882412,954.5147948882418,617.7405082219029,617.7405082219025,1368.0905058491207,1368.0905058491176,137.01171069777683,137.01171069777683,-12.753889736450876,-20.984523964232867,-3.19541487678162,5463.109057656264,391.03796481469544,-300.4062339746006
fixed_joint,75,schedule,2,264,6087.923710998168,6087.900000000001,59.46969696969697,2.2388262258163905,541.2377837271306,566.9712937555396,6087.9237109981705,0.0,0,-477.06800467780886,3009.7196458490616,3078.2040651491066,137,127,1613,1128.0,1320.0,"{'TP': 99, 'MH': 75, 'MFE': 62, 'MHx': 15, 'BE': 11, 'SN': 2}",4514.003107551758,170,4500.567096881554,1573.9206034464098,94,1587.3566141166166,182.95466708169403,37,182.95466708169533,1509.1089215012134,1509.1089215012137,1013.4105864517861,1013.4105864517876,814.1982789720602,814.1982789720605,1024.1503129008925,1024.1503129008943,1544.30677529818,1544.3067752981779,182.74883587403568,182.74883587403656,-9.137958592821859,-17.71982528603851,2.7906790153072154,6078.785752405349,567.2049598034537,-476.5732289633597
fixed_joint,125,schedule,2,256,5666.34561589715,5666.3099999999995,59.375,2.166243154728505,480.891551292244,506.625061320653,5666.345615897154,0.0,0,-416.72177224292227,2645.6335119025653,3020.7121039945855,120,136,1593,1092.0,1280.0,"{'TP': 100, 'MH': 73, 'MFE': 52, 'BE': 14, 'MHx': 14, 'SN': 3}",4327.500527558815,163,4314.06451688861,1338.8450883383357,93,1352.2810990085436,134.65278216073966,35,134.65278216074057,1482.4087574455034,1482.4087574455036,527.7636497480904,527.7636497480903,941.0598868130664,941.0598868130667,1255.3927282595523,1255.392728259556,1325.2736426778565,1325.2736426778547,134.44695095308145,134.4469509530827,-2.3374401796037163,-9.852406269063458,7.342419120782051,5664.00817571755,507.15149593592923,-416.5197650958353
fixed_joint,150,schedule,2,252,5390.331290113772,5390.29,59.12698412698413,2.096447020977388,530.6053680136815,571.976473882653,5390.3312901137715,0.0,0,-494.27758726590764,2529.8979663390896,2860.433323774681,118,134,1574,1082.0,1260.0,"{'TP': 94, 'MH': 73, 'MFE': 51, 'MHx': 16, 'BE': 15, 'SN': 3}",4279.637000789678,160,4266.200990119473,1110.6942893240932,92,1124.1302999942982,162.2526565461801,36,162.25265654618033,1303.7182231533766,1303.7182231533768,596.4289478325805,596.4289478325809,1065.1304899233012,1065.1304899233012,1079.566187344707,1079.5661873447098,1183.440616521284,1183.4406165212813,162.04682533852184,162.04682533852156,-2.8610923480376513,-10.198765396013837,6.019249536184551,5387.470197765734,572.8565636590347,-494.6478313617363
fixed_joint,200,schedule,2,244,4420.861746089629,4420.81,58.606557377049185,1.8720142835008255,530.6053680136833,571.9764738826543,4420.861746089629,0.0,0,-496.9373065534637,1782.1754557698334,2638.686290319796,108,136,1538,1046.0,1220.0,"{'TP': 92, 'MH': 72, 'MFE': 48, 'MHx': 16, 'BE': 12, 'SN': 4}",3380.2968979759057,157,3366.8608873056996,1040.5648481137243,87,1054.0008587839297,120.44400869742708,31,120.44400869742822,1085.763160343668,1085.7631603436685,650.4566459964605,650.4566459964606,502.91915121477894,502.9191512147793,906.3647878852858,906.3647878852848,1155.1198231596682,1155.1198231596668,120.23817748976893,120.23817748976944,-0.9662388234713051,-8.544911859918006,8.073733109903554,4419.895507266158,572.856563659036,-497.1766636869561
fixed_joint,250,schedule,2,245,4633.19214191578,4633.169999999999,58.36734693877551,1.9301907397290585,468.1113597811459,491.6678024097773,4633.192141915781,0.0,0,-436.5919466042883,1826.3519400743785,2806.840201841401,104,141,1523,1042.0,1225.0,"{'TP': 96, 'MH': 73, 'MFE': 48, 'BE': 12, 'MHx': 12, 'SN': 4}",3431.0122905642593,161,3417.5762798940527,1202.1798513515205,84,1215.615862021728,44.96472777854602,31,44.96472777854797,1099.1775800946323,1099.1775800946325,668.6680189996199,668.66801899962,585.3259497179162,585.3259497179165,865.8852874156532,865.8852874156519,1369.3764091170704,1369.3764091170697,44.758896570887785,44.7588965708901,-0.0546428703907309,-7.620936704448386,9.47147269887995,4633.13749904539,491.14444763386746,-436.84410003595667
fixed_joint,300,schedule,2,245,4330.580255667224,4330.5599999999995,58.77551020408164,1.8750890105931515,474.8684996763209,498.4249423049523,4330.580255667222,0.0,0,-443.3490864994633,1380.081544640296,2950.4987110269276,105,140,1520,1038.0,1225.0,"{'TP': 95, 'MH': 71, 'MFE': 49, 'BE': 13, 'MHx': 13, 'SN': 4}",3270.931242869843,159,3257.495232199636,1059.6490127973814,86,1073.0850234675863,5.168304799603732,32,5.168304799604812,886.5306002853055,886.5306002853055,801.0805187255544,801.0805187255547,631.9879827265336,631.9879827265343,732.6195469008368,732.6195469008348,1273.3991334370487,1273.399133437047,4.962473591945482,4.962473591946036,-1.4947431811033765,-7.864878258081745,8.482797021538685,4329.085512486119,497.9015875290429,-443.6012399311312
fixed_gate_only,100,schedule,2,257,6237.049159552185,6237.02,60.311284046692606,2.3459287277093033,466.72251339187096,492.45602342027996,6237.049159552189,0.0,0,-402.55273434254923,3106.9362300859593,3130.112929466226,130,127,1560,1096.0,1285.0,"{'TP': 100, 'MH': 71, 'MFE': 59, 'MHx': 13, 'BE': 12, 'SN': 2}",4679.914661461889,170,4666.478650791686,1557.1344980902952,87,1570.570508760503,230.03454338833274,35,230.034543388334,1689.9221670517834,1689.9221670517838,828.3769647522362,828.376964752237,846.6922581189632,846.6922581189633,1161.7882638131018,1161.788263813104,1480.4407936354264,1480.4407936354246,229.82871218067453,229.82871218067612,-7.74864337151951,-15.524566361011484,3.4726953002269707,6229.30051618067,492.9824580355562,-402.35072719546224
fixed_gate_only,10,schedule,2,159,3133.4356432566065,3133.4300000000003,55.9748427672956,2.051031425231836,513.3484915573686,535.8031139947775,3133.435643256604,0.0,0,-421.57836414439953,2855.0102616724425,278.42538158416403,149,10,831,700.0,795.0,"{'MFE': 68, 'MH': 41, 'TP': 32, 'MHx': 10, 'BE': 7, 'SN': 1}",2357.0473459321147,110,2343.611335261907,776.3882973244921,49,789.8243079946974,-45.738414767295225,22,-45.73841476729558,869.7970792668979,869.7970792668978,308.2720373105723,308.2720373105717,777.0722763577967,777.0722763577962,323.8231423299494,323.82314232994895,952.9983257229586,952.9983257229583,-98.52721773156843,-98.52721773156873,-27.904281768487174,-34.06959622806588,-21.02998793328016,3105.531361488117,538.4616572254458,-424.4709725225339
fixed_gate_only,20,schedule,2,191,4334.334241844788,4334.3099999999995,60.20942408376963,2.241184805831074,513.348491557369,535.803113994778,4334.334241844785,0.0,0,-421.57836414440044,2706.28973228467,1628.0445095601185,148,43,1020,828.0,955.0,"{'MFE': 68, 'TP': 56, 'MH': 45, 'MHx': 12, 'BE': 8, 'SN': 2}",3340.8337340662056,131,3327.397723395997,993.5005077785829,60,1006.9365184487874,-72.74509215600278,26,-72.7450921560021,1001.3499140800716,1001.3499140800717,835.8665177868925,835.8665177868924,549.195151745731,549.1951517457294,876.339339786612,876.3393397866116,1197.1172135657573,1197.1172135657553,-125.53389512027606,-125.5338951202757,-25.25499270703901,-31.91762492557405,-16.824816843934947,4309.079249137746,538.4616572254454,-424.4709725225348
fixed_gate_only,24,schedule,2,207,4151.6584136598185,4151.65,57.48792270531401,2.0452631469996514,513.348491557369,535.803113994778,4151.658413659817,0.0,0,-421.57836414440044,2706.28973228467,1445.368681375149,148,59,1150,894.0,1035.0,"{'MFE': 68, 'TP': 61, 'MH': 56, 'MHx': 13, 'BE': 8, 'SN': 1}",3157.236539756633,142,3143.8005290864257,994.4218739031854,65,1007.857884573391,-45.2756683100189,27,-45.27566831001786,1089.1119381141255,1089.1119381141257,775.2334885502709,775.2334885502707,463.3211473130906,463.3211473130889,751.487155112248,751.4871551122483,1193.0429854420768,1193.042985442075,-120.53830087199297,-120.53830087199185,-23.944355512844904,-31.027369721011677,-15.44627220809545,4127.714058146972,538.4616572254454,-424.4709725225348
fixed_gate_only,30,schedule,2,225,4476.193163273741,4476.179999999999,58.22222222222222,2.0261923500598993,628.5695079504321,654.3030179788411,4476.19316327374,0.0,0,-421.57836414440044,2682.4615302451216,1793.7316330286194,144,81,1285,972.0,1125.0,"{'TP': 73, 'MFE': 67, 'MH': 60, 'MHx': 13, 'BE': 10, 'SN': 2}",3431.762646058156,149,3418.3266353879494,1044.430517215585,76,1057.8665278857902,-42.62024958581628,32,-42.620249585816055,1092.0612301985977,1092.0612301985977,751.9333769458965,751.9333769458972,443.169948859447,443.16994885944655,1034.2180681004975,1034.218068100497,1271.673828836903,1271.673828836901,-116.86328966760063,-116.86328966759993,-20.927768372952098,-27.792803807847303,-11.964665805362745,4455.265394900787,656.2956423530695,-424.4709725225348
fixed_gate_only,40,schedule,2,241,4984.724259741303,4984.709999999999,59.33609958506224,2.077366460119092,348.0061189991593,373.7396290275683,4984.724259741301,0.0,0,-293.90288554549807,2980.9598701346795,2003.764389606624,140,101,1427,1032.0,1205.0,"{'TP': 84, 'MFE': 66, 'MH': 64, 'MHx': 14, 'BE': 10, 'SN': 3}",3724.0159859809646,158,3710.5799753107576,1260.7082737603391,83,1274.144284430543,208.04501528525702,34,208.04501528525725,1108.8297981560725,1108.8297981560725,843.6750422983704,843.6750422983707,690.1530062295018,690.1530062295014,970.9781173433023,970.9781173433021,1237.2863205105841,1237.2863205105814,133.80197520347258,133.80197520347247,-14.103461587456671,-21.377234023502215,-4.521157690662246,4970.620798153844,374.92831497685256,-295.68846572932944
fixed_gate_only,50,schedule,2,248,5609.638083687234,5609.629999999999,60.08064516129033,2.2469345902902615,348.0061189991593,373.7396290275683,5609.638083687234,0.0,0,-293.90288554549807,3081.065022074289,2528.5730616129454,139,109,1484,1060.0,1240.0,"{'TP': 90, 'MH': 67, 'MFE': 64, 'MHx': 15, 'BE': 10, 'SN': 2}",4206.123286535685,163,4192.687275865479,1403.5147971515487,85,1416.950807821755,208.04501528525702,34,208.04501528525725,1494.9072624685118,1494.907262468512,947.4375454628329,947.4375454628337,886.6596287791417,886.6596287791417,766.7388278714815,766.7388278714816,1380.0928439017935,1380.0928439017916,133.80197520347258,133.80197520347338,-13.767334745277925,-21.96292616109969,-3.590785131791768,5595.870748941956,374.92831497685347,-295.6884657293285
fixed_gate_only,75,schedule,2,264,6139.104400267861,6139.09,59.84848484848485,2.2647033020440217,541.2377837271306,566.9712937555396,6139.104400267864,0.0,0,-477.06800467780886,3059.220781685312,3079.88361858255,137,127,1608,1128.0,1320.0,"{'TP': 99, 'MH': 73, 'MFE': 63, 'MHx': 16, 'BE': 11, 'SN': 2}",4579.081111600623,170,4565.645100930419,1560.023288667238,94,1573.4592993374445,157.05501424984914,37,157.0550142498496,1533.8852952406023,1533.8852952406028,1014.2656494490865,1014.2656494490875,853.6448462842368,853.6448462842368,1024.1503129008925,1024.1503129008943,1556.3091133508528,1556.3091133508506,156.8491830421908,156.84918304219173,-9.972025430267701,-18.518849311524125,2.395308760297068,6129.132374837596,567.2049598034537,-476.5732289633597
fixed_gate_only,125,schedule,2,258,5921.791493731149,5921.77,59.68992248062015,2.2166075634618565,466.72251339187096,492.45602342027996,5921.791493731151,0.0,0,-402.55273434254923,2944.4214563765527,2977.370037354596,122,136,1593,1100.0,1290.0,"{'TP': 101, 'MH': 74, 'MFE': 53, 'MHx': 15, 'BE': 12, 'SN': 3}",4544.130735797249,166,4530.694725127044,1377.6607579339006,92,1391.0967686041067,148.8218200611126,35,148.8218200611136,1482.4087574455034,1482.4087574455036,769.7449805305631,769.7449805305635,941.0598868130664,941.059886813066,1197.7821032823106,1197.782103282313,1382.1797768062518,1382.1797768062497,148.61598885345438,148.61598885345484,-2.7275937745761576,-10.661673462707208,7.395025305523962,5919.0638999565745,492.9824580355562,-402.35072719546133
fixed_gate_only,150,schedule,2,253,5628.59003342773,5628.5599999999995,58.89328063241107,2.1439862613556953,523.2085604136219,564.5796662825933,5628.590033427731,0.0,0,-526.5370896991108,2696.8481649160008,2931.741868511729,119,134,1584,1086.0,1265.0,"{'TP': 96, 'MH': 75, 'MFE': 50, 'MHx': 16, 'BE': 13, 'SN': 3}",4487.611858542962,162,4474.175847872757,1140.978174884768,91,1154.4141855549742,162.2526565461801,36,162.25265654618033,1303.7182231533766,1303.7182231533768,720.7415706183489,720.7415706183488,1112.2349537631208,1112.2349537631205,1083.8644560392004,1083.864456039203,1245.9840045151618,1245.9840045151595,162.04682533852184,162.04682533852247,-3.831064427165263,-11.188020623528745,5.662165956054766,5624.758969000566,565.4071498742323,-526.9073337949394
fixed_gate_only,200,schedule,2,244,4949.439698010158,4949.4,58.606557377049185,1.9979275126551206,523.2085604136237,564.5796662825946,4949.439698010157,0.0,0,-526.5370896991121,2304.7393933229323,2644.7003046872264,108,136,1549,1046.0,1220.0,"{'TP': 95, 'MH': 74, 'MFE': 47, 'MHx': 15, 'BE': 10, 'SN': 3}",3813.14325541133,158,3799.707244741124,1136.2964425988282,86,1149.7324532690332,185.89171762185674,31,185.89171762185651,1085.763160343668,1085.7631603436685,823.2903745029347,823.2903745029346,567.303738936493,567.3037389364933,1069.7333266593184,1069.7333266593182,1217.663211153546,1217.6632111535441,185.68588641419842,185.68588641419865,-0.8488596246980507,-8.919381229756194,8.981280530339633,4948.590838385459,565.4071498742342,-526.9073337949408
fixed_gate_only,250,schedule,2,241,4717.111039534351,4717.08,57.676348547717836,1.9553396120429642,556.4287539036018,597.7998597725727,4717.111039534352,0.0,0,-520.1009731558274,2150.6943974249925,2566.4166421093587,104,137,1527,1026.0,1205.0,"{'TP': 93, 'MH': 77, 'MFE': 47, 'MHx': 12, 'BE': 9, 'SN': 3}",3691.721311386358,161,3678.2853007161525,1025.389728147994,80,1038.8257388181996,99.64972240915677,31,99.64972240915722,1085.763160343668,1085.7631603436685,657.2321901687468,657.2321901687467,649.7105374396301,649.7105374396303,1038.398885008682,1038.398885008682,1186.5623753721263,1186.5623753721252,99.44389120149856,99.44389120149935,0.37652683401900067,-8.266423907335817,10.111680167331714,4717.4875663683715,598.3145866508185,-520.10585435352
fixed_gate_only,300,schedule,2,243,4457.768196042345,4457.7300000000005,58.0246913580247,1.904693130999585,556.4287539036018,597.7998597725727,4457.768196042342,0.0,0,-520.1009731558274,1788.4583171002646,2669.30987894208,105,138,1547,1030.0,1215.0,"{'TP': 93, 'MH': 77, 'MFE': 48, 'MHx': 13, 'BE': 9, 'SN': 3}",3532.376082997119,159,3518.9400723269127,925.3921130452264,84,938.8281237154297,39.02562205727148,32,39.02562205727099,873.1161805343412,873.1161805343412,764.9237571903471,764.9237571903476,712.6617310108734,712.6617310108738,921.0578758359263,921.0578758359252,1147.1888606212442,1147.1888606212424,38.8197908496132,38.81979084961222,-0.9708077229191039,-7.8458740425865265,9.609030745432516,4456.797388319424,598.3145866508185,-520.1058543535205
scaled_joint,100,schedule,2,257,6237.049159552185,6237.02,60.311284046692606,2.3459287277093033,466.72251339187096,492.45602342027996,6237.049159552189,0.0,0,-402.55273434254923,3106.9362300859593,3130.112929466226,130,127,1560,1096.0,1285.0,"{'TP': 100, 'MH': 71, 'MFE': 59, 'MHx': 13, 'BE': 12, 'SN': 2}",4679.914661461889,170,4666.478650791686,1557.1344980902952,87,1570.570508760503,230.03454338833274,35,230.034543388334,1689.9221670517834,1689.9221670517838,828.3769647522362,828.376964752237,846.6922581189632,846.6922581189633,1161.7882638131018,1161.788263813104,1480.4407936354264,1480.4407936354246,229.82871218067453,229.82871218067612,-7.74864337151951,-15.524566361011484,3.4726953002269707,6229.30051618067,492.9824580355562,-402.35072719546224
scaled_joint,10,schedule,2,249,5292.08865231293,5292.06,59.036144578313255,2.131199717133791,436.80948704909315,464.35287945561777,5292.088652312931,0.0,0,-426.31030287213525,2589.921802118788,2702.166850194142,125,124,1556,1052.0,1245.0,"{'TP': 91, 'MH': 68, 'MFE': 57, 'BE': 17, 'MHx': 14, 'SN': 2}",4447.827408580572,164,4434.391397910368,844.2612437323576,85,857.697254402563,94.87042454228799,32,94.87042454228776,1525.6323686549192,1525.6323686549194,664.0732481975432,664.0732481975447,1177.345678616242,1177.3456786162424,813.7234581429524,813.7234581429539,1016.6493053666437,1016.6493053666418,94.66459333462967,94.66459333462899,-7.819857271152603,-16.013654252828275,0.4250388399192866,5284.2687950417785,465.7384657676994,-427.23864968840644
scaled_joint,20,schedule,2,256,5086.310345201495,5086.31,57.8125,2.005421253495145,473.6215459858008,514.9926518547722,5086.310345201495,0.0,0,-476.95007527128973,2602.4878132324134,2483.822531969083,129,127,1585,1080.0,1280.0,"{'TP': 92, 'MH': 72, 'MFE': 59, 'BE': 17, 'MHx': 14, 'SN': 2}",4019.7531751676784,169,4006.317164497474,1066.5571700338164,87,1079.9931807040207,249.64769501345077,33,249.64769501345108,1475.2073117737384,1475.2073117737384,617.595185660658,617.5951856606591,930.1935961482143,930.1935961482145,729.7044266161523,729.7044266161524,1084.16796119694,1084.167961196938,249.44186380579242,249.4418638057923,-8.639009031413302,-16.867797029661894,-0.28150997288217783,5077.671336170081,516.0210203923766,-477.5212043130832
scaled_joint,24,schedule,2,258,5281.232878136481,5281.23,58.139534883720934,2.0457819479247408,473.62154598580037,514.9926518547718,5281.232878136483,0.0,0,-476.9500752712893,2618.165031207828,2663.067846928652,128,130,1591,1086.0,1290.0,"{'TP': 94, 'MH': 75, 'MFE': 57, 'MHx': 16, 'BE': 14, 'SN': 2}",4261.595114501964,173,4248.15910383176,1019.6377636345168,85,1033.073774304723,259.51567339314465,32,259.51567339314533,1543.9302371870056,1543.930237187006,790.7141995816761,790.7141995816771,930.1935961482143,930.1935961482145,729.7044266161523,729.7044266161538,1101.4177852920723,1101.4177852920702,185.2726333113602,185.27263331136146,-7.499886712405416,-16.11914431586055,1.257701064342042,5273.732991424078,516.0210203923762,-477.52120431308276
scaled_joint,30,schedule,2,262,5397.839486087018,5397.84,58.778625954198475,2.0684019768877144,473.62154598580037,514.9926518547718,5397.839486087019,0.0,0,-476.9500752712893,2616.2909732563357,2781.548512830682,128,134,1630,1102.0,1310.0,"{'TP': 96, 'MH': 75, 'MFE': 57, 'MHx': 17, 'BE': 15, 'SN': 2}",4218.5011622155835,172,4205.06515154538,1179.3383238714339,90,1192.7743345416393,259.51567339314465,32,259.51567339314533,1654.0221317834328,1654.022131783433,781.9086069533633,781.9086069533641,930.1935961482143,930.193596148214,585.3241723616577,585.3241723616602,1261.1183455289895,1261.1183455289865,185.2726333113602,185.27263331136146,-5.624317398519898,-14.649636074364262,2.4134589723938333,5392.2151686885,516.0210203923766,-477.5212043130832
scaled_joint,40,schedule,2,256,5576.582232426439,5576.58,58.59375,2.1257093243266842,473.62154598579946,514.9926518547709,5576.582232426442,0.0,0,-476.95007527128837,2712.654692594455,2863.927539831984,127,129,1596,1078.0,1280.0,"{'TP': 96, 'MH': 72, 'MFE': 57, 'BE': 15, 'MHx': 14, 'SN': 2}",4579.816387703172,171,4566.380377032968,996.7658447232677,85,1010.201855393474,262.1620158851685,32,262.16201588516833,1636.7668373118572,1636.7668373118574,785.2848940006847,785.2848940006854,991.1273919089014,991.1273919089017,899.5846095128129,899.5846095128154,1001.8623150146733,1001.8623150146723,261.95618467751024,261.95618467750955,-8.133901892497665,-16.5308865776287,-0.05470990370473705,5568.4483305339445,516.0210203923752,-477.5212043130823
scaled_joint,50,schedule,2,266,6024.506765149223,6024.51,59.77443609022557,2.2121019941764986,399.2138219585868,424.9473319869958,6024.506765149225,0.0,0,-328.1844855658319,2935.6022013479324,3088.9045638012894,130,136,1640,1124.0,1330.0,"{'TP': 102, 'MH': 73, 'MFE': 59, 'BE': 16, 'MHx': 14, 'SN': 2}",4640.7831873601845,172,4627.347176689981,1383.7235777890373,94,1397.1595884592443,299.7576809756742,33,299.7576809756747,1611.3933498432486,1611.3933498432489,861.0383915409827,861.0383915409839,976.9201282728753,976.9201282728754,1038.2963099772728,1038.296309977275,1237.306735746827,1237.3067357468253,299.5518497680159,299.55184976801684,-7.558714987217057,-16.007974746231675,1.1590774844966367,6016.948050162008,425.3513065907291,-329.0295635333423
scaled_joint,75,schedule,2,265,6063.680827122704,6063.65,59.24528301886792,2.218876258944021,512.0061930725124,537.7397031009214,6063.680827122706,0.0,0,-377.7714999936543,3011.8326205030608,3051.848206619643,129,136,1630,1122.0,1325.0,"{'TP': 102, 'MH': 76, 'MFE': 58, 'MHx': 14, 'BE': 13, 'SN': 2}",4517.470273251042,173,4504.034262580838,1546.210553871661,92,1559.6465645418684,184.31896736972436,34,184.31896736972612,1610.7497777016522,1610.7497777016529,879.5191061484336,879.5191061484338,923.9661961912889,923.9661961912893,950.1001854838627,950.1001854838642,1515.2324254354003,1515.232425435399,184.1131361620661,184.11313616206735,-7.804888868010427,-16.549610261102483,3.0163650234269874,6055.875938254696,537.3620180599355,-378.4156930151994
scaled_joint,125,schedule,2,255,6255.483027285562,6255.450000000001,60.78431372549019,2.3749951990270497,373.4965469070721,421.32629611272114,6255.483027285563,0.0,0,-335.01651422156647,3047.4486252324855,3208.0344020530765,127,128,1561,1086.0,1275.0,"{'TP': 99, 'MH': 69, 'MFE': 58, 'BE': 13, 'MHx': 13, 'SN': 3}",4756.140518792228,166,4742.704508122024,1499.3425084933335,89,1512.7785191635394,242.04778654591172,34,242.04778654591246,1621.697816143866,1621.6978161438662,881.2833922916099,881.2833922916104,876.69555887365,876.6955588736496,1266.0837295293854,1266.0837295293877,1367.8805751087975,1367.8805751087957,241.8419553382535,241.84195533825368,-5.701823882751693,-13.609978385845732,4.118551477512355,6249.781203402812,421.2762963251371,-335.9988626695049
scaled_joint,150,schedule,2,251,6590.579073488827,6590.530000000001,61.354581673306775,2.537149616959951,389.4582014635007,421.32629611272114,6590.579073488828,0.0,0,-325.87200047671195,2791.779622547042,3798.799450941785,124,127,1543,1072.0,1255.0,"{'TP': 100, 'MH': 67, 'MFE': 55, 'BE': 14, 'MHx': 13, 'SN': 2}",4775.952698962779,163,4762.516688292575,1814.6263745260471,88,1828.0623851962528,417.113315047684,33,417.1133150476844,1586.4418388715521,1586.4418388715524,641.1809615364675,641.180961536468,1163.988810795293,1163.988810795293,1283.105579550604,1283.1055795506063,1498.9543988948844,1498.9543988948817,416.90748384002575,416.90748384002654,-5.672367059104471,-12.845623899735308,3.167092133197053,6584.906706429723,421.2762963251371,-326.85434892465037
scaled_joint,200,schedule,2,250,5288.7055910013905,5288.65,58.8,2.088456929446427,553.7203567020315,595.0914625710029,5288.70559100139,0.0,0,-517.3925759542576,2540.0799803911805,2748.6256106102105,127,123,1549,1070.0,1250.0,"{'TP': 93, 'MH': 72, 'MFE': 58, 'BE': 12, 'MHx': 12, 'SN': 3}",4056.557510041832,162,4043.121499371626,1232.1480809595591,88,1245.5840916297634,334.31499779184537,34,334.3149977918456,1241.1993712026251,1241.1993712026256,667.1943413018813,667.1943413018814,975.7317064858753,975.7317064858751,914.5239498273895,914.5239498273891,1155.9470555994333,1155.9470555994308,334.10916658418705,334.10916658418773,-4.843971066742852,-13.060817440522333,4.890765233348901,5283.861619934647,595.9715523473842,-517.7628200500862
scaled_joint,250,schedule,2,247,4281.1624801580165,4281.12,57.48987854251012,1.8253147144446884,553.720356702032,595.0914625710029,4281.162480158018,0.0,0,-517.3925759542576,2060.4023110886915,2220.7601690693255,125,122,1548,1062.0,1235.0,"{'TP': 88, 'MH': 73, 'MFE': 58, 'BE': 12, 'MHx': 12, 'SN': 4}",3244.3669483236795,155,3230.930937653474,1036.7955318343372,92,1050.2315425045444,233.67421792537573,38,233.6742179253779,1033.8128487095705,1033.8128487095705,491.85806351152615,379.543884854565,600.0971430264583,712.4113216834203,860.6907518520632,860.6907518520629,1061.235286340681,1061.23528634068,233.46838671771735,233.46838671771957,-5.14645750057634,-13.482095095420478,4.323302603910383,4276.016022657442,595.9715523473847,-517.7628200500862
scaled_joint,300,schedule,2,247,4031.720086242096,4031.7000000000003,57.08502024291497,1.7653721975747183,553.720356702032,595.0914625710029,4031.7200862420964,0.0,0,-517.3925759542576,2013.495381149704,2018.2247050923922,130,117,1551,1066.0,1235.0,"{'TP': 84, 'MH': 73, 'MFE': 61, 'MHx': 13, 'BE': 12, 'SN': 4}",3224.095629734807,156,3210.659619064601,807.6244565072896,91,821.0604671774954,-15.834327719665037,37,-15.834327719663179,1091.41315660401,1091.4131566040103,567.9755792612325,567.9755792612327,641.623287973955,641.6232879739553,665.1754646715482,665.1754646715476,1081.5727566586738,1081.572756658672,-16.040158927323343,-16.0401589273215,-11.879301121746474,-18.99859463905776,-1.2553793569988234,4019.84078512035,595.9715523473847,-517.7628200500867
fixed_joint,100,schedule,5,261,5738.815417189862,5738.83,59.38697318007663,2.1721871836019746,530.4290139011564,551.6980114115722,5738.815417189865,0.0,0,-445.10589992378755,2925.5329298066267,2813.282487383235,134,127,1587,1112.0,1305.0,"{'TP': 99, 'MH': 76, 'MFE': 61, 'MHx': 13, 'BE': 10, 'SN': 2}",4338.683026568831,175,4324.051044687433,1400.13239062103,86,1414.7643725024318,126.95013413472263,35,126.95013413472498,1557.6495797979528,1557.6495797979528,866.5250753825876,866.5250753825876,745.3316027291339,745.3316027291335,1010.4711335878652,1010.4711335878665,1441.6211350678268,1441.6211350678268,117.21689062449535,117.21689062449786,-8.676145509503034,-16.452025628358577,3.3236326552375317,5730.139271680362,552.4112439312812,-444.9033849681764
fixed_joint,10,schedule,5,165,2462.9523487189826,2462.96,55.15151515151515,1.710718036521745,539.6576229527209,556.4653542179121,2462.9523487189826,0.0,0,-420.439115904695,2243.5322030893303,219.42014562965198,155,10,854,724.0,825.0,"{'MFE': 67, 'MH': 46, 'TP': 33, 'MHx': 13, 'BE': 4, 'SN': 2}",1864.3631476597304,117,1849.731165778331,598.5892010592523,48,613.2211829406517,-112.75241598091313,22,-112.75241598091316,775.0816580348185,775.0816580348185,282.63091488899227,282.6309148889925,634.4847156640781,634.4847156640781,51.0669494353405,51.06694943534012,887.6023446919479,887.602344691948,-167.91423399619433,-167.91423399619453,-28.273325956626426,-34.84833149388259,-19.678593727020477,2434.679022762356,559.0915876236195,-423.33067575116866
fixed_joint,20,schedule,5,193,3511.4160056194423,3511.42,59.58549222797927,1.917527732644675,539.6576229527209,556.4653542179121,3511.4160056194423,0.0,0,-420.439115904695,2011.6882180498878,1499.7277875695543,150,43,1024,836.0,965.0,"{'MFE': 67, 'TP': 55, 'MH': 48, 'MHx': 16, 'BE': 4, 'SN': 3}",2754.736179746742,134,2740.1041978653434,756.6798258727001,59,771.3118077540989,-147.1717402196787,26,-147.17174021967912,913.5489443964445,913.5489443964448,770.6865528895428,770.6865528895426,359.85892970893883,359.8589297089393,589.5428431153147,589.5428431153152,1080.1122937441608,1080.112293744161,-202.3335582349599,-202.3335582349605,-25.35867935461812,-32.4312547402551,-16.443274779491,3486.057326264824,559.0915876236195,-423.33067575116866
fixed_joint,24,schedule,5,209,3350.514769732993,3350.51,56.9377990430622,1.781012558351749,539.6576229527213,556.4653542179126,3350.514769732993,0.0,0,-420.4391159046954,2066.884113393675,1283.6306563393184,150,59,1164,902.0,1045.0,"{'MFE': 67, 'TP': 60, 'MH': 59, 'MHx': 16, 'BE': 5, 'SN': 2}",2554.318088567833,145,2539.6861066864344,796.1966811651596,64,810.8286630465586,-101.78123076217622,27,-101.78123076217707,996.1328100700971,996.1328100700971,702.8311764089722,702.8311764089719,269.1427477361594,269.14274773615944,507.39359884677566,507.3935988467763,1056.8401222269404,1056.8401222269404,-181.82568555595108,-181.82568555595208,-23.577594966471576,-31.105731849488887,-14.75752111851257,3326.9371747665214,559.09158762362,-423.3306757511691
fixed_joint,30,schedule,5,227,3609.7845854592433,3609.790000000001,56.82819383259912,1.7630438711843504,658.5422714116012,679.4657970061853,3609.784585459244,0.0,0,-433.916365811966,1994.6016643166183,1615.1829211426245,146,81,1300,980.0,1135.0,"{'TP': 71, 'MFE': 66, 'MH': 64, 'MHx': 16, 'BE': 7, 'SN': 3}",2719.1024941751375,152,2704.4705122937385,890.6820912841056,75,905.3140731655058,-114.69829208800047,32,-114.69829208799956,956.7799029629655,956.7799029629655,626.2864970461031,626.286497046103,246.5841360987483,246.58413609874833,775.922288295536,775.9222882955366,1200.3296223535276,1200.3296223535276,-196.11786129763746,-196.11786129763686,-20.1568750963425,-27.46720774166963,-11.275114677186949,3589.627710362902,681.4572619621399,-434.1831348332985
fixed_joint,40,schedule,5,246,4284.078953867329,4284.1,57.72357723577236,1.8427659284338724,420.5523978290421,441.4759234236262,4284.078953867331,0.0,0,-335.22928385167324,2477.632746480937,1806.4462073863924,145,101,1455,1052.0,1230.0,"{'TP': 83, 'MH': 70, 'MFE': 65, 'MHx': 17, 'BE': 7, 'SN': 4}",3202.791613067083,164,3188.159631185684,1081.287340800246,82,1095.919322681647,88.58487548447549,34,88.58487548447647,968.5722396244707,968.572239624471,710.8972674162053,710.8972674162048,704.5435144370892,704.5435144370897,705.2489218175326,705.2489218175333,1187.6517042971923,1187.6517042971918,7.165306274838503,7.165306274840077,-14.069314971675949,-21.3775897171176,-4.327684553931963,4270.0096388956545,442.66380688056506,-335.6892190048575
fixed_joint,50,schedule,5,253,4812.518320309147,4812.55,58.498023715415016,1.9657738496003785,420.5523978290421,441.4759234236262,4812.51832030915,0.0,0,-335.22928385167324,2527.396044296459,2285.122276012689,144,109,1516,1080.0,1265.0,"{'TP': 88, 'MH': 73, 'MFE': 64, 'MHx': 17, 'BE': 8, 'SN': 3}",3592.0488669408564,169,3577.416885059458,1220.469453368291,84,1235.1014352496923,88.58487548447549,34,88.58487548447647,1323.5843372823258,1323.5843372823256,809.9314091012866,809.931409101287,844.1163987997983,844.1163987997979,500.8870519856611,500.8870519856623,1326.833816865237,1326.8338168652372,7.165306274838503,7.165306274840077,-13.733087241000298,-21.963594782861897,-3.397032743668124,4798.78523306815,442.66380688056506,-335.6892190048575
fixed_joint,75,schedule,5,269,5402.402701981173,5402.42,58.36431226765799,2.005970314741399,604.9890068198638,626.2580043302796,5402.402701981174,0.0,0,-519.6658928424949,2627.9702211506883,2774.4324808304846,142,127,1642,1148.0,1345.0,"{'TP': 98, 'MH': 79, 'MFE': 64, 'MHx': 15, 'BE': 10, 'SN': 3}",4026.6107055965604,176,4011.978723715161,1375.7919963846125,93,1390.423978266013,50.65630249186917,37,50.65630249187052,1376.8466983057824,1376.846698305782,892.3523274405427,892.3523274405429,703.2841818911608,703.2841818911606,895.4218628877824,895.4218628877829,1493.5745724742628,1493.574572474262,40.92305898164193,40.92305898164341,-10.064522827007018,-18.646368256754137,2.642298196382039,5392.338179154167,626.6783804081188,-519.170521445014
fixed_joint,125,schedule,5,258,5233.364966705404,5233.35,58.52713178294574,2.033742811882998,544.5895529276022,565.858550438018,5233.364966705409,0.0,0,-459.26643895023335,2521.4518721764816,2711.913094528923,123,135,1602,1100.0,1290.0,"{'TP': 99, 'MH': 76, 'MFE': 54, 'MHx': 14, 'BE': 12, 'SN': 3}",4012.6253566016044,168,3997.9933747202062,1220.7396101037998,90,1235.3715919852025,33.71296688089315,35,33.71296688089569,1369.0539591321995,1369.0539591321995,568.4696218566683,568.4696218566676,842.1785640532468,842.1785640532478,1097.3464383330945,1097.346438333096,1332.3366599595297,1332.3366599595292,23.97972337066587,23.97972337066858,-3.0666909723741007,-10.581791088892514,7.392103423579866,5230.298275733035,566.571782957727,-459.0639239946222
fixed_joint,150,schedule,5,254,5028.271509069269,5028.26,58.26771653543307,1.9829092672648256,547.539210572696,568.8082080831118,5028.271509069272,0.0,0,-524.6155276840941,2410.595104794769,2617.676404274501,121,133,1586,1090.0,1270.0,"{'TP': 93, 'MH': 76, 'MFE': 53, 'MHx': 16, 'BE': 13, 'SN': 3}",4031.3981559362915,165,4016.7661740548915,996.8733531329779,89,1011.5053350143803,55.319604874569094,36,55.31960487457218,1195.2214215382303,1195.2214215382305,641.9667691579592,641.9667691579582,1023.2328038392119,1023.2328038392127,919.0190509896872,919.019050989687,1203.245102179839,1203.2451021798383,45.586361364341855,45.586361364345066,-3.5909860247405883,-10.709297775210253,6.068298212529688,5024.680523044532,569.9741240253643,-524.6196673227596
fixed_joint,200,schedule,5,246,4090.891970862942,4090.8500000000004,57.72357723577236,1.775037414245018,571.8528588416093,588.6605901068006,4090.891970862942,0.0,0,-544.5824515334498,1675.9845109162159,2414.907459946726,111,135,1550,1054.0,1230.0,"{'TP': 92, 'MH': 74, 'MFE': 50, 'MHx': 16, 'BE': 10, 'SN': 4}",3171.639599315609,162,3157.007617434209,919.2523715473335,84,933.884353428733,6.011302043895814,31,6.011302043897103,979.5148807775745,979.5148807775743,693.6315748367023,693.6315748367019,498.28369627647976,498.2836962764802,748.2513370136487,748.2513370136494,1174.9324234248681,1174.9324234248666,-3.721941466331497,-3.7219414663304633,-1.695891409023326,-9.055385982056173,8.123244720016402,4089.1960794539186,589.6617953216164,-544.820768467489
fixed_joint,250,schedule,5,249,4282.103166506406,4282.1,57.42971887550201,1.8215457239961974,496.9245716809942,522.8594215336198,4282.1031665064065,0.0,0,-468.9650893296848,1731.2561463059378,2550.847020200468,108,141,1551,1058.0,1245.0,"{'TP': 96, 'MH': 76, 'MFE': 50, 'MHx': 12, 'BE': 11, 'SN': 4}",3212.67009930755,166,3198.0381174261497,1069.4330671988564,83,1084.0650490802568,-64.62416368153224,31,-64.62416368153117,992.9373515965149,992.9373515965146,711.7664113354684,711.7664113354681,571.087312456985,571.087312456985,710.4823411666749,710.4823411666753,1370.1871571425222,1370.1871571425218,-74.35740719175952,-74.35740719175828,-1.2969317701278262,-8.643877561579783,9.008493910856524,4280.806234736278,522.3351666486165,-469.21627998028134
fixed_joint,300,schedule,5,245,3684.0546543115,3684.05,57.14285714285714,1.7118800026329741,526.5839810782231,565.8379761439214,3684.0546543115006,0.0,0,-505.8152954209663,1277.1634153647421,2406.891238946758,109,136,1530,1038.0,1225.0,"{'TP': 90, 'MH': 74, 'MFE': 51, 'MHx': 13, 'BE': 13, 'SN': 4}",3024.5723305936754,164,3009.940348712277,659.4823237178251,81,674.1143055992238,-104.3730404695647,32,-104.37304046956615,787.6675472997495,787.6675472997497,846.6537012457709,846.6537012457707,582.322938987867,582.3229389878677,574.7702649122135,574.7702649122139,1006.7464858456916,1006.7464858456924,-114.10628397979201,-114.10628397979372,-2.9663185954871816,-9.1174402185627,7.628603396634952,3681.0883357160133,566.0479981738408,-505.81943505963227
fixed_gate_only,100,schedule,5,261,5738.815417189862,5738.83,59.38697318007663,2.1721871836019746,530.4290139011564,551.6980114115722,5738.815417189865,0.0,0,-445.10589992378755,2925.5329298066267,2813.282487383235,134,127,1587,1112.0,1305.0,"{'TP': 99, 'MH': 76, 'MFE': 61, 'MHx': 13, 'BE': 10, 'SN': 2}",4338.683026568831,175,4324.051044687433,1400.13239062103,86,1414.7643725024318,126.95013413472263,35,126.95013413472498,1557.6495797979528,1557.6495797979528,866.5250753825876,866.5250753825876,745.3316027291339,745.3316027291335,1010.4711335878652,1010.4711335878665,1441.6211350678268,1441.6211350678268,117.21689062449535,117.21689062449786,-8.676145509503034,-16.452025628358577,3.3236326552375317,5730.139271680362,552.4112439312812,-444.9033849681764
fixed_gate_only,10,schedule,5,165,2707.393694269009,2707.3800000000006,54.54545454545454,1.8138774632741679,568.4982478252477,589.7672453356636,2707.393694269009,0.0,0,-465.3797277230633,2459.9493548666496,247.44433940235933,155,10,861,724.0,825.0,"{'MFE': 71, 'MH': 46, 'TP': 32, 'MHx': 10, 'BE': 4, 'SN': 2}",2069.2469889020986,117,2054.615007020699,638.1467053669107,48,652.7786872483098,-115.27518391393512,22,-115.27518391393505,803.1999564260093,803.1999564260093,224.5436598693542,224.54365986935431,710.3626570028789,710.3626570028791,252.3229600980269,252.322960098026,887.4014628019568,887.4014628019565,-170.4370019292164,-170.43700192921642,-29.0646233578442,-35.22871131162301,-21.413926387055184,2678.3290709111648,592.4248102191236,-468.271287569537
fixed_gate_only,20,schedule,5,196,3810.746183416023,3810.7400000000002,58.673469387755105,1.9898481143395348,568.4982478252487,589.7672453356645,3810.7461834160213,0.0,0,-465.3797277230633,2289.7333856751798,1521.0127977408433,153,43,1041,848.0,980.0,"{'MFE': 70, 'TP': 56, 'MH': 50, 'MHx': 12, 'BE': 5, 'SN': 3}",2979.5206309894056,137,2964.888649108006,831.225552426617,59,845.8575343080151,-149.69450815270068,26,-149.69450815270238,927.6457901290387,927.6457901290387,712.5992978699046,712.5992978699044,469.65893370663207,469.65893370663184,790.7988537780011,790.7988537780016,1114.899634100428,1114.8996341004286,-204.8563261679819,-204.85632616798375,-26.234922846405738,-32.896580648565354,-17.027876849612234,3784.5112605696154,592.4248102191241,-468.2712875695379
fixed_gate_only,24,schedule,5,212,3586.251618239482,3586.2400000000007,56.132075471698116,1.8221520799084039,568.4982478252477,589.7672453356636,3586.251618239483,0.0,0,-465.3797277230633,2289.7333856751798,1296.5182325643027,153,59,1171,914.0,1060.0,"{'MFE': 70, 'MH': 61, 'TP': 61, 'MHx': 13, 'BE': 5, 'SN': 2}",2769.4647381078094,148,2754.83275622641,816.7868801316729,64,831.4188620130731,-127.98791376922438,27,-127.98791376922418,1010.6698495143224,1010.6698495143226,644.743921389334,644.7439213893335,378.9427517338528,378.94275173385245,656.2904599644712,656.2904599644717,1103.6370042005017,1103.637004200502,-208.03236856299924,-208.03236856299918,-24.923892264359445,-32.00605823383653,-15.64891844349685,3561.3277259751235,592.4248102191232,-468.271287569537
fixed_gate_only,30,schedule,5,230,3903.6086889853705,3903.61,56.52173913043478,1.8186346047743076,687.382896284129,708.6518937945448,3903.6086889853723,0.0,0,-465.3797277230633,2275.538191617761,1628.0704973676093,149,81,1308,992.0,1150.0,"{'TP': 73, 'MFE': 69, 'MH': 65, 'MHx': 13, 'BE': 7, 'SN': 3}",2992.3363987347516,155,2977.7044168533525,911.2722902506189,75,925.9042721320197,-140.90497509504854,32,-140.90497509504712,971.3169424071909,971.3169424071909,626.2864970461031,626.2864970461028,356.3841400964417,356.38414009644157,924.8191494132313,924.8191494132323,1247.126504327089,1247.1265043270892,-222.32454430468553,-222.32454430468442,-21.90664466144036,-28.77100639322726,-12.16651200217123,3881.702044323932,710.8311579220644,-468.2712875695379
fixed_gate_only,40,schedule,5,246,4378.388310989378,4378.39,57.72357723577236,1.8691529202415598,404.4524108832011,425.7214083936169,4378.38831098938,0.0,0,-319.12929690583223,2587.0787211507095,1791.3095898386691,145,101,1450,1052.0,1230.0,"{'TP': 84, 'MH': 69, 'MFE': 68, 'MHx': 14, 'BE': 7, 'SN': 4}",3265.276982548816,164,3250.6450006674163,1113.1113284405624,82,1127.7433103219641,107.31880429579572,34,107.31880429579724,988.0640054176777,988.0640054176774,710.8972674162053,710.8972674162048,598.6402570079201,598.6402570079201,854.1457829352282,854.1457829352289,1200.7417631261885,1200.7417631261883,25.89923508615873,25.899235086160843,-15.082738046668663,-22.35595946204745,-4.723218204869044,4363.3055729427115,427.0970910221222,-319.58923205901647
fixed_gate_only,50,schedule,5,253,4967.601183674443,4967.610000000001,58.498023715415016,2.010906271390662,404.4524108832011,425.7214083936169,4967.601183674446,0.0,0,-319.12929690583223,2697.6155252094777,2269.9856584649656,144,109,1508,1080.0,1265.0,"{'TP': 89, 'MH': 72, 'MFE': 66, 'MHx': 15, 'BE': 8, 'SN': 3}",3716.388259877538,169,3701.7562779961395,1251.2129237969048,84,1265.844905678306,107.31880429579572,34,107.31880429579724,1367.3979496516808,1367.3979496516804,809.9314091012866,809.9314091012866,775.7453182494297,775.7453182494296,649.7839131033568,649.7839131033579,1338.8433584825307,1338.8433584825302,25.89923508615873,25.899235086160843,-14.746510315993014,-22.94196452779175,-3.7925663946052044,4952.854673358453,427.0970910221213,-319.58923205901647
fixed_gate_only,75,schedule,5,269,5475.509361809822,5475.52,58.7360594795539,2.0358644034335747,604.9890068198638,626.2580043302796,5475.509361809822,0.0,0,-519.6658928424949,2699.396319511322,2776.1130422984993,142,127,1636,1148.0,1345.0,"{'TP': 98, 'MH': 78, 'MFE': 65, 'MHx': 16, 'BE': 9, 'SN': 3}",4091.6502024653323,176,4077.0182205839333,1383.8591593444885,93,1398.4911412258884,46.71392383445122,37,46.71392383445345,1401.6087385935616,1401.6087385935616,893.2068775538592,893.2068775538592,742.7070883588368,742.7070883588362,895.4218628877824,895.4218628877838,1505.5841140915568,1505.5841140915545,36.98068032422401,36.98068032422634,-10.898621517176666,-19.44541361686092,2.2467645454449583,5464.6107402926455,626.6783804081188,-519.170521445014
fixed_gate_only,125,schedule,5,261,5441.723478388007,5441.73,59.00383141762452,2.064126635978356,530.4290139011564,551.6980114115722,5441.723478388009,0.0,0,-445.10589992378755,2782.353066421837,2659.370411966169,126,135,1610,1112.0,1305.0,"{'TP': 100, 'MH': 78, 'MFE': 55, 'MHx': 15, 'BE': 10, 'SN': 3}",4212.712713798979,171,4198.080731917581,1229.0107645890262,90,1243.6427464704284,47.87350590733929,35,47.873505907341496,1359.8793562559345,1359.8793562559345,803.0672637395722,803.0672637395714,842.1785640532468,842.1785640532466,1048.881894678934,1048.881894678936,1349.5761372632064,1349.5761372632064,38.14026239711201,38.140262397114384,-3.509332177245219,-11.443416465484797,7.392103423579866,5438.214146210764,552.4112439312812,-444.9033849681755
fixed_gate_only,150,schedule,5,255,5261.530783083783,5261.540000000001,58.43137254901961,2.026662121122964,547.539210572696,568.8082080831118,5261.5307830837855,0.0,0,-502.5684242294833,2542.14231091163,2719.3884721721524,123,132,1592,1094.0,1275.0,"{'TP': 95, 'MH': 78, 'MFE': 52, 'MHx': 16, 'BE': 11, 'SN': 3}",4225.370849192517,167,4210.738867311119,1036.1599338912654,88,1050.7919157726665,55.319604874569094,36,55.31960487457218,1186.0468186619653,1186.0468186619655,761.3709619388144,761.3709619388139,1070.365538841511,1070.3655388415111,977.6765227936339,977.6765227936357,1220.4845794835157,1220.4845794835142,45.586361364341855,45.586361364345066,-4.9516369556846715,-12.08922231678198,5.209732562841636,5256.579146128101,569.9741240253652,-502.910820791918
fixed_gate_only,200,schedule,5,246,4609.653875550723,4609.639999999999,58.13008130081301,1.8901925773856567,590.4399267837034,611.7089242941192,4609.653875550728,0.0,0,-530.421912507004,2158.368066554649,2451.2858089960746,112,134,1558,1054.0,1230.0,"{'TP': 95, 'MH': 76, 'MFE': 49, 'MHx': 15, 'BE': 8, 'SN': 3}",3587.8195984458434,163,3573.1876165644458,1021.8342771048797,83,1036.4662589862824,69.30662684315443,31,69.30662684315666,965.3855515523285,965.3855515523285,863.9324482399172,863.9324482399174,562.7069263473952,562.7069263473961,965.88366534961,965.883665349611,1192.171900728545,1192.1719007285456,59.573383332927094,59.57338333292955,-1.9689980400517597,-9.82047348448273,8.52944993557087,4607.684877510676,612.1307744221285,-530.6602294410432
fixed_gate_only,250,schedule,5,244,4404.29709330172,4404.32,56.9672131147541,1.8568516745284767,500.43889588568027,541.8224192951825,4404.297093301724,0.0,0,-502.5684242294842,2048.435292508827,2355.861800792894,108,136,1547,1038.0,1220.0,"{'TP': 93, 'MH': 79, 'MFE': 49, 'MHx': 12, 'BE': 8, 'SN': 3}",3459.21537891389,166,3444.583397032491,945.0817143878306,78,959.713696269233,-12.098012743184466,31,-12.098012743182153,965.3855515523285,965.3855515523285,700.3237189475435,700.3237189475435,635.5105425279005,635.510542527901,928.084558929525,928.0845589295254,1196.8239775978345,1196.823977597835,-21.83125625341172,-21.831256253409265,-1.2037832060080982,-9.627709063408732,9.199900906812227,4403.093310095716,542.6221925938971,-502.9108207919194
fixed_gate_only,300,schedule,5,244,3997.135330951761,3997.1400000000003,57.377049180327866,1.7855625808368918,500.43889588568027,541.8224192951825,3997.1353309517644,0.0,0,-502.5684242294842,1686.4134895705067,2310.721841381254,109,135,1546,1034.0,1220.0,"{'TP': 91, 'MH': 78, 'MFE': 50, 'MHx': 13, 'BE': 9, 'SN': 3}",3279.8417296769185,164,3265.209747795521,717.2936012748423,80,731.9255831562436,-72.68874864085728,32,-72.68874864085501,760.1157472555628,760.1157472555633,810.475239141303,810.4752391413033,671.0560520539017,671.0560520539022,808.2836842695585,808.2836842695592,1029.6266003825192,1029.626600382519,-82.4219921510846,-82.42199215108258,-2.4747221290694292,-9.130926549984386,8.373600880065721,3994.660608822695,542.6221925938971,-502.9108207919194
scaled_joint,100,schedule,5,261,5738.815417189862,5738.83,59.38697318007663,2.1721871836019746,530.4290139011564,551.6980114115722,5738.815417189865,0.0,0,-445.10589992378755,2925.5329298066267,2813.282487383235,134,127,1587,1112.0,1305.0,"{'TP': 99, 'MH': 76, 'MFE': 61, 'MHx': 13, 'BE': 10, 'SN': 2}",4338.683026568831,175,4324.051044687433,1400.13239062103,86,1414.7643725024318,126.95013413472263,35,126.95013413472498,1557.6495797979528,1557.6495797979528,866.5250753825876,866.5250753825876,745.3316027291339,745.3316027291335,1010.4711335878652,1010.4711335878665,1441.6211350678268,1441.6211350678268,117.21689062449535,117.21689062449786,-8.676145509503034,-16.452025628358577,3.3236326552375317,5730.139271680362,552.4112439312812,-444.9033849681764
scaled_joint,10,schedule,5,251,4899.200284206,4899.18,58.56573705179283,2.0066247075664143,484.8017486965837,506.0707462069995,4899.200284206003,0.0,0,-398.691844266566,2454.8846544899693,2444.3156297160313,128,123,1566,1060.0,1255.0,"{'TP': 91, 'MH': 71, 'MFE': 59, 'BE': 15, 'MHx': 13, 'SN': 2}",4229.257078662167,168,4214.625096780769,669.9432055438332,83,684.5751874252337,6.411346133991799,32,6.411346133993902,1400.510188748633,1400.510188748633,732.6831476915504,732.6831476915504,1133.5218526541844,1133.5218526541848,732.6308826112067,732.6308826112081,903.176109876661,903.1761098766597,-3.321897376235494,-3.32189737623321,-9.087036982860955,-17.06128022726632,-0.1745231478794973,4890.113247223142,506.66208501820347,-399.5925110640178
scaled_joint,20,schedule,5,258,4737.781448949177,4737.790000000001,57.36434108527132,1.9003781936931556,484.8017486965837,506.0707462069995,4737.781448949182,0.0,0,-450.5563298265047,2457.8244129101085,2279.9570360390676,132,126,1597,1088.0,1290.0,"{'TP': 92, 'MH': 75, 'MFE': 61, 'BE': 15, 'MHx': 13, 'SN': 2}",3776.01480579701,173,3761.3828239156114,961.766643152166,85,976.3986250335706,158.67818398872126,33,158.6781839887244,1347.7106989939991,1347.710698993999,683.766668856503,683.766668856503,886.3409753954536,886.3409753954536,628.2854555944623,628.2854555944632,1042.7327096302647,1042.732709630266,148.944940478494,148.9449404784973,-9.90631606684427,-17.91554550478071,-0.8812330484058163,4727.875132882338,506.66208501820347,-451.09967163053625
scaled_joint,24,schedule,5,260,4929.221720046459,4929.26,57.692307692307686,1.9385540023961547,484.8017486965837,507.2660721822931,4929.221720046465,0.0,0,-450.5563298265042,2477.0977460797903,2452.123973966669,131,129,1603,1094.0,1300.0,"{'TP': 94, 'MH': 78, 'MFE': 59, 'MHx': 15, 'BE': 12, 'SN': 2}",4008.4343472173077,177,3993.80236533591,920.7873728291515,83,935.4193547105547,172.145762061439,32,172.14576206144193,1411.684232870114,1411.684232870114,852.2126764006856,852.2126764006857,886.3409753954536,886.3409753954534,628.2854555944623,628.2854555944641,1059.9721869339419,1059.9721869339419,90.72619285180211,90.72619285180554,-8.766959642297678,-17.166775884921964,0.6583321810159066,4920.454760404167,507.99326374971133,-451.09967163053625
scaled_joint,30,schedule,5,264,5036.867819657133,5036.91,57.95454545454546,1.958344152753088,484.8017486965837,506.0707462069995,5036.867819657135,0.0,0,-450.5563298265042,2475.773345389589,2561.0944742675433,131,133,1641,1110.0,1320.0,"{'TP': 96, 'MH': 79, 'MFE': 59, 'MHx': 16, 'BE': 12, 'SN': 2}",3968.2757085435833,176,3953.643726662184,1068.5921111135488,88,1083.2240929949517,172.145762061439,32,172.14576206144193,1521.8489614662694,1521.848961466269,843.4123655439469,843.4123655439462,886.8895085590901,886.8895085590898,486.2138660176849,486.2138660176861,1207.7769252183393,1207.7769252183389,90.72619285180211,90.72619285180554,-6.891454377579024,-15.697442782054232,1.8144262000908646,5029.976365279556,506.6620850182044,-451.0996716305358
scaled_joint,40,schedule,5,258,5200.355605236784,5200.38,58.139534883720934,2.005433987550689,484.8017486965837,519.0627104515597,5200.355605236788,0.0,0,-450.55632982650377,2552.5292883660914,2647.8263168706926,130,128,1609,1086.0,1290.0,"{'TP': 95, 'MH': 75, 'MFE': 59, 'MHx': 14, 'BE': 13, 'SN': 2}",4324.3470741223755,175,4309.715092240977,876.008531114408,83,890.6405129958102,152.83586292268697,32,152.83586292268956,1509.3739483804538,1509.3739483804538,849.194070037825,849.194070037825,937.7913359091992,937.791335909199,798.0767128383054,798.0767128383068,962.8169186585405,962.8169186585405,143.10261941245972,143.10261941246245,-9.401451920631242,-17.57892852969832,-0.654232266636746,5190.954153316156,520.8691207815291,-451.09967163053534
scaled_joint,50,schedule,5,269,5575.521683034765,5575.539999999999,59.10780669144982,2.0647809762900704,453.2358326833819,474.5048301937977,5575.521683034766,0.0,0,-349.2619472460892,2764.526512604645,2810.9951704301207,133,136,1663,1136.0,1345.0,"{'TP': 101, 'MH': 77, 'MFE': 61, 'BE': 14, 'MHx': 14, 'SN': 2}",4382.729080624119,176,4368.097098742718,1192.7926024106469,93,1207.4245842920482,184.40177893588927,33,184.40177893589134,1483.9852322492427,1483.9852322492425,924.7669679400574,924.7669679400574,923.5755453560632,923.5755453560623,891.695700007463,891.6957000074631,1176.8297020562773,1176.8297020562768,174.66853542566204,174.66853542566423,-8.487594769763845,-16.7173513532822,1.0089012809563729,5567.0340882650025,475.0961690050017,-349.7407678370364
scaled_joint,75,schedule,5,269,5622.302669047489,5622.31,58.36431226765799,2.070697569410705,569.6864470659302,590.955444576346,5622.30266904749,0.0,0,-401.2740416490683,2837.6944035909746,2784.6082654565143,133,136,1657,1138.0,1345.0,"{'TP': 101, 'MH': 81, 'MFE': 60, 'MHx': 14, 'BE': 11, 'SN': 2}",4241.418748834667,178,4226.786766953266,1380.883920212822,91,1395.5159020942237,87.26106369209249,34,87.26106369209538,1478.5553163607606,1478.5553163607606,915.2318618568879,915.2318618568879,872.3892811592565,872.389281159255,816.5366543864696,816.5366543864702,1462.0617351022493,1462.061735102248,77.52782018186512,77.52782018186826,-8.732564185551162,-17.257871085978582,2.8675589138033724,5613.5701048619385,590.7649607726353,-401.5519169984177
scaled_joint,125,schedule,5,258,5783.8299707042215,5783.85,60.07751937984496,2.2087918677409846,433.5526163421009,454.82161385251675,5783.829970704223,0.0,0,-356.09807634956087,2873.2950433255246,2910.534927378696,131,127,1578,1098.0,1290.0,"{'TP': 98, 'MH': 73, 'MFE': 60, 'MHx': 13, 'BE': 11, 'SN': 3}",4424.614673835089,171,4409.982691953691,1359.2152968691312,87,1373.8472787505325,144.74990346639487,34,144.74990346639697,1496.6796598227108,1496.679659822711,921.8585751428584,921.8585751428582,772.9575920331084,772.9575920331076,1119.5891770646267,1119.589177064629,1337.7283066847485,1337.7283066847476,135.0166599561676,135.01665995616986,-6.483128563725884,-14.391279885482225,4.115754106287906,5777.346842140498,455.76848671656535,-356.7142086226804
scaled_joint,150,schedule,5,253,6123.424768128452,6123.42,60.079051383399204,2.3623397909946244,453.11832946923914,474.387326979655,6123.424768128457,0.0,0,-367.7952154918703,2657.8916060969536,3465.5331620315005,127,126,1553,1080.0,1265.0,"{'TP': 98, 'MH': 71, 'MFE': 57, 'MHx': 13, 'BE': 12, 'SN': 2}",4520.411423771744,168,4505.779441890346,1603.0133443567101,85,1617.645326238111,318.9318244229506,33,318.93182442295256,1470.5771254902027,1470.577125490203,689.140960965717,689.1409609657167,1119.7409920589453,1119.7409920589453,1127.4226754850938,1127.422675485096,1407.3444332157717,1407.3444332157706,309.19858091272346,309.19858091272545,-6.470383808120227,-13.424230001707569,2.7475564470991634,6116.954384320336,475.55465343042033,-368.0467944673155
scaled_joint,200,schedule,5,253,4982.072553786705,4982.09,57.70750988142292,1.9899799514018661,540.4687383928876,561.7377359033035,4982.0725537867065,0.0,0,-502.5684242294842,2401.1833597246455,2580.889194062059,131,122,1562,1082.0,1265.0,"{'TP': 93, 'MH': 75, 'MFE': 61, 'MHx': 12, 'BE': 9, 'SN': 3}",3832.4904316434313,168,3817.8584497620323,1149.582122143273,85,1164.2141040246743,232.56720068473797,34,232.56720068473896,1134.6628735258325,1134.6628735258323,709.8743660461672,709.8743660461664,956.4201679184401,956.4201679184407,801.6220171963989,801.6220171964001,1156.6591719253547,1156.6591719253552,222.8339571745107,222.83395717451185,-6.290145381985104,-14.287654390128194,4.1129131458242,4975.7824084047215,562.5520495036089,-502.9108207919189
scaled_joint,250,schedule,5,250,3832.312216102362,3832.3300000000004,56.39999999999999,1.6961965747613887,522.3145557728424,541.8224192951825,3832.3122161023643,0.0,0,-502.5684242294842,1760.1135968585666,2072.198619243796,130,120,1552,1074.0,1250.0,"{'TP': 88, 'MH': 75, 'MFE': 61, 'MHx': 12, 'BE': 9, 'SN': 5}",2869.8226659288557,162,2855.190684047456,962.4895501735072,88,977.1215320549081,121.94771999797545,38,121.94771999797649,927.3587840664713,927.3587840664716,387.19409809813044,273.6462083320173,575.2069483663068,688.7548381324198,750.1518284413544,750.1518284413548,1080.1860806423513,1080.186080642352,112.21447648774809,112.21447648774893,-6.445581285987199,-14.561917170388858,3.692421513592084,3825.866634816377,542.6221925938971,-502.9108207919194
scaled_joint,300,schedule,5,250,3442.013671058053,3442.0299999999997,56.00000000000001,1.6157888966130678,577.844670168854,599.1136676792698,3442.0136710580546,0.0,0,-502.5684242294842,1710.4207628860563,1731.5929081719974,135,115,1550,1078.0,1250.0,"{'TP': 85, 'MH': 75, 'MFE': 63, 'MHx': 12, 'BE': 10, 'SN': 5}",2783.062583445774,163,2768.4306015643747,658.9510876122794,87,673.5830694936799,-127.5476796225682,37,-127.54767962256756,982.658579191957,982.6585791919567,458.30925344348987,458.30925344349,540.0620352750221,540.0620352750223,572.1217085787127,572.121708578713,1026.143017701667,1026.1430177016678,-137.28092313279544,-137.28092313279512,-13.178111932683116,-20.297180763831268,-1.8858510869372516,3428.8355591253717,600.8529854146122,-502.9108207919194
