family,length,sizing,slip,trades,closed_pnl,display_pnl,wr,pf,realized_mdd,price_mdd,end_price_equity,end_floating,open_positions,worst30_price,L_pnl,S_pnl,L_trades,S_trades,holding_hours,fee,extra_cost,exits,early_pnl,early_trades,early_equity_change,late_pnl,late_trades,late_equity_change,recent_pnl,recent_trades,recent_equity_change,block1_pnl,block1_equity_change,block2_pnl,block2_equity_change,block3_pnl,block3_equity_change,block4_pnl,block4_equity_change,block5_pnl,block5_equity_change,block6_pnl,block6_equity_change,common_entries,removed_entries,replacement_entries,changed_common,removed_winners,removed_losers,removed_pnl,replacement_pnl,changed_common_delta
fixed_joint,100,flat,0,264,6589.788945307804,6589.78,60.60606060606061,2.497186119638513,409.80153209132186,415.92899567095355,6589.788945307804,0.0,0,-365.36244904603336,3261.9781631657315,3327.8107821420726,136,128,1600,1056.0,1320.0,"{'TP': 102, 'MH': 74, 'MFE': 59, 'MHx': 14, 'BE': 13, 'SN': 2}",4985.398353568944,173,4972.7600556966045,1604.39059173886,91,1617.0288896111997,283.57265568319264,37,283.57265568319326,1863.3050725794126,1863.3050725794124,879.9688961545463,879.9688961545462,891.3272505761637,891.3272505761634,1225.6368821037695,1225.6368821037709,1360.8308727919775,1360.8308727919766,368.71997110193485,368.7199711019348,264,0,0,0,0,0,0.0,0.0,0.0
fixed_joint,10,flat,0,166,3221.047244513769,3220.9900000000002,59.036144578313255,2.096295362873719,328.2770647764096,334.2495069381307,3221.047244513768,0.0,0,-285.55882096731284,2861.9926661591217,359.0545783546475,156,10,855,664.0,830.0,"{'MFE': 66, 'MH': 43, 'TP': 34, 'MHx': 14, 'BE': 7, 'SN': 2}",2294.5400009609334,115,2281.9017030885916,926.5072435528352,51,939.1455414251764,64.67430667977638,24,64.67430667977669,1020.8996197851845,1020.8996197851844,233.57619835746732,233.5761983574672,722.2407060594396,722.2407060594394,208.63642414121287,208.63642414121205,961.4763547681572,961.4763547681578,74.21794140230699,74.21794140230713,144,120,22,20,73,47,2887.750055028333,-178.5692061066341,-302.42243965906823
fixed_joint,20,flat,0,195,4366.396670861143,4366.360000000001,62.56410256410256,2.325328762728894,354.3244019548488,415.0258578037824,4366.396670861142,0.0,0,-354.3244019548488,2600.3154205430474,1766.0812503180955,152,43,1032,780.0,975.0,"{'MFE': 67, 'TP': 56, 'MH': 46, 'MHx': 17, 'BE': 6, 'SN': 3}",3271.261708384777,133,3258.6234105124345,1095.134962476366,62,1107.773260348708,42.60692297549184,28,42.606922975491216,1171.2235674635733,1171.223567463573,776.9204910791443,776.9204910791443,443.4224532100216,443.42245321002133,678.2764752461048,678.2764752461035,1244.403126164276,1244.4031261642785,52.150557698022396,52.15055769802166,170,94,25,17,51,43,1728.462893893132,-234.4772579870783,-260.45212256645095
fixed_joint,24,flat,0,213,4239.870065984546,4239.85,59.154929577464785,2.135467610871818,354.90397118589,415.6054270348236,4239.870065984544,0.0,0,-316.83571623963144,2608.354292921959,1631.5157730625874,154,59,1185,852.0,1065.0,"{'MFE': 67, 'TP': 61, 'MH': 58, 'MHx': 17, 'BE': 8, 'SN': 2}",3114.9229956078425,144,3102.2846977355,1124.9470703767036,69,1137.5853682490447,105.14925567065737,29,105.1492556706562,1261.702901537351,1261.702901537351,721.0999525560752,721.0999525560749,360.7749530782936,360.77495307829327,607.4151527654075,607.4151527654058,1174.1842156542311,1174.184215654233,114.69289039318798,114.69289039318664,185,79,28,19,47,32,1908.9910117670172,-239.5996435225199,-201.3282240337208
fixed_joint,30,flat,0,231,4667.741236901902,4667.710000000001,59.307359307359306,2.1841690290928892,405.1302755941015,446.2936412365452,4667.741236901902,0.0,0,-347.52393044135306,2525.5479233453243,2142.193313556578,150,81,1326,924.0,1155.0,"{'TP': 72, 'MFE': 66, 'MH': 64, 'MHx': 17, 'BE': 10, 'SN': 2}",3459.6456347400344,151,3447.007336867692,1208.0956021618676,80,1220.73390003421,125.79459554709385,34,125.7945955470932,1425.1478121770747,1425.1478121770747,636.4212036685586,636.4212036685581,375.1117000252283,375.11170002522886,828.3466689967357,828.346668996734,1267.3756217646799,1267.3756217646828,135.33823026962438,135.33823026962364,205,59,26,18,34,25,1457.5775671410559,-268.7343373509329,-195.73580391391368
fixed_joint,40,flat,0,250,5304.2060400492555,5304.17,60.0,2.219611999987808,282.2982904215305,334.2495069381316,5304.206040049255,0.0,0,-278.758349453818,2919.221485703888,2384.984554345366,149,101,1480,1000.0,1250.0,"{'TP': 84, 'MH': 70, 'MFE': 65, 'MHx': 18, 'BE': 10, 'SN': 3}",3992.625263693742,163,3979.9869658213997,1311.5807763555126,87,1324.219074227855,221.9325750654114,36,221.93257506541158,1441.9291201172787,1441.9291201172787,732.9144220442862,732.9144220442859,853.1036207448992,853.1036207448997,883.7766850567081,883.7766850567064,1161.0059822981407,1161.005982298142,231.47620978794197,231.47620978794203,223,41,27,15,24,17,1202.434404357573,80.20598218674769,-163.3544830877242
fixed_joint,50,flat,0,257,5723.571892223954,5723.55,60.70038910505836,2.3012548392117353,296.31443370834495,334.24950693813116,5723.571892223954,0.0,0,-278.7583494538176,2956.928456778687,2766.6434354452663,148,109,1533,1028.0,1285.0,"{'TP': 90, 'MH': 72, 'MFE': 64, 'MHx': 18, 'BE': 10, 'SN': 3}",4264.967943827221,168,4252.329645954879,1458.6039483967336,89,1471.2422462690747,221.9325750654114,36,221.93257506541158,1650.989609617308,1650.989609617308,839.8275900745091,839.8275900745084,1013.6302534400342,1013.6302534400343,679.619074964799,679.6190749647999,1308.0291543393616,1308.0291543393614,231.47620978794197,231.47620978794203,234,30,23,13,15,15,529.9449358141408,-136.42950462027252,-199.8426126494371
fixed_joint,75,flat,0,272,6366.378861891688,6366.36,59.92647058823529,2.344384738744525,400.46365747426717,405.20514842908597,6366.37886189169,0.0,0,-317.3913462416567,3014.5435867305378,3351.8352751611496,145,127,1649,1088.0,1360.0,"{'TP': 101, 'MH': 77, 'MFE': 63, 'MHx': 16, 'BE': 12, 'SN': 3}",4660.7788268171935,174,4648.140528944854,1705.6000350744948,98,1718.2383329468357,251.93666728947795,39,251.93666728947846,1682.488081495281,1682.488081495281,906.2618086369607,906.26180863696,865.1990323021813,865.199032302181,1084.7866822385497,1084.7866822385517,1490.559274510496,1490.559274510496,337.0839827082201,337.08398270822,250,14,22,6,7,7,10.765359990953968,-180.39235390962943,-32.2523695155323
fixed_joint,125,flat,0,265,6629.919358192634,6629.9,61.13207547169811,2.482914445457312,377.5476152675592,408.57822715808925,6629.9193581926365,0.0,0,-333.1085322222707,3127.1121701625184,3502.807188030116,127,138,1644,1060.0,1325.0,"{'TP': 105, 'MH': 74, 'MFE': 54, 'MHx': 15, 'BE': 14, 'SN': 3}",4651.245931810981,166,4638.607633938643,1978.6734263816538,99,1991.3117242539938,582.811787515667,39,582.8117875156677,1679.0197254187917,1679.0197254187915,577.6462784976319,577.6462784976329,984.038008171323,984.0380081713229,1317.6355843919446,1317.6355843919464,1403.620658778534,1403.6206587785337,667.959102934409,667.9591029344092,250,14,15,11,8,6,249.36745483704834,-56.08313867005329,345.5810063919322
fixed_joint,150,flat,0,259,5984.34102066694,5984.299999999999,60.231660231660236,2.3191213757955964,508.1917591422516,549.5545907900487,5984.341020666942,0.0,0,-474.2509677756243,2709.900132221849,3274.4408884450904,124,135,1608,1036.0,1295.0,"{'TP': 97, 'MH': 75, 'MFE': 52, 'MHx': 17, 'BE': 15, 'SN': 3}",4598.493700601151,163,4585.855402728813,1385.8473200657886,96,1398.4856179381295,338.04624107345876,39,338.0462410734608,1497.088887808757,1497.0888878087567,643.0919543873274,643.0919543873283,1109.6550737478199,1109.6550737478192,1125.1073054512653,1125.1073054512672,1186.2042427795689,1186.2042427795686,423.1935564922008,423.19355649220233,237,27,22,11,15,12,385.2493048022098,-189.0550567225407,-31.143563116114056
fixed_joint,200,flat,0,252,5013.195682204341,5013.150000000001,59.12698412698413,2.0564138058467485,508.1917591422498,549.5545907900473,5013.19568220434,0.0,0,-474.25096777562294,1975.2797793963994,3037.915902807941,114,138,1582,1008.0,1260.0,"{'TP': 95, 'MH': 75, 'MFE': 49, 'MHx': 17, 'BE': 12, 'SN': 4}",3700.890406865431,160,3688.2521089930906,1312.3052753389088,92,1324.9435732112497,292.83360510962734,35,292.83360510962757,1280.9370491780592,1280.9370491780592,698.6941265771363,698.6941265771363,547.4229390980083,547.4229390980083,950.2858128062466,950.2858128062462,1157.8748340165207,1157.8748340165212,377.9809205283694,377.9809205283691,221,43,31,17,27,16,1096.5885838448974,-195.6172436950951,-284.38743556347123
fixed_joint,250,flat,0,253,5196.7401102345175,5196.7,58.89328063241107,2.09422967382368,448.90102675134995,470.872657366393,5196.740110234517,0.0,0,-424.1620632895879,2038.5219688823743,3158.218141352144,110,143,1568,1012.0,1265.0,"{'TP': 99, 'MH': 76, 'MFE': 49, 'MHx': 13, 'BE': 12, 'SN': 4}",3796.436616851778,164,3783.7983189794368,1400.3034933827398,89,1412.9417912550798,148.64225806641326,35,148.64225806641207,1294.3461042340618,1294.346104234062,716.9549275510196,716.9549275510196,603.3464761213233,603.3464761213227,1122.281370771073,1122.281370771073,1226.0216580718852,1226.0216580718857,233.78957348515536,233.7895734851536,222,42,31,15,27,15,1228.8975273793565,135.0952768365097,-299.2465845304391
fixed_joint,300,flat,0,256,4886.999028338149,4886.990000000001,58.984375,2.0231337222284904,455.6554643310301,477.62709494607316,4886.99902833815,0.0,0,-430.916500869268,1615.8594484630357,3271.1395798751137,111,145,1592,1024.0,1280.0,"{'TP': 99, 'MH': 76, 'MFE': 50, 'MHx': 14, 'BE': 13, 'SN': 4}",3594.5293738658956,162,3581.8910759935548,1292.469654472254,94,1305.1079523445956,87.75573104310801,37,87.75573104310752,1076.780160224598,1076.7801602245981,847.7183920841018,847.7183920841017,665.1369226272312,665.1369226272313,938.6317231759842,938.631723175984,1185.8287837643843,1185.8287837643861,172.90304646185007,172.90304646184904,220,44,36,21,26,18,1436.2777009330293,26.33053007697977,-292.84274611360485
fixed_gate_only,100,flat,0,264,6589.788945307804,6589.78,60.60606060606061,2.497186119638513,409.80153209132186,415.92899567095355,6589.788945307804,0.0,0,-365.36244904603336,3261.9781631657315,3327.8107821420726,136,128,1600,1056.0,1320.0,"{'TP': 102, 'MH': 74, 'MFE': 59, 'MHx': 14, 'BE': 13, 'SN': 2}",4985.398353568944,173,4972.7600556966045,1604.39059173886,91,1617.0288896111997,283.57265568319264,37,283.57265568319326,1863.3050725794126,1863.3050725794124,879.9688961545463,879.9688961545462,891.3272505761637,891.3272505761634,1225.6368821037695,1225.6368821037709,1360.8308727919775,1360.8308727919766,368.71997110193485,368.7199711019348,264,0,0,0,0,0,0.0,0.0,0.0
fixed_gate_only,10,flat,0,168,3386.5240983634203,3386.5,57.14285714285714,2.1891285074831073,335.5137420111878,338.1251419223713,3386.5240983634194,0.0,0,-264.15273050326186,2989.3663969166773,397.15770144674286,158,10,874,672.0,840.0,"{'MFE': 70, 'MH': 44, 'TP': 33, 'MHx': 11, 'BE': 8, 'SN': 2}",2488.861523670593,115,2476.223225798252,897.6625746928262,53,910.3008725651675,60.49336450436175,24,60.49336450436158,1054.005734094881,1054.0057340948808,175.43082702465273,175.43082702465222,782.4675748764794,782.4675748764801,405.25902077216864,405.25902077216756,899.3239423683459,899.3239423683467,70.03699922689236,70.03699922689202,146,118,22,0,73,45,2930.653080695329,-272.6117662490545,0.0
fixed_gate_only,20,flat,0,200,4636.434372257436,4636.43,61.0,2.383854274013243,354.90397118589,415.6054270348236,4636.434372257435,0.0,0,-316.83571623963144,2838.98244663297,1797.4519256244657,157,43,1063,800.0,1000.0,"{'MFE': 70, 'TP': 57, 'MH': 48, 'MHx': 13, 'BE': 9, 'SN': 3}",3505.6453559687243,136,3493.007058096381,1130.789016288712,64,1143.4273141610538,38.425980800077184,28,38.425980800077014,1190.2942006477813,1190.294200647781,718.7751197463298,718.7751197463297,557.7469280268368,557.7469280268363,874.8990718770607,874.8990718770592,1246.7494364368197,1246.7494364368213,47.96961552260777,47.969615522607455,175,89,25,0,49,40,1624.8347549208695,-328.5198181294987,0.0
fixed_gate_only,24,flat,0,216,4497.065990982599,4497.08,58.333333333333336,2.1855848997988296,354.90397118589,415.6054270348236,4497.065990982598,0.0,0,-316.83571623963144,2838.98244663297,1658.083544349629,157,59,1193,864.0,1080.0,"{'MFE': 70, 'TP': 62, 'MH': 59, 'MHx': 14, 'BE': 9, 'SN': 2}",3339.6784744743118,147,3327.0401766019695,1157.3875165082873,69,1170.0258143806286,85.17759850599236,29,85.17759850599214,1281.2132884594657,1281.2132884594657,662.9545812232606,662.9545812232602,475.09942789510876,475.09942789510865,756.4811412257615,756.48114122576,1226.59631895048,1226.596318950481,94.72123322852298,94.72123322852258,188,76,28,0,45,31,1762.4598471277584,-330.26310719744663,0.0
fixed_gate_only,30,flat,0,234,4977.490113112963,4977.49,58.97435897435898,2.2536320575416435,412.3669528288792,446.2936412365452,4977.490113112961,0.0,0,-347.52393044135306,2808.729028269343,2168.7610848436193,153,81,1334,936.0,1170.0,"{'TP': 74, 'MFE': 69, 'MH': 64, 'MHx': 14, 'BE': 11, 'SN': 2}",3742.5464849393184,154,3729.9081870669747,1234.9436281736444,80,1247.5819260459862,105.82293838242879,34,105.82293838242913,1444.6581990991895,1444.6581990991895,636.4212036685586,636.4212036685581,489.4361748420435,489.4361748420429,977.4126574570898,977.4126574570878,1314.1953049411218,1314.1953049411231,115.36657310495943,115.36657310495957,208,56,26,0,32,24,1311.0464025017966,-301.252429693045,0.0
fixed_gate_only,40,flat,0,250,5370.332792802956,5370.33,60.0,2.2390924327804314,271.87535124574424,334.24950693813116,5370.332792802955,0.0,0,-278.7583494538176,2996.883590262643,2373.4492025403124,149,101,1476,1000.0,1250.0,"{'TP': 85, 'MH': 68, 'MFE': 68, 'MHx': 15, 'BE': 11, 'SN': 3}",4047.6637967059014,163,4035.0254988335582,1322.6689960970539,87,1335.3072939693966,219.94165846006325,36,219.941658460064,1461.4395070393932,1461.439507039393,732.9144220442862,732.9144220442859,739.5657783745899,739.5657783745901,1032.842673517062,1032.8426735170601,1174.0851186450302,1174.0851186450313,229.4852931825938,229.48529318259443,223,41,27,0,24,17,1202.434404357573,-17.021748147275687,0.0
fixed_gate_only,50,flat,0,257,5850.532955129098,5850.530000000001,60.70038910505836,2.341794573618999,296.3144337083454,334.24950693813116,5850.532955129098,0.0,0,-278.7583494538176,3095.4248714888854,2755.108083640213,148,109,1526,1028.0,1285.0,"{'TP': 91, 'MH': 70, 'MFE': 66, 'MHx': 16, 'BE': 11, 'SN': 3}",4381.922385260266,168,4369.284087387924,1468.6105698688323,89,1481.2488677411739,219.94165846006325,36,219.941658460064,1694.8461771291534,1694.8461771291536,839.8275900745091,839.8275900745089,937.6621389008808,937.6621389008806,828.685063425153,828.6850634251523,1320.0266924168084,1320.0266924168081,229.4852931825938,229.48529318259443,234,30,23,0,15,15,529.9449358141408,-209.31105436456505,0.0
fixed_gate_only,75,flat,0,272,6426.356508464445,6426.35,60.29411764705882,2.3752008993456095,400.46365747426717,405.20514842908597,6426.356508464448,0.0,0,-317.3913462416567,3069.2562148672387,3357.1002935972056,145,127,1644,1088.0,1360.0,"{'TP': 101, 'MH': 75, 'MFE': 64, 'MHx': 17, 'BE': 12, 'SN': 3}",4725.882515331206,174,4713.244217458869,1700.473993133238,98,1713.1122910055792,234.81308727077447,39,234.8130872707752,1707.2740158229185,1707.2740158229187,907.1172137278787,907.1172137278784,904.6613813976393,904.6613813976396,1084.7866822385497,1084.7866822385517,1502.5568125879427,1502.5568125879427,319.9604026895166,319.96040268951674,250,14,22,0,7,7,10.765359990953968,-152.667076852405,0.0
fixed_gate_only,125,flat,0,267,6522.692580213796,6522.68,60.67415730337079,2.4246800598468976,409.80153209132186,415.92899567095355,6522.692580213797,0.0,0,-365.36244904603336,3092.9368930142073,3429.7556871995894,129,138,1644,1068.0,1335.0,"{'TP': 105, 'MH': 76, 'MFE': 54, 'MHx': 16, 'BE': 13, 'SN': 3}",4843.063985931551,169,4830.425688059211,1679.628594282245,98,1692.2668921545855,298.76414683498933,38,298.76414683499024,1649.2929578682697,1649.2929578682692,824.5525216046266,824.5525216046267,984.038008171323,984.0380081713229,1260.0202461322792,1260.0202461322806,1420.877384183566,1420.8773841835655,383.9114622537314,383.91146225373177,253,11,14,0,5,6,-5.279605636550897,-72.37597073055933,0.0
fixed_gate_only,150,flat,0,262,6245.666942711725,6245.620000000001,59.92366412213741,2.355750018500307,540.4456759660143,581.8085076138113,6245.666942711726,0.0,0,-506.50488459938697,2840.4527900747753,3405.2141526369496,126,136,1635,1048.0,1310.0,"{'TP': 100, 'MH': 77, 'MFE': 51, 'MHx': 17, 'BE': 14, 'SN': 3}",4779.961809930157,165,4767.3235120578165,1465.7051327815686,97,1478.3434306539093,338.04624107345876,39,338.0462410734608,1467.3621202582349,1467.3621202582344,770.678491814883,770.6784918148833,1156.740699569707,1156.7406995697065,1129.3761022575873,1129.3761022575882,1298.3159723191125,1298.315972319111,423.1935564922008,423.19355649220233,238,26,24,0,14,12,202.98535274674748,-141.13664984933143,0.0
fixed_gate_only,200,flat,0,254,5591.97528717226,5591.94,59.055118110236215,2.196240338009,540.4456759660134,581.8085076138109,5591.97528717226,0.0,0,-506.5048845993865,2456.6029903005465,3135.372296871714,115,139,1609,1016.0,1270.0,"{'TP': 99, 'MH': 78, 'MFE': 48, 'MHx': 16, 'BE': 10, 'SN': 3}",4105.702237585952,161,4093.06393971361,1486.2730495863077,93,1498.9113474586502,386.94356664124587,35,386.94356664124734,1251.210281627537,1251.2102816275371,873.2172612659939,873.2172612659936,611.7817781343704,611.7817781343701,1113.688520528307,1113.6885205283056,1269.986563556064,1269.986563556065,472.0908820599881,472.09088205998887,222,42,32,0,26,16,914.3246317894354,-83.48902634610873,0.0
fixed_gate_only,250,flat,0,249,5276.9299755469365,5276.889999999999,58.23293172690763,2.121936134736311,535.6109052452762,576.9737368930737,5276.9299755469365,0.0,0,-501.6701138786493,2359.6126500773244,2917.317325469612,110,139,1572,996.0,1245.0,"{'TP': 96, 'MH': 80, 'MFE': 48, 'MHx': 13, 'BE': 9, 'SN': 3}",4027.4418635887314,164,4014.8035657163896,1249.488111958205,85,1262.126409830547,235.57994621873445,35,235.57994621873513,1251.210281627537,1251.2102816275371,705.5236721369957,705.5236721369959,667.7053151576855,667.7053151576852,1152.0329693575068,1152.0329693575054,1179.730475629735,1179.7304756297362,320.72726163747654,320.72726163747666,219,45,30,0,30,15,1403.0452393575742,90.18626959670648,0.0
fixed_gate_only,300,flat,0,252,4948.81365026411,4948.780000000001,58.333333333333336,2.0470057511529722,535.6109052452753,576.9737368930728,4948.813650264111,0.0,0,-501.6701138786484,2020.5508287502369,2928.2628215138725,111,141,1601,1008.0,1260.0,"{'TP': 96, 'MH': 81, 'MFE': 49, 'MHx': 14, 'BE': 9, 'SN': 3}",3826.336252174825,162,3813.6979543024845,1122.4773980892846,90,1135.1156959616264,143.12710724248797,37,143.12710724248882,1033.6443376180732,1033.6443376180732,811.5760903615467,811.5760903615469,765.0763619994855,765.0763619994859,965.0698368867135,965.0698368867124,1145.1726007370614,1145.172600737062,228.27442266123006,228.27442266123035,217,47,35,0,29,18,1610.4254129112473,-30.549882132447095,0.0
scaled_joint,100,flat,0,264,6589.788945307804,6589.78,60.60606060606061,2.497186119638513,409.80153209132186,415.92899567095355,6589.788945307804,0.0,0,-365.36244904603336,3261.9781631657315,3327.8107821420726,136,128,1600,1056.0,1320.0,"{'TP': 102, 'MH': 74, 'MFE': 59, 'MHx': 14, 'BE': 13, 'SN': 2}",4985.398353568944,173,4972.7600556966045,1604.39059173886,91,1617.0288896111997,283.57265568319264,37,283.57265568319326,1863.3050725794126,1863.3050725794124,879.9688961545463,879.9688961545462,891.3272505761637,891.3272505761634,1225.6368821037695,1225.6368821037709,1360.8308727919775,1360.8308727919766,368.71997110193485,368.7199711019348,264,0,0,0,0,0,0.0,0.0,0.0
scaled_joint,10,flat,0,256,5668.414100770968,5668.42,59.375,2.2726208933131917,446.77833154491964,484.013699613085,5668.414100770967,0.0,0,-408.71007659866063,2840.3684761497616,2828.0456246212043,130,126,1598,1024.0,1280.0,"{'TP': 93, 'MH': 71, 'MFE': 58, 'BE': 17, 'MHx': 15, 'SN': 2}",4797.374801285785,166,4784.736503413445,871.039299485183,90,883.6775973575222,65.07655466849344,35,65.07655466849337,1723.9774659586947,1723.9774659586947,738.0907953567265,738.0907953567262,1228.266664927449,1228.2666649274488,851.2354790131699,851.2354790131708,976.6198254276918,976.6198254276915,150.22387008723547,150.2238700872349,225,39,31,13,20,19,666.4229298182478,-41.8107842679324,-213.14113045065676
scaled_joint,20,flat,0,264,5804.234936590428,5804.25,59.09090909090909,2.2184349888840527,492.4745731616372,533.8374048094347,5804.23493659043,0.0,0,-458.5337817950103,3126.687417498193,2677.5475190922343,136,128,1630,1056.0,1320.0,"{'TP': 95, 'MH': 74, 'MFE': 61, 'BE': 17, 'MHx': 15, 'SN': 2}",4377.353308063504,171,4364.715010191166,1426.8816285269227,93,1439.5199263992645,551.8311491580138,37,551.8311491580143,1675.1361558041062,1675.1361558041067,693.2375359457474,693.2375359457469,981.1369295535758,981.1369295535756,772.0382907303315,772.0382907303324,1045.7075599799111,1045.7075599799127,636.9784645767558,636.9784645767559,234,30,30,12,16,14,589.4712647401742,-193.6955067900143,-2.3872371871878215
scaled_joint,24,flat,0,266,6000.653070791658,6000.65,59.3984962406015,2.2615805229172072,492.47457316163764,533.8374048094347,6000.653070791658,0.0,0,-458.5337817950103,3139.1436781775483,2861.5093926141094,135,131,1636,1064.0,1330.0,"{'TP': 97, 'MH': 77, 'MFE': 59, 'MHx': 17, 'BE': 14, 'SN': 2}",4625.473700632951,175,4612.83540276061,1375.179370158708,91,1387.817668031048,558.4758460809786,36,558.475846080979,1747.0237591116286,1747.0237591116288,869.4703252076698,869.4703252076688,981.1369295535758,981.1369295535751,772.0382907303315,772.0382907303333,1062.9642853849432,1062.9642853849427,568.0194808035093,568.0194808035094,238,26,28,9,14,12,449.37996474356834,-128.2223362147324,-11.533573557845386
scaled_joint,30,flat,0,270,6131.687058361998,6131.67,60.0,2.2907202493180967,492.47457316163764,533.8374048094347,6131.687058361999,0.0,0,-458.5337817950103,3145.3600595002904,2986.3269988617085,135,135,1674,1080.0,1350.0,"{'TP': 99, 'MH': 78, 'MFE': 59, 'MHx': 18, 'BE': 14, 'SN': 2}",4588.878940247733,174,4576.240642375393,1542.8081181142659,96,1555.4464159866066,558.4758460809786,36,558.475846080979,1857.0655197337417,1857.0655197337414,860.6612096377174,860.6612096377166,989.2281186009449,989.2281186009445,626.1196962455847,626.119696245586,1230.5930333405013,1230.5930333405013,568.0194808035093,568.0194808035094,237,27,33,10,14,13,411.28952546322296,-43.36997697210596,-3.442384510476302
scaled_joint,40,flat,0,263,6006.471175980838,6006.450000000001,59.31558935361216,2.2827541436121535,492.47457316163764,533.8374048094347,6006.471175980839,0.0,0,-458.5337817950103,2945.778499058839,3060.692676921999,133,130,1633,1052.0,1315.0,"{'TP': 98, 'MH': 76, 'MFE': 58, 'MHx': 15, 'BE': 14, 'SN': 2}",4948.573862495168,173,4935.935564622829,1057.897313485669,90,1070.53561135801,266.7433351279589,35,266.74333512795965,1836.624964432121,1836.624964432121,862.4330841697196,862.4330841697192,1051.7336265008994,1051.733626500899,941.9777913626841,941.9777913626854,961.8110589687127,961.811058968713,351.890650546701,351.8906505467012,240,24,23,11,13,11,415.4255983942403,-32.16365715458992,-135.7285137781363
scaled_joint,50,flat,0,272,6505.16572206094,6505.15,60.66176470588235,2.399972324609623,358.7133992761137,364.8408628557454,6505.165722060942,0.0,0,-317.3913462416567,3152.3569682785455,3352.808753782394,136,136,1667,1088.0,1360.0,"{'TP': 104, 'MH': 76, 'MFE': 60, 'BE': 15, 'MHx': 15, 'SN': 2}",5011.264671323989,174,4998.62637345165,1493.9010507369508,98,1506.5393486092926,340.7444237670142,35,340.7444237670152,1811.2616243290267,1811.2616243290267,938.3085966015284,938.3085966015274,1037.5320446339738,1037.5320446339733,1102.1191836152386,1102.119183615242,1190.0525336954156,1190.052533695416,425.8917391857563,425.8917391857567,243,21,29,11,8,13,-5.060357954480082,35.74062299015976,-125.42420419150442
scaled_joint,75,flat,0,272,6517.7163856670595,6517.689999999999,59.92647058823529,2.3942805320925378,406.68450208049035,412.81196566012204,6517.71638566706,0.0,0,-365.36244904603336,3195.451631527703,3322.264754139357,136,136,1664,1088.0,1360.0,"{'TP': 104, 'MH': 78, 'MFE': 59, 'MHx': 15, 'BE': 14, 'SN': 2}",4827.762732719684,176,4815.124434847345,1689.9536529473758,96,1702.5919508197157,263.74138094460756,36,263.74138094460795,1784.0821834608164,1784.082183460816,932.7354192836485,932.7354192836478,974.9435773136515,974.9435773136511,1013.9583305173469,1013.9583305173496,1463.1081787282474,1463.1081787282465,348.88869636334965,348.8886963633495,254,10,18,4,6,4,56.9974369996911,48.29192638632687,-63.36704902737978
scaled_joint,125,flat,0,263,6724.359583001027,6724.33,61.59695817490495,2.5651632378992217,348.95960609414396,408.57822715808925,6724.359583001028,0.0,0,-324.2206426323819,3204.0248849022873,3520.3346980987394,134,129,1605,1052.0,1315.0,"{'TP': 102, 'MH': 71, 'MFE': 59, 'BE': 14, 'MHx': 14, 'SN': 3}",5055.152093290928,169,5042.513795418588,1669.2074897100988,94,1681.8457875824397,263.1322893737727,36,263.13228937377426,1790.2420160633758,1790.2420160633756,931.2580845707284,931.2580845707284,922.9146331941763,922.9146331941756,1357.5808988240842,1357.5808988240856,1374.0843455561476,1374.0843455561471,348.27960479251493,348.2796047925158,251,13,12,5,4,9,-256.3446821328927,-150.0488549497628,28.274810510093275
scaled_joint,150,flat,0,257,7036.392510570844,7036.35,62.2568093385214,2.77401386813915,344.1248353734063,408.57822715808925,7036.392510570847,0.0,0,-315.07247035032196,2981.510086751947,4054.8824238188977,130,127,1570,1028.0,1285.0,"{'TP': 102, 'MH': 69, 'MFE': 56, 'BE': 14, 'MHx': 14, 'SN': 2}",5099.683389599483,166,5087.045091727145,1936.709120971361,91,1949.3474188437021,441.6399784350003,35,441.6399784350024,1784.726905912579,1784.726905912579,686.229990081335,686.2299900813357,1210.0809710580497,1210.0809710580502,1436.006917856482,1436.0069178564827,1392.560431808656,1392.5604318086553,526.7872938537423,526.7872938537439,239,25,18,8,10,15,-168.579351910669,223.5480741208067,54.47613923156439
scaled_joint,200,flat,0,257,5818.745289737941,5818.66,59.92217898832685,2.298235939573519,531.2975036839543,572.6603353317519,5818.745289737942,0.0,0,-497.35671231732704,2757.267470521998,3061.477819215944,134,123,1581,1028.0,1285.0,"{'TP': 95, 'MH': 74, 'MFE': 60, 'MHx': 13, 'BE': 12, 'SN': 3}",4416.900088183181,166,4404.261790310841,1401.8452015547607,91,1414.4834994271005,407.86782997100005,36,407.867829971,1436.5702365030522,1436.5702365030525,714.9368825796524,714.9368825796532,1044.9660410027789,1044.9660410027782,973.7707043500133,973.7707043500131,1155.486279912703,1155.4862799127031,493.01514538974214,493.0151453897415,229,35,28,11,21,14,583.2960150635186,-53.18723826471045,-134.56040224163362
scaled_joint,250,flat,0,256,4671.12546757243,4671.0599999999995,58.59375,1.94190720326737,531.297503683953,572.6603353317505,4671.125467572432,0.0,0,-497.3567123173261,2092.097651847422,2579.027815725009,133,123,1591,1024.0,1280.0,"{'TP': 91, 'MH': 76, 'MFE': 60, 'MHx': 13, 'BE': 11, 'SN': 5}",3442.8466065910116,160,3430.2083087186716,1228.2788609814197,96,1240.9171588537606,239.75537680445018,40,239.75537680444995,1229.1271171849758,1229.1271171849762,287.660881340444,287.6608813404441,705.126047971968,705.1260479719681,974.2763363459397,974.2763363459394,1150.0323925059113,1150.0323925059129,324.9026922231923,324.9026922231915,222,42,34,13,27,15,1391.3445307181144,-232.85550779282605,-294.46343922443225
scaled_joint,300,flat,0,258,4406.107334608618,4406.05,57.751937984496124,1.8718449776392496,531.297503683953,572.6603353317505,4406.107334608619,0.0,0,-497.3567123173261,2140.3749059532615,2265.7324286553567,138,120,1614,1032.0,1290.0,"{'TP': 87, 'MH': 78, 'MFE': 63, 'MHx': 14, 'BE': 11, 'SN': 5}",3424.2935081263586,161,3411.655210254018,981.813826482259,97,994.4521243546005,8.042723963412811,40,8.042723963412755,1288.261913348811,1288.2619133488115,452.4064037045849,452.40640370458505,661.3218892507642,661.3218892507639,775.6470780745141,775.647078074514,1135.2800108477886,1135.28001084779,93.19003938215491,93.19003938215428,218,46,40,9,30,16,1636.110301334737,-241.48474718657292,-306.0865621778761
fixed_joint,100,flat,2,259,6231.331266699377,6231.280000000001,59.84555984555985,2.4136967713139423,409.2909131705119,432.84735579914286,6231.331266699379,0.0,0,-377.7714999936543,2971.5332371462528,3259.7980295531233,132,127,1571,1036.0,1295.0,"{'TP': 100, 'MH': 73, 'MFE': 59, 'MHx': 13, 'BE': 12, 'SN': 2}",4679.914661461889,170,4666.478650791686,1551.4166052374876,89,1564.8526159076928,224.31665053552484,37,224.31665053552388,1832.1795944958671,1832.1795944958676,686.1195373081524,686.1195373081532,878.4015963540655,878.4015963540655,1143.6642516330153,1143.6642516330185,1392.612427498626,1392.6124274986241,298.3538594096509,298.3538594096499,259,0,0,0,0,0,0.0,0.0,0.0
fixed_joint,10,flat,2,160,2996.7286520217694,2996.72,56.875,2.0474869091602788,347.42693590092176,347.42693590092176,2996.7286520217667,0.0,0,-297.4760881539746,2653.4976165443536,343.2310354774153,150,10,831,640.0,800.0,"{'MFE': 64, 'MH': 42, 'TP': 33, 'MHx': 13, 'BE': 7, 'SN': 1}",2154.679710202364,110,2141.243699532155,842.0489418194057,50,855.4849524896117,26.127934306932048,24,26.127934306932275,978.9616321990492,978.9616321990491,224.13672770146954,224.13672770146877,670.7604024279236,670.7604024279233,166.8677233117275,166.86772331172642,929.8742320746672,929.8742320746669,26.127934306932048,26.127934306932275,141,118,19,18,73,45,2872.012510142232,-57.7603575436685,-304.8297469917075
fixed_joint,20,flat,2,189,4097.923443029968,4097.9,60.84656084656085,2.271026450228747,367.0761606251035,429.3839528971466,4097.923443029966,0.0,0,-367.0761606251035,2398.338138273056,1699.5853047569126,146,43,1008,756.0,945.0,"{'MFE': 65, 'TP': 55, 'MH': 45, 'MHx': 16, 'BE': 6, 'SN': 2}",3103.235219098624,128,3089.7992084284174,994.6882239313449,61,1008.1242346015483,-0.878743081775653,28,-0.8787430817765198,1124.5443350678752,1124.5443350678752,751.7312081777899,751.7312081777898,393.62253052237537,393.6225305223754,625.5186326087005,625.5186326087,1203.3854797350032,1203.3854797350018,-0.878743081775653,-0.8787430817765198,167,92,22,15,51,41,1753.5124722191467,-117.02452273973216,-262.87082871052996
fixed_joint,24,flat,2,206,3980.7856157219303,3980.76,57.76699029126213,2.091253696137476,347.4269359009236,393.5135390018513,3980.785615721927,0.0,0,-331.2057467298082,2442.8235470909967,1537.9620686309331,147,59,1155,824.0,1030.0,"{'MFE': 65, 'TP': 60, 'MH': 56, 'MHx': 16, 'BE': 8, 'SN': 1}",2929.2700455444237,139,2915.8340348742167,1051.515570177507,67,1064.9515808477104,58.62858504314572,29,58.628585043143175,1211.8664294273399,1211.8664294273399,691.0981789411679,691.0981789411683,307.7485260897351,307.7485260897349,546.6088122595932,546.608812259592,1164.8350839609489,1164.8350839609489,58.62858504314572,58.628585043143175,181,78,25,17,47,31,1918.3860934887066,-128.40242283470775,-203.75713465403237
fixed_joint,30,flat,2,224,4257.212831721671,4257.18,58.03571428571429,2.058279750573193,425.90761349629884,429.85029298701556,4257.212831721668,0.0,0,-363.50295801662696,2360.873227216468,1896.3396045052027,143,81,1289,896.0,1120.0,"{'TP': 71, 'MFE': 64, 'MH': 61, 'MHx': 16, 'BE': 10, 'SN': 2}",3145.6740340109654,146,3132.238023340759,1111.5387977107057,78,1124.9748083809095,71.29858798814719,34,71.2985879881453,1214.8157215118122,1214.8157215118122,609.675949501813,609.6759495018134,357.2919308278067,357.29193082780625,759.6451220561271,759.6451220561266,1244.485519835965,1244.4855198359646,71.29858798814719,71.2985879881453,201,58,23,17,34,24,1460.332073609041,-310.0292267146332,-203.75713465403234
fixed_joint,40,flat,2,243,4864.743289413214,4864.699999999999,58.8477366255144,2.09605000070288,303.06914195141235,364.6012171824086,4864.74328941321,0.0,0,-293.90288554549807,2755.992630981808,2108.7506584314056,142,101,1443,972.0,1215.0,"{'TP': 83, 'MH': 67, 'MFE': 63, 'MHx': 17, 'BE': 10, 'SN': 3}",3660.924599254617,158,3647.4885885844105,1203.8186901585975,85,1217.2547008287993,164.2389354528338,36,164.23893545283227,1231.5842894692864,1231.5842894692864,701.4176148542869,701.417614854287,827.2722135187047,827.272213518705,806.9740625858853,806.9740625858849,1133.256173532217,1133.2561735322142,164.2389354528338,164.23893545283227,218,41,25,14,24,17,1176.218785794641,-19.010910225029576,-171.35828126649236
fixed_joint,50,flat,2,250,5428.84713206599,5428.82,59.599999999999994,2.252715743636627,303.06914195141235,345.36472497430714,5428.8471320659855,0.0,0,-293.9028855454985,2795.287801628262,2633.5593304377267,141,109,1503,1000.0,1250.0,"{'TP': 89, 'MH': 70, 'MFE': 62, 'MHx': 17, 'BE': 10, 'SN': 2}",4081.140752799537,163,4067.7047421293314,1347.7063792664526,87,1361.1423899366541,164.2389354528338,36,164.23893545283227,1593.3253097169259,1593.3253097169263,805.1801180187491,805.1801180187499,986.2241331233434,986.224133123344,602.7347731140644,602.734773114064,1277.1438626400723,1277.143862640069,164.2389354528338,164.23893545283227,229,30,21,12,15,15,521.1510476017287,-73.50126853681182,-207.83181849484748
fixed_joint,75,flat,2,266,6094.421811468251,6094.39,59.02255639097744,2.3118196069732395,424.4838185448307,428.4264980355474,6094.421811468251,0.0,0,-328.1844855658319,2865.2817942184324,3229.140017249818,139,127,1624,1064.0,1330.0,"{'TP': 99, 'MH': 77, 'MFE': 62, 'MHx': 15, 'BE': 11, 'SN': 2}",4514.003107551758,170,4500.567096881554,1580.4187039164929,96,1593.854714586697,189.45276755177673,39,189.45276755177565,1651.366348945297,1651.3663489452974,871.1531590077026,871.1531590077038,845.9076172071624,845.9076172071627,1009.1445777930542,1009.1445777930567,1453.3601320891312,1453.3601320891285,263.4899764259028,263.48997642590166,245,14,21,6,7,7,-11.58440381780813,-116.25977391746343,-32.23408513147155
fixed_joint,125,flat,2,260,6053.397511301706,6053.349999999999,59.61538461538461,2.315965646383726,403.1023947155545,421.32629611272114,6053.397511301708,0.0,0,-345.51199756045025,2806.730321862774,3246.667189438933,123,137,1618,1040.0,1300.0,"{'TP': 102, 'MH': 74, 'MFE': 53, 'BE': 14, 'MHx': 14, 'SN': 3}",4327.500527558815,163,4314.06451688861,1725.896983742892,97,1739.3329944130974,521.7046775652956,39,521.7046775652943,1624.666184889587,1624.6661848895874,385.50622230400677,385.50622230400654,972.7692250481688,972.7692250481689,1237.268716079466,1237.2687160794703,1237.4452765410565,1237.4452765410542,595.7418864394217,595.7418864394203,245,14,15,10,8,6,226.6969443660663,-266.9993932287754,315.7625821971705
fixed_joint,150,flat,2,255,5505.153637008838,5505.09,58.82352941176471,2.1799136288095076,530.6053680136815,571.976473882653,5505.153637008836,0.0,0,-494.27758726590764,2394.4949733993835,3110.6586636094535,120,135,1592,1020.0,1275.0,"{'TP': 95, 'MH': 75, 'MFE': 51, 'MHx': 16, 'BE': 15, 'SN': 3}",4279.637000789678,160,4266.200990119473,1225.5166362191592,95,1238.9526468893628,277.0750034412459,39,277.0750034412449,1445.9756505974601,1445.9756505974606,454.1715203884968,454.17152038849713,1096.8398281584034,1096.8398281584034,1047.8568491096053,1047.8568491096075,1109.1975764394995,1109.1975764394965,351.1122123153719,351.1122123153709,232,27,23,10,15,12,341.7561549510499,-323.522971312281,-60.89850342720928
fixed_joint,200,flat,2,248,4543.1447736770915,4543.07,58.06451612903226,1.931560166306698,530.6053680136833,571.9764738826543,4543.144773677086,0.0,0,-494.277587265909,1669.4560760670151,2873.688697610076,110,138,1566,992.0,1240.0,"{'TP': 93, 'MH': 75, 'MFE': 48, 'MHx': 16, 'BE': 12, 'SN': 4}",3380.2968979759057,157,3366.8608873056996,1162.8478757011858,91,1176.2838863713864,242.72703628488858,35,242.7270362848849,1228.0205877877515,1228.020587787752,508.1992185523766,508.19921855237703,534.6284894498813,534.6284894498815,874.6554496501835,874.6554496501826,1080.8767830778834,1080.876783077882,316.7642451590146,316.7642451590109,216,43,32,16,26,17,1035.4762505003398,-344.49188797372085,-308.21835454822514
fixed_joint,250,flat,2,249,4686.747200435614,4686.709999999999,57.831325301204814,1.9599476002048748,468.1113597811459,491.6678024097773,4686.747200435611,0.0,0,-436.5919466042883,1739.0860911120828,2947.6611093235315,106,143,1551,996.0,1245.0,"{'TP': 97, 'MH': 76, 'MFE': 48, 'BE': 12, 'MHx': 12, 'SN': 4}",3431.0122905642593,161,3417.5762798940527,1255.7349098713555,88,1269.1709205415586,98.51978629838088,35,98.51978629837868,1241.435007538716,1241.435007538716,526.4105915555363,526.4105915555365,547.3406847613032,547.3406847613037,1041.9577974610413,1041.9577974610397,1157.0461239465108,1157.0461239465108,172.55699517250702,172.55699517250468,216,43,33,14,27,16,1212.5977079957618,-8.920535042833485,-323.0658232251677
fixed_joint,300,flat,2,250,4359.851462889505,4359.82,57.99999999999999,1.8944377882258363,474.8684996763209,498.4249423049523,4359.851462889499,0.0,0,-443.3490864994633,1314.9893225505405,3044.8621403389643,107,143,1556,1000.0,1250.0,"{'TP': 96, 'MH': 75, 'MFE': 49, 'BE': 13, 'MHx': 13, 'SN': 4}",3270.931242869843,159,3257.495232199636,1088.920220019662,91,1102.356230689863,34.439512021884326,37,34.439512021881455,1028.7880277293891,1028.7880277293891,658.8230912814706,658.8230912814711,644.4577790847896,644.45777908479,858.2369956313561,858.2369956313541,1061.068848266489,1061.0688482664873,108.47672089601046,108.47672089600746,216,43,34,20,25,18,1429.8012017828084,-125.08531225007776,-316.5932897769862
fixed_gate_only,100,flat,2,259,6231.331266699377,6231.280000000001,59.84555984555985,2.4136967713139423,409.2909131705119,432.84735579914286,6231.331266699379,0.0,0,-377.7714999936543,2971.5332371462528,3259.7980295531233,132,127,1571,1036.0,1295.0,"{'TP': 100, 'MH': 73, 'MFE': 59, 'MHx': 13, 'BE': 12, 'SN': 2}",4679.914661461889,170,4666.478650791686,1551.4166052374876,89,1564.8526159076928,224.31665053552484,37,224.31665053552388,1832.1795944958671,1832.1795944958676,686.1195373081524,686.1195373081532,878.4015963540655,878.4015963540655,1143.6642516330153,1143.6642516330185,1392.612427498626,1392.6124274986241,298.3538594096509,298.3538594096499,259,0,0,0,0,0,0.0,0.0,0.0
fixed_gate_only,10,flat,2,161,3201.117331829928,3201.09,55.27950310559007,2.1728568710866147,354.66610941157796,358.0895305082945,3201.117331829925,0.0,0,-278.5237985681224,2819.76792896232,381.34940286760764,151,10,842,644.0,805.0,"{'MFE': 68, 'MH': 43, 'TP': 32, 'MHx': 10, 'BE': 7, 'SN': 1}",2357.0473459321147,110,2343.611335261907,844.0699858978131,51,857.5059965680184,21.943273806026014,24,21.943273806025445,1012.0545067109815,1012.0545067109814,166.01460986648863,166.01460986648806,739.0870114011838,739.0870114011832,361.8084072865624,361.808407286562,900.2095227586854,900.2095227586851,21.943273806026014,21.943273806025445,142,117,19,0,73,44,2878.4486266855165,-151.7653081839328,0.0
fixed_gate_only,20,flat,2,193,4402.015930418109,4401.97,59.58549222797927,2.358591696042656,354.6661094115789,393.5135390018513,4402.015930418104,0.0,0,-331.2057467298082,2671.0473995745474,1730.9685308435621,150,43,1031,772.0,965.0,"{'MFE': 68, 'TP': 56, 'MH': 47, 'MHx': 12, 'BE': 8, 'SN': 2}",3340.8337340662056,131,3327.397723395997,1061.1821963519042,62,1074.618207022107,-5.06340358268163,28,-5.06340358268244,1143.6073415241553,1143.6073415241553,693.6090903428088,693.6090903428087,511.20988678911806,511.2098867891166,820.4593165835354,820.4593165835349,1238.1936987611734,1238.1936987611712,-5.06340358268163,-5.06340358268244,171,88,22,0,49,39,1618.2858629012715,-211.0294733799965,0.0
fixed_gate_only,24,flat,2,209,4235.587868726885,4235.55,56.9377990430622,2.1436196357009707,354.6661094115789,393.5135390018513,4235.587868726881,0.0,0,-331.2057467298082,2671.0473995745474,1564.540469152338,150,59,1161,836.0,1045.0,"{'MFE': 68, 'TP': 61, 'MH': 58, 'MHx': 13, 'BE': 8, 'SN': 1}",3157.236539756633,142,3143.8005290864257,1078.351328970252,67,1091.7873396404557,38.65378675704768,29,38.65378675704687,1231.3693655582092,1231.3693655582092,632.9760611061871,632.9760611061872,425.33588235647767,425.3358823564761,695.6071319091716,695.6071319091716,1211.645641039792,1211.6456410397905,38.65378675704768,38.65378675704687,184,75,25,0,45,30,1776.7233676275468,-219.02003034494538,0.0
fixed_gate_only,30,flat,2,227,4570.137202561607,4570.089999999999,57.70925110132159,2.129398847043946,433.1467870069537,437.0894664976704,4570.137202561604,0.0,0,-363.50295801662696,2647.219197534999,1922.9180050266075,146,81,1296,908.0,1135.0,"{'TP': 73, 'MFE': 67, 'MH': 62, 'MHx': 13, 'BE': 10, 'SN': 2}",3431.762646058156,149,3418.3266353879494,1138.3745565034508,78,1151.8105671736544,51.323789702049126,34,51.32378970204809,1234.3186576426815,1234.3186576426815,609.675949501813,609.6759495018134,474.87928709454934,474.8792870945488,908.6434417057055,908.6434417057053,1291.2960769148085,1291.2960769148067,51.323789702049126,51.32378970204809,204,55,23,0,32,23,1318.6693477478811,-342.5247163898899,0.0
fixed_gate_only,40,flat,2,243,4938.922321692,4938.879999999999,58.8477366255144,2.1185795569636032,292.3293753928501,351.51771341308995,4938.922321691995,0.0,0,-293.90288554549807,2841.7116301293813,2097.2106915626177,142,101,1438,972.0,1215.0,"{'TP': 84, 'MH': 66, 'MFE': 66, 'MHx': 14, 'BE': 10, 'SN': 3}",3724.0159859809646,158,3710.5799753107576,1214.9063357110358,85,1228.3423463812378,162.2430772359533,36,162.24307723595211,1251.0872256001562,1251.0872256001562,701.4176148542869,701.417614854287,721.8623444646042,721.8623444646037,955.972382235464,955.9723822354636,1146.3396773015356,1146.339677301533,162.2430772359533,162.24307723595211,218,41,25,0,24,17,1176.218785794641,-116.19015921273618,0.0
fixed_gate_only,50,flat,2,250,5563.836145637931,5563.799999999999,59.599999999999994,2.2977400679867266,301.3642660763021,345.3647249743062,5563.836145637929,0.0,0,-293.90288554549807,2941.8167820689905,2622.019363568939,141,109,1495,1000.0,1250.0,"{'TP': 90, 'MH': 69, 'MFE': 64, 'MHx': 15, 'BE': 10, 'SN': 2}",4206.123286535685,163,4192.687275865479,1357.7128591022451,87,1371.1488697724499,162.2430772359533,36,162.24307723595211,1637.1646899125953,1637.1646899125958,805.1801180187491,805.1801180187499,918.3689670142439,918.3689670142439,751.7330927636428,751.733092763644,1289.146200692745,1289.1462006927432,162.2430772359533,162.24307723595211,229,30,21,0,15,15,521.1510476017287,-146.3440734597187,0.0
fixed_gate_only,75,flat,2,266,6154.379683794548,6154.34,59.3984962406015,2.3432546394283715,424.4838185448307,428.4264980355474,6154.379683794549,0.0,0,-328.1844855658319,2919.972541680014,3234.407142114534,139,127,1619,1064.0,1330.0,"{'TP': 99, 'MH': 75, 'MFE': 63, 'MHx': 16, 'BE': 11, 'SN': 2}",4579.081111600623,170,4565.645100930419,1575.2985721939249,96,1588.73458286413,172.33029777653582,39,172.3302977765352,1676.1427226846859,1676.1427226846863,872.008222005003,872.008222005004,885.354184519339,885.354184519339,1009.1445777930542,1009.1445777930567,1465.3624701418044,1465.362470141802,246.36750665066188,246.3675066506612,245,14,21,0,7,7,-11.58440381780813,-88.53598672263695,0.0
fixed_gate_only,125,flat,2,261,6012.343586235791,6012.3,59.38697318007663,2.295406852898412,409.2909131705119,432.84735579914286,6012.343586235789,0.0,0,-377.7714999936543,2809.018463436846,3203.3251227989435,124,137,1611,1044.0,1305.0,"{'TP': 102, 'MH': 76, 'MFE': 53, 'MHx': 15, 'BE': 12, 'SN': 3}",4544.130735797249,166,4530.694725127044,1468.2128504385416,95,1481.6488611087452,239.37391256575353,38,239.3739125657521,1624.666184889587,1624.6661848895874,627.4875530864794,627.4875530864797,972.7692250481688,972.7692250481682,1179.6580911022243,1179.6580911022274,1294.351410669451,1294.3514106694483,313.4111214398796,313.4111214398781,248,11,13,0,5,6,-23.038439618641675,-242.02612008222897,0.0
fixed_gate_only,150,flat,2,256,5743.412380322796,5743.359999999999,58.59375,2.229931537085559,523.2085604136219,564.5796662825933,5743.412380322796,0.0,0,-526.5370896991108,2561.4451719762938,3181.967208346502,121,135,1602,1024.0,1280.0,"{'TP': 97, 'MH': 77, 'MFE': 50, 'MHx': 16, 'BE': 13, 'SN': 3}",4487.611858542962,162,4474.175847872757,1255.8005217798338,94,1269.2365324500388,277.0750034412459,39,277.0750034412449,1445.9756505974601,1445.9756505974606,578.484143174265,578.484143174265,1143.944291998223,1143.9442919982228,1052.1551178040977,1052.1551178041009,1171.7409644333775,1171.7409644333757,351.1122123153719,351.1122123153709,233,26,23,0,14,12,161.16837324234024,-326.75051313424126,0.0
fixed_gate_only,200,flat,2,248,5094.524597714666,5094.450000000001,58.06451612903226,2.0738597713531983,523.2085604136237,564.5796662825946,5094.524597714662,0.0,0,-526.5370896991121,2187.2970009866563,2907.22759672801,110,138,1577,992.0,1240.0,"{'TP': 96, 'MH': 77, 'MFE': 47, 'MHx': 15, 'BE': 10, 'SN': 3}",3813.14325541133,158,3799.707244741124,1281.3813423033366,90,1294.8173529735382,330.97661732636465,35,330.9766173263615,1228.0205877877515,1228.020587787752,681.0329470588509,681.032947058851,599.0130771715951,599.0130771715956,1038.023988424216,1038.023988424216,1143.4201710717616,1143.4201710717603,405.01382620049077,405.01382620048753,217,42,31,0,25,17,854.8884687916302,-281.9182001930807,0.0
fixed_gate_only,250,flat,2,245,4797.055541602506,4796.99,57.14285714285714,1.996764393965546,556.4287539036018,597.7998597725727,4797.0555416025045,0.0,0,-520.1009731558274,2058.7055358292396,2738.3500057732667,106,139,1555,980.0,1225.0,"{'TP': 94, 'MH': 80, 'MFE': 47, 'MHx': 12, 'BE': 9, 'SN': 3}",3691.721311386358,161,3678.2853007161525,1105.3342302161484,84,1118.770240886352,179.59422447731134,35,179.59422447730958,1228.0205877877515,1228.020587787752,514.974762724663,514.9747627246632,611.7252724830172,611.7252724830175,1076.384149965295,1076.384149965295,1112.3193352903418,1112.3193352903413,253.63143335143747,253.6314333514356,213,46,32,0,30,16,1382.024934961768,-52.25079013510306,0.0
fixed_gate_only,300,flat,2,248,4502.676835603979,4502.6,57.25806451612904,1.9308018266794118,556.4287539036018,597.7998597725727,4502.676835603975,0.0,0,-520.1009731558274,1718.1760327670304,2784.5008028369475,107,141,1585,992.0,1240.0,"{'TP': 94, 'MH': 81, 'MFE': 48, 'MHx': 13, 'BE': 9, 'SN': 3}",3532.376082997119,159,3518.9400723269127,970.3007526068593,89,983.736763277062,83.93426161890464,37,83.93426161890329,1015.3736079784248,1015.3736079784248,622.6663297462634,622.666329746264,744.3710692459757,744.3710692459761,889.3485376008239,889.348537600823,1072.9458205394599,1072.9458205394576,157.97147049303078,157.9714704930293,213,46,35,0,28,18,1599.2284287488148,-129.42600234658414,0.0
scaled_joint,100,flat,2,259,6231.331266699377,6231.280000000001,59.84555984555985,2.4136967713139423,409.2909131705119,432.84735579914286,6231.331266699379,0.0,0,-377.7714999936543,2971.5332371462528,3259.7980295531233,132,127,1571,1036.0,1295.0,"{'TP': 100, 'MH': 73, 'MFE': 59, 'MHx': 13, 'BE': 12, 'SN': 2}",4679.914661461889,170,4666.478650791686,1551.4166052374876,89,1564.8526159076928,224.31665053552484,37,224.31665053552388,1832.1795944958671,1832.1795944958676,686.1195373081524,686.1195373081532,878.4015963540655,878.4015963540655,1143.6642516330153,1143.6642516330185,1392.612427498626,1392.6124274986241,298.3538594096509,298.3538594096499,259,0,0,0,0,0,0.0,0.0,0.0
scaled_joint,10,flat,2,252,5206.307498529513,5206.27,58.333333333333336,2.1386836957899353,426.31030287213525,464.35287945561777,5206.3074985295125,0.0,0,-426.31030287213525,2529.308630883699,2676.9988676458133,126,126,1581,1008.0,1260.0,"{'TP': 91, 'MH': 71, 'MFE': 57, 'BE': 17, 'MHx': 14, 'SN': 2}",4447.827408580572,164,4434.391397910368,758.4800899489406,88,771.9161006191443,9.089270758871038,35,9.089270758869134,1667.889796099003,1667.889796099003,521.8158207534597,521.8158207534611,1209.0550168513441,1209.0550168513446,782.01411990785,782.0141199078516,942.4062652848593,942.406265284857,83.12647963299723,83.12647963299514,220,39,32,13,20,19,664.3876706356773,-147.6156911833295,-213.02040635085746
scaled_joint,20,flat,2,260,5329.140503636378,5329.120000000001,57.692307692307686,2.090202711772966,473.6215459858008,514.9926518547722,5329.140503636376,0.0,0,-476.95007527128973,2805.8933914917407,2523.2471121446374,132,128,1613,1040.0,1300.0,"{'TP': 93, 'MH': 74, 'MFE': 60, 'BE': 17, 'MHx': 14, 'SN': 2}",4019.7531751676784,169,4006.317164497474,1309.387328468699,91,1322.8233391389017,492.47785344833295,37,492.4778534483321,1617.4647392178222,1617.4647392178222,475.3377582165744,475.33775821657537,961.9029343833165,961.9029343833167,697.99508838105,697.9950883810502,1009.9249211151555,1009.9249211151532,566.515062322459,566.5150623224581,229,30,31,12,17,13,601.8120880830526,-297.9645777249414,-2.4140972550057427
scaled_joint,24,flat,2,262,5522.440377111465,5522.42,58.01526717557252,2.1314201727096664,473.62154598580037,514.9926518547718,5522.440377111466,0.0,0,-476.9500752712893,2819.9479500072575,2702.4924271042078,131,131,1619,1048.0,1310.0,"{'TP': 95, 'MH': 77, 'MFE': 58, 'MHx': 16, 'BE': 14, 'SN': 2}",4261.595114501964,173,4248.15910383176,1260.8452626095013,89,1274.2812732797056,500.72317236812904,36,500.72317236812796,1686.1876646310893,1686.1876646310898,648.4567721375925,648.4567721375934,961.9029343833165,961.9029343833167,697.99508838105,697.9950883810516,1027.1747452102877,1027.1747452102863,500.72317236812904,500.72317236812796,233,26,29,9,15,11,468.0516177323773,-229.2630789980269,-11.576192857508033
scaled_joint,30,flat,2,266,5639.046985062002,5639.03,58.64661654135338,2.1547843040762737,473.62154598580037,514.9926518547718,5639.046985062002,0.0,0,-476.9500752712893,2818.0738920557646,2820.9730930062374,131,135,1658,1064.0,1330.0,"{'TP': 97, 'MH': 77, 'MFE': 58, 'MHx': 17, 'BE': 15, 'SN': 2}",4218.5011622155835,172,4205.06515154538,1420.5458228464183,94,1433.981833516622,500.72317236812904,36,500.72317236812796,1796.2795592275165,1796.2795592275165,639.6511795092797,639.6511795092806,961.9029343833165,961.9029343833163,553.6148341265555,553.614834126558,1186.875305447205,1186.8753054472027,500.72317236812904,500.72317236812796,233,26,33,9,14,12,423.5851579303443,-157.12293084952285,-11.576192857508033
scaled_joint,40,flat,2,259,5525.130826970958,5525.110000000001,57.91505791505791,2.1478579925846595,473.62154598579946,514.9926518547709,5525.13082697096,0.0,0,-476.95007527128837,2621.7787069634187,2903.3521200075397,129,130,1617,1036.0,1295.0,"{'TP': 96, 'MH': 75, 'MFE': 57, 'BE': 15, 'MHx': 14, 'SN': 2}",4579.816387703172,171,4566.380377032968,945.3144392677868,88,958.750449937992,210.71061042968756,35,210.7106104296863,1779.0242647559407,1779.0242647559412,643.0274665566011,643.0274665566017,1022.8367301440037,1022.8367301440039,867.8752712777105,867.8752712777132,927.6192749328889,927.6192749328875,284.7478193038136,284.7478193038123,235,24,24,10,14,10,437.24940480882253,-125.14161666536036,-143.8094182542359
scaled_joint,50,flat,2,268,6009.469473895445,6009.450000000001,59.32835820895522,2.257848064731169,359.7038987426895,371.9204429522897,6009.469473895447,0.0,0,-328.1844855658319,2823.4647232860175,3186.004750609427,132,136,1651,1072.0,1340.0,"{'TP': 102, 'MH': 75, 'MFE': 59, 'BE': 16, 'MHx': 14, 'SN': 2}",4640.7831873601845,172,4627.347176689981,1368.68628653526,96,1382.1222972054657,284.72038972189665,35,284.720389721896,1753.6507772873324,1753.6507772873324,718.7809640968993,718.7809640969003,1008.6294665079777,1008.6294665079777,1023.2905748694344,1023.2905748694375,1146.3600925377787,1146.3600925377768,358.7575985960227,358.75759859602204,239,20,29,10,8,12,16.78600812961048,-71.56620330405875,-133.50958137026362
scaled_joint,75,flat,2,267,6085.456440404243,6085.41,58.80149812734082,2.2824223808262367,409.2909131705119,421.5074573801121,6085.456440404244,0.0,0,-377.7714999936543,2900.2692488455586,3185.1871915586844,131,136,1641,1068.0,1335.0,"{'TP': 102, 'MH': 78, 'MFE': 58, 'MHx': 14, 'BE': 13, 'SN': 2}",4517.470273251042,173,4504.034262580838,1567.9861671532,94,1581.422177823406,206.09458065126336,36,206.09458065126364,1753.007205145736,1753.0072051457364,737.26167870435,737.2616787043503,955.6755344263911,955.6755344263916,935.0944503760243,935.0944503760265,1424.2857822263522,1424.2857822263495,280.1317895253894,280.13178952538965,249,10,18,4,6,4,41.02193765568884,-41.461517701495495,-63.391370937950086
scaled_joint,125,flat,2,257,6220.3564789378215,6220.3,60.311284046692606,2.4290857025760606,366.53592739842406,421.32629611272114,6220.356478937821,0.0,0,-335.01651422156647,2912.0456322927785,3308.310846645042,129,128,1572,1028.0,1285.0,"{'TP': 99, 'MH': 71, 'MFE': 58, 'BE': 13, 'MHx': 13, 'SN': 3}",4756.140518792228,166,4742.704508122024,1464.2159601455928,91,1477.6519708157966,206.92123819817084,36,206.9212381981697,1763.9552435879496,1763.95524358795,739.0259648475263,739.0259648475267,908.4048971087524,908.4048971087518,1278.83404971563,1278.8340497156332,1249.177876605666,1249.1778766056632,280.95844707229696,280.9584470722957,246,13,11,5,4,9,-277.28237063304744,-316.53664098245673,28.279482587852932
scaled_joint,150,flat,2,253,6559.106409993228,6559.029999999999,60.86956521739131,2.6048301342328526,360.09981085513937,421.32629611272114,6559.106409993228,0.0,0,-325.87200047671195,2656.376629607336,3902.7297803858924,126,127,1554,1012.0,1265.0,"{'TP': 100, 'MH': 69, 'MFE': 55, 'BE': 14, 'MHx': 13, 'SN': 2}",4775.952698962779,163,4762.516688292575,1783.1537110304494,90,1796.5897217006532,385.6406515520859,35,385.6406515520848,1728.6992663156357,1728.6992663156361,498.9235340923839,498.9235340923842,1195.6981490303951,1195.6981490303951,1358.8468555302065,1358.8468555302097,1317.2607445983945,1317.2607445983922,459.6778604262121,459.6778604262108,235,24,18,7,10,14,-152.58914519875964,150.43054444273633,24.75545365235483
scaled_joint,200,flat,2,252,5304.68348639881,5304.620000000001,58.333333333333336,2.1504354909740018,553.7203567020315,595.0914625710029,5304.683486398806,0.0,0,-517.3925759542576,2426.3064622808306,2878.377024117979,129,123,1560,1008.0,1260.0,"{'TP': 93, 'MH': 74, 'MFE': 58, 'BE': 12, 'MHx': 12, 'SN': 3}",4056.557510041832,162,4043.121499371626,1248.1259763569776,90,1261.5619870271798,350.292893189264,36,350.29289318926203,1383.4567986467086,1383.456798646709,524.9369138577973,524.9369138577979,992.0854737937725,992.0854737937723,898.1701825194921,898.1701825194918,1081.7040155176487,1081.704015517647,424.3301020633902,424.33010206338804,225,34,27,10,21,13,622.0108507516571,-140.44523338197604,-164.19169616693435
scaled_joint,250,flat,2,249,4224.613587367671,4224.56,57.028112449799195,1.8552837763325223,553.720356702032,595.0914625710029,4224.613587367669,0.0,0,-517.3925759542576,1916.5385658624748,2308.075021505196,127,122,1559,996.0,1245.0,"{'TP': 88, 'MH': 75, 'MFE': 58, 'BE': 12, 'MHx': 12, 'SN': 4}",3244.3669483236795,155,3230.930937653474,980.2466390439919,94,993.6826497141956,177.12532513503027,40,177.12532513502902,1176.070276153654,1176.070276153654,262.6783119515752,262.6783119515758,649.0342021857126,649.0342021857132,898.676016808676,898.6760168086757,986.9922462588964,986.9922462588956,251.1625340091564,251.16253400915502,218,41,31,12,27,14,1426.9512200477538,-257.0785004467604,-322.68795883719184
scaled_joint,300,flat,2,250,3992.9170389041747,3992.89,56.39999999999999,1.79825872796137,553.720356702032,595.0914625710029,3992.9170389041724,0.0,0,-517.3925759542576,1956.7801162074243,2036.1369226967506,132,118,1572,1000.0,1250.0,"{'TP': 84, 'MH': 76, 'MFE': 61, 'MHx': 13, 'BE': 12, 'SN': 4}",3224.095629734807,156,3210.659619064601,768.8214091693678,94,782.2574198395714,-54.63737505758672,40,-54.63737505758718,1233.6705840480936,1233.670584048094,425.71815181714885,425.71815181714896,603.6380230173421,603.6380230173424,703.1607296281611,703.1607296281604,1007.3297165768895,1007.3297165768877,19.399833816539413,19.39983381653883,214,45,36,8,30,15,1665.4835288754027,-238.59769817708292,-334.3330007427173
fixed_joint,100,flat,5,263,5761.935715932777,5761.96,58.935361216730044,2.237089178339487,429.2335240003795,455.1683738530055,5761.93571593278,0.0,0,-401.27404164906875,2803.3012157620915,2958.634500170686,136,127,1598,1052.0,1315.0,"{'TP': 99, 'MH': 78, 'MFE': 61, 'MHx': 13, 'BE': 10, 'SN': 2}",4338.683026568831,175,4324.051044687433,1423.252689363946,88,1437.884671245347,150.07043287763852,37,150.0704328776401,1697.4169995388802,1697.4169995388806,726.7576556416599,726.7576556416598,772.3055569330849,772.3055569330845,989.904702575926,989.9047025759269,1353.7940426661785,1353.794042666179,221.75675857704815,221.75675857704937,263,0,0,0,0,0,0.0,0.0,0.0
fixed_joint,10,flat,5,167,2544.0372044190253,2544.0400000000004,54.49101796407185,1.7905671211975698,376.1422187221119,378.9241865975396,2544.0372044190267,0.0,0,-315.3430554503161,2224.5533568514124,319.483847567613,157,10,865,668.0,835.0,"{'MFE': 67, 'MH': 48, 'TP': 33, 'MHx': 13, 'BE': 4, 'SN': 2}",1864.3631476597304,117,1849.731165778331,679.6740567592954,50,694.3060386406958,-31.66756028087002,24,-31.66756028086911,914.8490777757462,914.8490777757462,142.86349514806454,142.86349514806477,594.1175561966033,594.1175561966033,91.43410890281521,91.43410890281484,832.4405266766667,832.4405266766667,-31.66756028087002,-31.66756028086911,146,117,21,20,72,45,2601.009407326793,-265.5302291683488,-351.35887501860987
fixed_joint,20,flat,5,195,3592.500861319485,3592.5,58.97435897435898,2.003607198685051,386.3028346751448,450.91399359023944,3592.5008613194864,0.0,0,-386.19669002069986,1992.70937181197,1599.7914895075153,152,43,1035,780.0,975.0,"{'MFE': 67, 'TP': 55, 'MH': 50, 'MHx': 16, 'BE': 4, 'SN': 3}",2754.736179746742,134,2740.1041978653434,837.764681572743,61,852.396663454143,-66.08688451963559,28,-66.08688451963508,1053.3163641373724,1053.3163641373726,630.9191331486151,630.9191331486147,319.4917702414641,319.49177024146456,533.5930595085649,533.5930595085654,1121.2674188031044,1121.2674188031042,-66.08688451963559,-66.08688451963508,172,91,23,17,50,41,1551.817476025058,-345.73338852141194,-271.88399006682226
fixed_joint,24,flat,5,211,3441.1616650229967,3441.1600000000003,56.39810426540285,1.8542727369682057,376.1422187221119,408.63283945956755,3441.1616650229976,0.0,0,-343.91553589002797,2043.6003534180516,1397.5613116049449,152,59,1175,844.0,1055.0,"{'MFE': 67, 'MH': 61, 'TP': 60, 'MHx': 16, 'BE': 5, 'SN': 2}",2554.318088567833,145,2539.6861066864344,886.8435764551629,66,901.4755583365632,-11.134335472172886,29,-11.134335472172552,1135.900229811025,1135.900229811025,563.0637566680442,563.0637566680441,228.77558826868466,228.77558826868471,451.4438152400257,451.4438152400264,1073.1126105073902,1073.11261050739,-11.134335472172886,-11.134335472172552,185,78,26,19,46,32,1741.4892166483578,-366.4992492685677,-212.78558499285566
fixed_joint,30,flat,5,229,3714.0495551279737,3714.0600000000004,56.33187772925764,1.840407151915259,457.06531769469893,459.80918058096086,3714.0495551279746,0.0,0,-378.6274501559833,1971.317904340995,1742.7316507869784,148,81,1311,916.0,1145.0,"{'TP': 71, 'MH': 66, 'MFE': 66, 'MHx': 16, 'BE': 7, 'SN': 3}",2719.1024941751375,152,2704.4705122937385,994.9470609528362,77,1009.5790428342361,-10.433322419269636,34,-10.433322419269189,1096.5473227038933,1096.5473227038933,486.5190773051754,486.5190773051752,273.55809030269927,273.5580903026994,652.6313910173601,652.631391017361,1215.2269962181153,1215.226996218115,-10.433322419269636,-10.433322419269189,205,58,24,19,34,24,1293.9765303716592,-541.1240454402888,-212.78558499285566
fixed_joint,40,flat,5,248,4273.199887909269,4273.23,57.25806451612904,1.8806157759278328,334.2194797389302,417.63414987590113,4273.199887909273,0.0,0,-307.77381558559955,2363.650260028381,1909.5496278808878,147,101,1466,992.0,1240.0,"{'TP': 83, 'MH': 72, 'MFE': 65, 'MHx': 17, 'BE': 7, 'SN': 4}",3202.791613067083,164,3188.159631185684,1070.4082748421858,84,1085.0402567235888,77.70580952641532,36,77.7058095264183,1108.3396593653986,1108.3396593653988,571.1298476752775,571.129847675277,731.5174686410403,731.5174686410408,687.8026394057295,687.8026394057301,1096.7044632954075,1096.7044632954075,77.70580952641532,77.7058095264183,222,41,26,15,24,17,1048.42540393733,-254.995274697511,-185.31514938866786
fixed_joint,50,flat,5,255,4801.6392543510865,4801.68,58.03921568627452,2.0103976224525097,334.2194797389302,385.36804770944764,4801.639254351092,0.0,0,-307.77381558559955,2413.4135578439036,2388.2256965071847,146,109,1527,1020.0,1275.0,"{'TP': 88, 'MH': 75, 'MFE': 64, 'MHx': 17, 'BE': 8, 'SN': 3}",3592.0488669408564,169,3577.416885059458,1209.5903874102305,86,1224.222369291634,77.70580952641532,36,77.7058095264183,1463.3517570232536,1463.3517570232534,670.1639893603589,670.1639893603592,871.0903530037492,871.090353003749,483.440769573858,483.44076957385914,1235.8865758634524,1235.886575863453,77.70580952641532,77.7058095264183,233,30,22,13,15,15,436.51425460897485,-302.0153979169494,-221.76680905576595
fixed_joint,75,flat,5,271,5447.477065512421,5447.51,57.93357933579336,2.072052618913699,460.5105523994789,465.15139656296196,5447.477065512423,0.0,0,-349.2619472460892,2506.428965541887,2941.048099970534,144,127,1653,1084.0,1355.0,"{'TP': 98, 'MH': 81, 'MFE': 64, 'MHx': 15, 'BE': 10, 'SN': 3}",4026.6107055965604,176,4011.978723715161,1420.8663599158608,95,1435.4983417972621,95.73066602311746,39,95.73066602311974,1516.6141180467098,1516.6141180467098,752.584907699615,752.5849076996151,730.2581360951118,730.2581360951117,877.9755804759793,877.9755804759798,1402.6273314724783,1402.6273314724776,167.41699172252734,167.41699172252902,249,14,22,6,7,7,-58.21583267163936,-325.83137866962164,-46.843104422374154
fixed_joint,125,flat,5,262,5644.334988818917,5644.33,58.778625954198475,2.178478095674535,406.1046621554824,440.44249124024054,5644.3349888189205,0.0,0,-378.1451798041717,2693.1374356494853,2951.197553169433,126,136,1627,1048.0,1310.0,"{'TP': 101, 'MH': 77, 'MFE': 55, 'MHx': 14, 'BE': 12, 'SN': 3}",4012.6253566016044,168,3997.9933747202062,1631.709632217313,94,1646.3416140987142,444.682988994406,39,444.6829889944074,1508.8213788731273,1508.8213788731273,428.70220211574053,428.70220211573974,869.1525182571977,869.1525182571988,1076.7800073211552,1076.7800073211565,1244.5095675578812,1244.5095675578814,516.3693146938157,516.3693146938167,249,14,13,10,8,6,192.70087937023555,-240.56061387729892,315.66076613367426
fixed_joint,150,flat,5,257,5173.206554183345,5173.200000000001,57.97665369649806,2.0667157554772273,522.4859993402902,563.8695227497924,5173.206554183346,0.0,0,-524.6155276840941,2288.363390750234,2884.8431634331123,123,134,1604,1028.0,1285.0,"{'TP': 94, 'MH': 78, 'MFE': 53, 'MHx': 16, 'BE': 13, 'SN': 3}",4031.3981559362915,165,4016.7661740548915,1141.8083982470541,92,1156.4403801284548,200.2546499886454,39,200.25464998864663,1334.9888412791581,1334.9888412791584,502.1993494170314,502.19934941703036,1050.2067580431628,1050.2067580431637,892.0450967857361,892.045096785736,1121.8255329702022,1121.825532970202,271.9409756880552,271.9409756880559,236,27,21,10,15,12,276.5153958149382,-251.30855928521885,-60.90520664927459
fixed_joint,200,flat,5,250,4245.78449360931,4245.75,57.199999999999996,1.8380615735527703,522.4859993402906,563.8695227497928,4245.784493609311,0.0,0,-524.6155276840946,1580.1385025171624,2665.6459910921476,113,137,1578,1000.0,1250.0,"{'TP': 93, 'MH': 77, 'MFE': 50, 'MHx': 16, 'BE': 10, 'SN': 4}",3171.639599315609,162,3157.007617434209,1074.1448942937016,88,1088.7768761751017,160.90382479026385,35,160.90382479026584,1119.2823005185023,1119.282300518502,553.8641550957745,553.8641550957741,525.2576504804308,525.2576504804313,721.2773828096979,721.2773828096983,1093.5128542152313,1093.5128542152293,232.5901504896735,232.59015048967558,220,43,30,17,26,17,921.213380284467,-293.89595544394257,-301.04188659505786
fixed_joint,250,flat,5,253,4363.3976073103895,4363.400000000001,56.916996047430835,1.8559091484661838,496.9245716809942,522.8594215336198,4363.397607310392,0.0,0,-468.9650893296848,1659.6475612395739,2703.750046070815,110,143,1579,1012.0,1265.0,"{'TP': 97, 'MH': 79, 'MFE': 50, 'MHx': 12, 'BE': 11, 'SN': 4}",3212.67009930755,166,3198.0381174261497,1150.72750800284,87,1165.3594898842425,16.670277122451687,35,16.670277122454536,1132.7047713374427,1132.7047713374425,571.9989915945407,571.9989915945403,530.7201529895103,530.7201529895103,881.8336664358851,881.8336664358853,1157.7834221311498,1157.78342213115,88.35660282186137,88.35660282186382,221,42,32,16,27,15,1107.2792546870241,15.473956671633822,-306.73281060699753
fixed_joint,300,flat,5,250,3736.2270622045567,3736.21,56.39999999999999,1.7340407985262085,526.5839810782231,565.8379761439214,3736.227062204557,0.0,0,-505.8152954209663,1225.3134772472742,2510.9135849572826,111,139,1566,1000.0,1250.0,"{'TP': 91, 'MH': 78, 'MFE': 51, 'MHx': 13, 'BE': 13, 'SN': 4}",3024.5723305936754,164,3009.940348712277,711.6547316108811,86,726.2867134922803,-52.20063257650864,37,-52.20063257650963,927.4349670406772,927.4349670406774,706.8862815048433,706.8862815048429,590.068891579172,590.0688915791727,567.0243123209085,567.0243123209088,925.3269166360546,925.3269166360551,19.485693122900976,19.485693122900102,218,45,32,22,28,17,1586.1694998834835,-131.29490282417396,-308.2442510205634
fixed_gate_only,100,flat,5,263,5761.935715932777,5761.96,58.935361216730044,2.237089178339487,429.2335240003795,455.1683738530055,5761.93571593278,0.0,0,-401.27404164906875,2803.3012157620915,2958.634500170686,136,127,1598,1052.0,1315.0,"{'TP': 99, 'MH': 78, 'MFE': 61, 'MHx': 13, 'BE': 10, 'SN': 2}",4338.683026568831,175,4324.051044687433,1423.252689363946,88,1437.884671245347,150.07043287763852,37,150.0704328776401,1697.4169995388802,1697.4169995388806,726.7576556416599,726.7576556416598,772.3055569330849,772.3055569330845,989.904702575926,989.9047025759269,1353.7940426661785,1353.794042666179,221.75675857704815,221.75675857704937,263,0,0,0,0,0,0.0,0.0,0.0
fixed_gate_only,10,flat,5,167,2801.4475148575766,2801.44,53.89221556886228,1.914333221396148,383.3851388188982,388.0259829823817,2801.447514857576,0.0,0,-300.0744631545599,2443.8224220136835,357.62509284389307,157,10,872,668.0,835.0,"{'MFE': 71, 'MH': 48, 'TP': 32, 'MHx': 10, 'BE': 4, 'SN': 2}",2069.2469889020986,117,2054.615007020699,732.2005259554779,50,746.8325078368771,-21.221363325367776,24,-21.221363325367747,942.967376166937,942.967376166937,84.77624012842645,84.7762401284266,669.9954975354044,669.9954975354044,292.69011956550156,292.6901195655007,832.2396447866755,832.2396447866752,-21.221363325367776,-21.221363325367747,146,117,21,0,72,45,2601.009407326793,-359.4787937484077,0.0
fixed_gate_only,20,flat,5,198,3904.80000400459,3904.8000000000006,58.080808080808076,2.088532172609777,383.3851388188973,408.63283945956755,3904.8000040045913,0.0,0,-343.91553589002797,2273.606452822213,1631.193551182377,155,43,1052,792.0,990.0,"{'MFE': 70, 'TP': 56, 'MH': 52, 'MHx': 12, 'BE': 5, 'SN': 3}",2979.5206309894056,137,2964.888649108006,925.2793730151842,61,939.9113548965852,-55.64068756413334,28,-55.64068756413235,1067.4132098699665,1067.4132098699665,572.8318781289769,572.8318781289765,429.29177423915735,429.2917742391571,734.8490701712512,734.8490701712517,1156.0547591593718,1156.0547591593718,-55.64068756413334,-55.64068756413235,175,88,23,0,48,40,1417.4537588267162,-439.68195310147087,0.0
fixed_gate_only,24,flat,5,214,3697.7621167760185,3697.76,55.60747663551402,1.9058791596739286,383.38513881889776,408.63283945956755,3697.7621167760194,0.0,0,-343.91553589002797,2273.606452822213,1424.1556639538055,155,59,1182,856.0,1070.0,"{'MFE': 70, 'MH': 63, 'TP': 61, 'MHx': 13, 'BE': 5, 'SN': 2}",2769.4647381078094,148,2754.83275622641,928.2973786682093,66,942.9293605496096,-16.477415232688024,29,-16.47741523268769,1150.4372692552502,1150.4372692552504,504.97650164840616,504.9765016484057,338.57559226637807,338.5755922663777,600.3406763577211,600.3406763577218,1119.9094924809515,1119.9094924809515,-16.477415232688024,-16.47741523268769,188,75,26,0,44,31,1607.1254994500155,-457.04809970674285,0.0
fixed_gate_only,30,flat,5,232,4028.7372619006346,4028.7500000000005,56.03448275862068,1.9076327745471484,464.30823779148477,468.9490819549678,4028.737261900637,0.0,0,-378.6274501559833,2259.411258764795,1769.3260031358393,151,81,1319,928.0,1160.0,"{'TP': 73, 'MFE': 69, 'MH': 67, 'MHx': 13, 'BE': 7, 'SN': 3}",2992.3363987347516,155,2977.7044168533525,1036.4008631658826,77,1051.0328450472844,-15.776402179784746,34,-15.776402179782508,1111.0843621481188,1111.0843621481188,486.5190773051754,486.51907730517496,383.3580943003926,383.3580943003926,801.5282521350557,801.5282521350566,1262.0238781916767,1262.0238781916764,-15.776402179784746,-15.776402179782508,208,55,24,0,32,23,1159.6128131733176,-573.5856408588259,0.0
fixed_gate_only,40,flat,5,248,4361.408481186831,4361.42,57.25806451612904,1.9057259566323668,323.48615510836953,404.5440910469051,4361.408481186832,0.0,0,-307.7738155856,2463.405746233362,1898.002734953468,147,101,1461,992.0,1240.0,"{'TP': 84, 'MH': 71, 'MFE': 68, 'MHx': 14, 'BE': 7, 'SN': 4}",3265.276982548816,164,3250.6450006674163,1096.1314986380146,84,1110.7634805194161,90.33897449324752,36,90.33897449324922,1127.8314251586055,1127.8314251586053,571.1298476752775,571.129847675277,625.6142112118712,625.6142112118712,836.6995005234248,836.6995005234257,1109.7945221244038,1109.794522124404,90.33897449324752,90.33897449324922,222,41,26,0,24,17,1048.42540393733,-352.10183080861725,0.0
fixed_gate_only,50,flat,5,255,4950.621353871895,4950.64,58.03921568627452,2.0551543176139906,323.48615510836953,373.35850609215413,4950.621353871898,0.0,0,-307.7738155856,2573.9425502921304,2376.6788035797654,146,109,1519,1020.0,1275.0,"{'TP': 89, 'MH': 74, 'MFE': 66, 'MHx': 15, 'BE': 8, 'SN': 3}",3716.388259877538,169,3701.7562779961395,1234.2330939943568,86,1248.865075875758,90.33897449324752,36,90.33897449324922,1507.1653693926087,1507.1653693926082,670.1639893603589,670.1639893603588,802.7192724533807,802.7192724533807,632.3376306915535,632.3376306915548,1247.8961174807464,1247.896117480746,90.33897449324752,90.33897449324922,233,30,22,0,15,15,436.51425460897485,-374.80010745190754,0.0
fixed_gate_only,75,flat,5,271,5522.041730652827,5522.06,58.30258302583026,2.1043512591239515,460.5105523994789,465.15139656296196,5522.041730652827,0.0,0,-349.2619472460883,2575.7233445939746,2946.3183860588524,144,127,1647,1084.0,1355.0,"{'TP': 98, 'MH': 80, 'MFE': 65, 'MHx': 16, 'BE': 9, 'SN': 3}",4091.6502024653323,176,4077.0182205839333,1430.3915281874947,95,1445.0235100688938,93.24629267745757,39,93.24629267745877,1541.3761583344894,1541.3761583344894,753.4394578129314,753.4394578129313,769.6810425627879,769.6810425627873,877.9755804759793,877.9755804759807,1414.636873089772,1414.6368730897702,164.93261837686742,164.93261837686805,249,14,22,0,7,7,-58.21583267163936,-298.1098179515898,0.0
fixed_gate_only,125,flat,5,264,5558.776222983981,5558.79,58.71212121212122,2.1401142707275653,429.233524000379,455.1683738530046,5558.776222983983,0.0,0,-401.2740416490683,2660.121352377302,2898.6548706066787,128,136,1628,1056.0,1320.0,"{'TP': 101, 'MH': 80, 'MFE': 55, 'MHx': 15, 'BE': 10, 'SN': 3}",4212.712713798979,171,4198.080731917581,1346.0635091850006,93,1360.6954910664017,164.9262505033137,38,164.9262505033148,1499.6467759968623,1499.6467759968623,663.2998439986445,663.2998439986436,869.1525182571977,869.1525182571977,1028.3154636669947,1028.315463666997,1261.749044861558,1261.749044861558,236.61257620272332,236.61257620272409,252,11,12,0,5,6,-49.67067179754393,-252.8301647463408,0.0
fixed_gate_only,150,flat,5,258,5406.465828197859,5406.48,58.139534883720934,2.112705811959518,500.43889588567936,541.8224192951816,5406.46582819786,0.0,0,-502.5684242294833,2419.910596867096,2986.555231330764,125,133,1610,1032.0,1290.0,"{'TP': 96, 'MH': 80, 'MFE': 52, 'MHx': 16, 'BE': 11, 'SN': 3}",4225.370849192517,167,4210.738867311119,1181.0949790053417,91,1195.726960886741,200.2546499886454,39,200.25464998864663,1325.8142384028931,1325.8142384028934,621.6035421978866,621.6035421978861,1097.339493045462,1097.3394930454622,950.7025685896829,950.7025685896847,1139.065010273879,1139.0650102738778,271.9409756880552,271.9409756880559,236,27,22,0,14,13,53.26464782733997,-302.20523990757863,0.0
fixed_gate_only,200,flat,5,250,4787.367623260583,4787.360000000001,57.599999999999994,1.9684508027015386,500.43889588568027,541.8224192951825,4787.367623260587,0.0,0,-502.5684242294842,2057.801878480114,2729.5657447804697,114,136,1586,1000.0,1250.0,"{'TP': 96, 'MH': 79, 'MFE': 49, 'MHx': 15, 'BE': 8, 'SN': 3}",3587.8195984458434,163,3573.1876165644458,1199.548024814739,87,1214.180006696141,247.02037455301374,35,247.02037455301524,1105.1529712932563,1105.1529712932563,724.1650284989896,724.1650284989896,589.6808805513464,589.6808805513472,938.9097111456592,938.9097111456599,1110.7523315189082,1110.7523315189092,318.70670025242345,318.7067002524245,220,43,30,0,25,18,697.9626322968688,-276.60546037532595,0.0
fixed_gate_only,250,flat,5,248,4512.002483689499,4512.030000000001,56.451612903225815,1.9025091200785478,500.43889588568027,541.8224192951825,4512.002483689502,0.0,0,-502.5684242294842,1972.1065277669811,2539.8959559225186,110,138,1575,992.0,1240.0,"{'TP': 94, 'MH': 82, 'MFE': 49, 'MHx': 12, 'BE': 8, 'SN': 3}",3459.21537891389,166,3444.583397032491,1052.7871047756091,82,1067.4190866570107,95.60737764459435,35,95.60737764459554,1105.1529712932563,1105.1529712932563,560.5562992066158,560.5562992066157,595.1433830604258,595.1433830604262,968.4517183969997,968.4517183970001,1115.404408388198,1115.4044083881986,167.29370334400403,167.29370334400483,217,46,31,0,30,16,1224.4462467003812,-25.48698554289684,0.0
fixed_gate_only,300,flat,5,249,4064.9607845359697,4064.97,56.62650602409639,1.8150410122850231,500.43889588568027,541.8224192951825,4064.9607845359733,0.0,0,-502.5684242294842,1629.376602313286,2435.584182222684,111,138,1584,996.0,1245.0,"{'TP': 92, 'MH': 82, 'MFE': 50, 'MHx': 13, 'BE': 9, 'SN': 3}",3279.8417296769185,164,3265.209747795521,785.1190548590513,85,799.7510367404525,-4.863295056648042,37,-4.863295056646166,899.8831669964906,899.883166996491,670.7078194003753,670.7078194003756,698.0300062578526,698.0300062578533,781.3097300656075,781.3097300656082,948.2070311728824,948.2070311728817,66.82303064276164,66.82303064276357,217,46,32,0,28,18,1540.993534583976,-155.9813968128317,0.0
scaled_joint,100,flat,5,263,5761.935715932777,5761.96,58.935361216730044,2.237089178339487,429.2335240003795,455.1683738530055,5761.93571593278,0.0,0,-401.27404164906875,2803.3012157620915,2958.634500170686,136,127,1598,1052.0,1315.0,"{'TP': 99, 'MH': 78, 'MFE': 61, 'MHx': 13, 'BE': 10, 'SN': 2}",4338.683026568831,175,4324.051044687433,1423.252689363946,88,1437.884671245347,150.07043287763852,37,150.0704328776401,1697.4169995388802,1697.4169995388806,726.7576556416599,726.7576556416598,772.3055569330849,772.3055569330845,989.904702575926,989.9047025759269,1353.7940426661785,1353.794042666179,221.75675857704815,221.75675857704937,263,0,0,0,0,0,0.0,0.0,0.0
scaled_joint,10,flat,5,254,4832.530203796093,4832.51,57.874015748031496,2.017075798712666,454.1998058058589,472.27252176501406,4832.530203796096,0.0,0,-398.691844266566,2403.798381206876,2428.7318225892172,129,125,1591,1016.0,1270.0,"{'TP': 91, 'MH': 74, 'MFE': 59, 'BE': 15, 'MHx': 13, 'SN': 2}",4229.257078662167,168,4214.625096780769,603.2731251339261,86,617.9051070153273,-60.258734275915074,35,-60.2587342759125,1540.2776084895609,1540.2776084895609,592.9157279506226,592.9157279506226,1160.4958068581354,1160.495806858136,705.6569284072558,705.656928407257,821.7565406670241,821.7565406670233,11.427591423494611,11.427591423496779,222,41,32,13,20,21,551.5289647607375,-165.03716329581707,-212.83938408013023
scaled_joint,20,flat,5,262,4997.189045334374,4997.200000000001,57.25190839694656,1.983814442301826,448.42680148270074,489.81032489220297,4997.1890453343785,0.0,0,-450.5563298265047,2665.789167691392,2331.3998776429817,135,127,1625,1048.0,1310.0,"{'TP': 93, 'MH': 77, 'MFE': 62, 'BE': 15, 'MHx': 13, 'SN': 2}",3776.01480579701,173,3761.3828239156114,1221.1742395373633,89,1235.806221418767,418.0857803739184,37,418.0857803739209,1487.478118734927,1487.4781187349267,543.9992491155753,543.9992491155751,913.3149295994045,913.3149295994046,601.3115013905112,601.3115013905121,961.3131404206277,961.3131404206297,489.77210607332796,489.7721060733302,231,32,31,12,17,15,449.2135391864605,-313.0787433249398,-2.454388087003508
scaled_joint,24,flat,5,264,5185.806790407417,5185.85,57.57575757575758,2.0224047853412297,448.4268014827003,507.2660721822931,5185.806790407422,0.0,0,-450.5563298265042,2682.239974836834,2503.566815570583,134,130,1631,1056.0,1320.0,"{'TP': 95, 'MH': 80, 'MFE': 60, 'MHx': 15, 'BE': 12, 'SN': 2}",4008.4343472173077,177,3993.80236533591,1177.372443190109,87,1192.0044250715123,428.7308324223968,36,428.73083242239954,1551.4516526110415,1551.451652611042,712.445256659758,712.4452566597579,913.3149295994045,913.3149295994044,601.3115013905112,601.3115013905131,978.5526177243049,978.5526177243055,428.7308324223968,428.73083242239954,235,28,29,9,15,13,324.9540638021622,-239.53473643374798,-11.64012528945014
scaled_joint,30,flat,5,268,5293.45289001809,5293.5,57.83582089552238,2.0428318544928326,448.4268014827003,489.8103248922025,5293.452890018093,0.0,0,-450.5563298265042,2680.9155741466325,2612.5373158714574,134,134,1669,1072.0,1340.0,"{'TP': 97, 'MH': 81, 'MFE': 60, 'MHx': 16, 'BE': 12, 'SN': 2}",3968.2757085435833,176,3953.643726662184,1325.1771814745068,92,1339.8091633559093,428.7308324223968,36,428.73083242239954,1661.6163812071968,1661.6163812071968,703.6449458030191,703.6449458030183,913.863462763041,913.8634627630408,459.23991181373384,459.23991181373503,1126.3573560087025,1126.3573560087025,428.7308324223968,428.73083242239954,235,28,33,10,14,14,280.47599299227943,-176.9152407965943,-11.09159212581369
scaled_joint,40,flat,5,261,5174.1802108019365,5174.21,57.47126436781609,2.0314954028447243,451.58966753291315,519.0627104515597,5174.180210801939,0.0,0,-450.55632982650377,2474.9110523273293,2699.2691584746067,132,129,1630,1044.0,1305.0,"{'TP': 95, 'MH': 78, 'MFE': 59, 'MHx': 14, 'BE': 13, 'SN': 2}",4324.3470741223755,175,4309.715092240977,849.8331366795599,86,864.4651185609619,126.66046848783915,35,126.66046848784117,1649.1413681213817,1649.1413681213817,709.4266502968974,709.4266502968972,964.7652901131502,964.7652901131501,771.1027586343544,771.1027586343557,881.3973494489036,881.3973494489042,198.3467941872489,198.34679418725045,237,26,24,11,14,12,306.5532879137198,-123.32027964202581,-157.88193757509617
scaled_joint,50,flat,5,271,5591.805610064152,5591.84,58.671586715867164,2.112683510267389,377.22142959739995,389.44164060366074,5591.8056100641525,0.0,0,-349.2619472460892,2669.2620568101866,2922.543553253966,135,136,1674,1084.0,1355.0,"{'TP': 101, 'MH': 79, 'MFE': 61, 'BE': 14, 'MHx': 14, 'SN': 2}",4382.729080624119,176,4368.097098742718,1209.0765294400333,95,1223.7085113214343,200.6857059652755,35,200.68570596527752,1623.7526519901705,1623.7526519901703,784.9995481991297,784.9995481991295,950.5494995600142,950.5494995600134,874.2494175956601,874.2494175956599,1085.8824610544925,1085.8824610544925,272.37203166468527,272.3720316646868,242,21,29,11,8,13,-59.14800634647551,-81.68930555893448,-147.58880665616672
scaled_joint,75,flat,5,271,5669.300167824807,5669.32,57.93357933579336,2.1316970893240383,429.233524000379,441.4537350066403,5669.300167824807,0.0,0,-401.2740416490683,2734.484651871796,2934.8155159530115,135,136,1668,1084.0,1355.0,"{'TP': 101, 'MH': 83, 'MFE': 60, 'MHx': 14, 'BE': 11, 'SN': 2}",4241.418748834667,178,4226.786766953266,1427.8814189901407,93,1442.5134008715413,134.25856246941098,36,134.25856246941294,1618.3227361016884,1618.3227361016884,775.4644421159603,775.4644421159601,899.3632353632074,899.3632353632061,799.0903719746668,799.0903719746675,1371.1144941004645,1371.1144941004632,205.94488816882065,205.94488816882222,253,10,18,4,6,4,3.9639119181115348,-25.24376336316457,-63.42787282669399
scaled_joint,125,flat,5,260,5776.324803594119,5776.35,59.61538461538461,2.261959801236,384.0575587008716,440.4424912402401,5776.32480359412,0.0,0,-356.09807634956087,2751.063329280989,3025.261474313129,133,127,1589,1040.0,1300.0,"{'TP': 98, 'MH': 75, 'MFE': 60, 'MHx': 13, 'BE': 11, 'SN': 3}",4424.614673835089,171,4409.982691953691,1351.7101297590286,89,1366.3421116404288,137.24473635629212,36,137.2447363562933,1636.4470795636387,1636.447079563639,782.0911554019306,782.0911554019303,799.9315462370594,799.9315462370587,1129.915608579339,1129.915608579341,1219.0083517564483,1219.008351756448,208.9310620557018,208.93106205570257,250,13,10,5,4,9,-308.6973561810871,-322.594767709137,28.286499189390632
scaled_joint,150,flat,5,255,6120.774838727397,6120.78,59.6078431372549,2.429288412869203,384.0575587008716,440.4424912402401,6120.7748387274,0.0,0,-356.09807634956087,2535.6598920524184,3585.1149466749794,129,126,1564,1020.0,1275.0,"{'TP': 98, 'MH': 73, 'MFE': 57, 'MHx': 13, 'BE': 12, 'SN': 2}",4520.411423771744,168,4505.779441890346,1600.3634149556538,87,1614.9953968370537,316.28189502189406,35,316.28189502189525,1610.3445452311305,1610.3445452311307,549.3735412247892,549.3735412247888,1146.7149462628963,1146.7149462628963,1203.1731875473788,1203.173187547381,1223.2003977398988,1223.200397739898,387.9682207213038,387.96822072130453,239,24,16,7,10,14,-210.6187916674676,123.4201728951349,24.800158232017292
scaled_joint,200,flat,5,255,5028.074866653663,5028.110000000001,57.25490196078431,2.053782515730543,500.43889588568027,541.8224192951825,5028.0748666536665,0.0,0,-502.5684242294842,2300.56814671541,2727.506719938252,133,122,1573,1020.0,1275.0,"{'TP': 93, 'MH': 77, 'MFE': 61, 'MHx': 12, 'BE': 9, 'SN': 3}",3832.4904316434313,168,3817.8584497620323,1195.5844350102318,87,1210.2164168916343,278.56951355169673,36,278.56951355169895,1274.4302932667604,1274.4302932667601,570.1069463052393,570.1069463052386,968.0293350868752,968.029335086876,790.0128500279639,790.0128500279648,1075.2396027157179,1075.2396027157188,350.25583925110624,350.2558392511082,228,35,27,11,21,14,470.2138953612561,-104.58871949638613,-159.05823442147226
scaled_joint,250,flat,5,252,3808.18031966095,3808.2200000000003,55.952380952380956,1.7262534822781368,522.3145557728424,541.8224192951825,3808.180319660951,0.0,0,-502.5684242294842,1630.627045325045,2177.553274335905,132,120,1563,1008.0,1260.0,"{'TP': 88, 'MH': 77, 'MFE': 61, 'MHx': 12, 'BE': 9, 'SN': 5}",2869.8226659288557,162,2855.190684047456,938.3576537320943,90,952.989635613495,97.81582355656286,40,97.81582355656337,1067.1262038073992,1067.1262038073994,158.05686635575188,158.05686635575148,624.2096009002828,624.209600900283,790.5189879088291,790.5189879088296,998.7665114327144,998.7665114327147,169.5021492559725,169.5021492559731,221,42,31,13,27,15,1258.354319410578,-371.86866831888733,-323.5324085423624
scaled_joint,300,flat,5,253,3435.541733477713,3435.5699999999997,55.33596837944664,1.6468855515916165,513.5457541868409,552.7997492525392,3435.5417334777144,0.0,0,-502.5684242294842,1671.6329378294672,1763.9087956482463,137,116,1571,1012.0,1265.0,"{'TP': 85, 'MH': 78, 'MFE': 63, 'MHx': 12, 'BE': 10, 'SN': 5}",2783.062583445774,163,2768.4306015643747,652.479150031939,90,667.1111319133397,-134.01961720290814,40,-134.01961720290774,1122.4259989328848,1122.4259989328846,318.54183370256214,318.54183370256214,499.6948758075474,499.69487580754753,612.4888680461875,612.4888680461877,944.7234484920301,944.7234484920305,-62.33329150349845,-62.333291503498,217,46,36,10,30,16,1579.3516690893448,-424.6438550261338,-322.398458339586
fixed_joint,100,schedule,0,264,6420.240230064343,6420.219999999999,60.60606060606061,2.3336202647012656,623.6204673222901,630.7327037545174,6420.240230064341,0.0,0,-418.47409725129455,3211.6751618463695,3208.565068217973,136,128,1600,1136.0,1320.0,"{'TP': 102, 'MH': 74, 'MFE': 59, 'MHx': 14, 'BE': 13, 'SN': 2}",4985.398353568944,173,4972.7600556966045,1434.8418764953992,91,1447.4801743677363,114.02394043973177,37,114.02394043972981,1863.3050725794126,1863.3050725794124,879.9688961545463,879.9688961545462,891.3272505761637,891.3272505761634,1225.6368821037695,1225.6368821037709,1360.8308727919775,1360.8308727919766,199.17125585847376,199.17125585847134,264,0,0,0,0,0,0.0,0.0,0.0
fixed_joint,10,schedule,0,167,2996.253441336874,2996.2099999999996,58.68263473053892,1.892941588313308,647.6018972727929,647.6018972727929,2996.2534413368735,0.0,0,-548.4234726265713,2725.1805422295965,271.07289910727764,157,10,856,750.0,835.0,"{'MFE': 67, 'MH': 43, 'TP': 34, 'MHx': 14, 'BE': 7, 'SN': 2}",2294.5400009609334,115,2281.9017030885916,701.7134403759405,52,714.3517382482819,-160.11949649711812,25,-160.11949649711778,1020.8996197851845,1020.8996197851844,233.57619835746732,233.5761983574672,722.2407060594396,722.2407060594394,208.63642414121287,208.63642414121205,961.4763547681572,961.4763547681578,-150.5758617745875,-150.57586177458734,144,120,23,20,73,47,2866.5929598596713,-258.39446409037595,-298.9993647774216
fixed_joint,20,schedule,0,196,4141.602867684248,4141.58,62.244897959183675,2.1157507153578896,647.6018972727934,647.6018972727934,4141.602867684248,0.0,0,-548.4234726265722,2463.5032966135227,1678.0995710707257,153,43,1033,866.0,980.0,"{'MFE': 68, 'TP': 56, 'MH': 46, 'MHx': 17, 'BE': 6, 'SN': 3}",3271.261708384777,133,3258.6234105124345,870.3411592994712,63,882.9794571718135,-182.1868802014027,29,-182.18688020140326,1171.2235674635733,1171.223567463573,776.9204910791443,776.9204910791443,443.4224532100216,443.42245321002133,678.2764752461048,678.2764752461035,1244.403126164276,1244.4031261642785,-172.64324547887213,-172.6432454788728,170,94,26,17,51,43,1707.3057987244704,-314.3025159708201,-257.0290476848043
fixed_joint,24,schedule,0,214,4007.529391807529,4007.5,58.87850467289719,1.9624877592220038,647.6018972727929,647.6018972727929,4007.529391807527,0.0,0,-548.4234726265718,2475.851389797411,1531.6780020101185,155,59,1186,940.0,1070.0,"{'MFE': 68, 'TP': 61, 'MH': 58, 'MHx': 17, 'BE': 8, 'SN': 2}",3114.9229956078425,144,3102.2846977355,892.6063961996863,70,905.2446940720274,-127.19141850635987,30,-127.19141850636106,1261.702901537351,1261.702901537351,721.0999525560752,721.0999525560749,360.7749530782936,360.77495307829327,607.4151527654075,607.4151527654058,1174.1842156542311,1174.184215654233,-117.64778378382928,-117.64778378383062,185,79,29,19,47,32,1903.2761450931037,-315.11568070128516,-194.31901246242543
fixed_joint,30,schedule,0,232,4427.787104112652,4427.75,59.05172413793104,2.00242615914476,760.3817134993324,767.4939499315597,4427.787104112651,0.0,0,-548.4234726265722,2393.0450202207767,2034.7420838918758,151,81,1327,1018.0,1160.0,"{'TP': 72, 'MFE': 67, 'MH': 64, 'MHx': 17, 'BE': 10, 'SN': 2}",3459.6456347400344,151,3447.007336867692,968.1414693726176,81,980.7797672449587,-114.15953724215595,35,-114.15953724215797,1425.1478121770747,1425.1478121770747,636.4212036685586,636.4212036685581,375.1117000252283,375.11170002522886,828.3466689967357,828.346668996734,1267.3756217646799,1267.3756217646828,-104.61590251962537,-104.61590251962753,205,59,27,18,34,25,1459.4761590793746,-344.25037452969815,-188.7265923426183
fixed_joint,40,schedule,0,250,5175.9437486564275,5175.9,60.0,2.0898535585593945,525.8578869303392,532.9701233625665,5175.943748656426,0.0,0,-418.47409725129455,2871.992546419258,2303.9512022371696,149,101,1480,1080.0,1250.0,"{'TP': 84, 'MH': 70, 'MFE': 65, 'MHx': 18, 'BE': 10, 'SN': 3}",3992.625263693742,163,3979.9869658213997,1183.318484962685,87,1195.956782835026,93.67028367258357,36,93.67028367258263,1441.9291201172787,1441.9291201172787,732.9144220442862,732.9144220442859,853.1036207448992,853.1036207448997,883.7766850567081,883.7766850567064,1161.0059822981407,1161.005982298142,103.21391839511423,103.21391839511307,223,41,27,15,24,17,1167.80817923132,89.96390884790014,-166.45221102449634
fixed_joint,50,schedule,0,257,5595.309600831126,5595.280000000001,60.70038910505836,2.1660249298698764,525.8578869303392,532.9701233625665,5595.309600831125,0.0,0,-418.47409725129455,2909.699517494057,2685.6100833370697,148,109,1533,1108.0,1285.0,"{'TP': 90, 'MH': 72, 'MFE': 64, 'MHx': 18, 'BE': 10, 'SN': 3}",4264.967943827221,168,4252.329645954879,1330.3416570039058,89,1342.9799548762458,93.67028367258357,36,93.67028367258263,1650.989609617308,1650.989609617308,839.8275900745091,839.8275900745084,1013.6302534400342,1013.6302534400343,679.619074964799,679.6190749647999,1308.0291543393616,1308.0291543393614,103.21391839511423,103.21391839511307,234,30,23,13,15,15,495.318710687888,-126.67157795912006,-202.94034058620926
fixed_joint,75,schedule,0,272,6186.2281870169,6186.19,59.92647058823529,2.1920127159640623,698.1059375094446,705.2181739416719,6186.2281870169,0.0,0,-448.66488106625366,2974.880979152585,3211.3472078643154,145,127,1649,1172.0,1360.0,"{'TP': 101, 'MH': 77, 'MFE': 63, 'MHx': 16, 'BE': 12, 'SN': 3}",4660.7788268171935,174,4648.140528944854,1525.4493601997067,98,1538.087658072046,71.7859924146899,39,71.78599241468874,1682.488081495281,1682.488081495281,906.2618086369607,906.26180863696,865.1990323021813,865.199032302181,1084.7866822385497,1084.7866822385517,1490.559274510496,1490.559274510496,156.93330783343205,156.93330783343026,250,14,22,6,7,7,-17.8324942020416,-224.06077150385758,-27.78376574562679
fixed_joint,125,schedule,0,265,7057.633257173857,7057.59,61.13207547169811,2.453221627423538,438.4226852164311,493.4479852118611,7057.633257173857,0.0,0,-388.35411752838263,3519.830434297029,3537.802822876829,127,138,1644,1152.0,1325.0,"{'TP': 105, 'MH': 74, 'MFE': 54, 'MHx': 15, 'BE': 14, 'SN': 3}",4651.245931810981,166,4638.607633938643,2406.3873253628776,99,2419.025623235214,1010.5256864968899,39,1010.5256864968878,1679.0197254187917,1679.0197254187915,577.6462784976319,577.6462784976329,984.038008171323,984.0380081713229,1317.6355843919446,1317.6355843919464,1403.620658778534,1403.6206587785337,1095.673001915632,1095.6730019156294,250,14,15,11,8,6,249.36745483704834,130.09745819151738,756.6630237550454
fixed_joint,150,schedule,0,259,5947.170226540274,5947.11,60.231660231660236,2.1963322004313395,508.1917591422516,549.5545907900487,5947.170226540274,0.0,0,-474.2509677756243,2659.597130902487,3287.573095637787,124,135,1608,1128.0,1295.0,"{'TP': 97, 'MH': 75, 'MFE': 52, 'MHx': 17, 'BE': 15, 'SN': 3}",4598.493700601151,163,4585.855402728813,1348.6765259391232,96,1361.3148238114609,300.8754469467933,39,300.8754469467922,1497.088887808757,1497.0888878087567,643.0919543873274,643.0919543873283,1109.6550737478199,1109.6550737478192,1125.1073054512653,1125.1073054512672,1186.2042427795689,1186.2042427795686,386.0227623655353,386.0227623655337,237,27,22,11,15,12,356.65145060921424,-85.27498979874088,-31.143563116114056
fixed_joint,200,schedule,0,252,4830.489137126605,4830.4400000000005,59.12698412698413,1.9184087486151766,554.0367138566535,575.3021851004296,4830.489137126605,0.0,0,-474.25096777562294,1899.881209003687,2930.6079281229177,114,138,1582,1102.0,1260.0,"{'TP': 95, 'MH': 75, 'MFE': 49, 'MHx': 17, 'BE': 12, 'SN': 4}",3700.890406865431,160,3688.2521089930906,1129.5987302611736,92,1142.2370281335143,110.12706003189203,35,110.12706003189214,1280.9370491780592,1280.9370491780592,698.6941265771363,698.6941265771363,547.4229390980083,547.4229390980083,950.2858128062466,950.2858128062462,1157.8748340165207,1157.8748340165212,195.27437545063415,195.27437545063367,221,43,31,17,27,16,1116.9592507018197,-208.97454612729993,-263.8172961086188
fixed_joint,250,schedule,0,253,5079.5156049405905,5079.48,58.89328063241107,1.9821904686782559,448.90102675134995,470.872657366393,5079.51560494059,0.0,0,-424.1620632895879,1936.8587241081157,3142.6568808324746,110,143,1568,1098.0,1265.0,"{'TP': 99, 'MH': 76, 'MFE': 49, 'MHx': 13, 'BE': 12, 'SN': 4}",3796.436616851778,164,3783.7983189794368,1283.078988088812,89,1295.7172859611528,31.417752772485358,35,31.417752772485073,1294.3461042340618,1294.346104234062,716.9549275510196,716.9549275510196,603.3464761213233,603.3464761213227,1122.281370771073,1122.281370771073,1226.0216580718852,1226.0216580718857,116.56506819122745,116.5650681912266,222,42,31,15,27,15,1275.5328686178254,209.89855188001061,-275.090308385938
fixed_joint,300,schedule,0,256,4704.742491105083,4704.73,58.984375,1.8937699374615113,471.67237089375067,503.92247967953335,4704.742491105084,0.0,0,-449.14191797263993,1490.411785207166,3214.3307058979167,111,145,1592,1112.0,1280.0,"{'TP': 99, 'MH': 76, 'MFE': 50, 'MHx': 14, 'BE': 13, 'SN': 4}",3594.5293738658956,162,3581.8910759935548,1110.213117239187,94,1122.8514151115291,-94.50080618995895,37,-94.5008061899589,1076.780160224598,1076.7801602245981,847.7183920841018,847.7183920841017,665.1369226272312,665.1369226272313,938.6317231759842,938.631723175984,1185.8287837643843,1185.8287837643861,-9.353490771216855,-9.353490771217366,220,44,36,21,26,18,1485.55216150781,31.760938733408096,-261.7065161848584
fixed_gate_only,100,schedule,0,264,6420.240230064343,6420.219999999999,60.60606060606061,2.3336202647012656,623.6204673222901,630.7327037545174,6420.240230064341,0.0,0,-418.47409725129455,3211.6751618463695,3208.565068217973,136,128,1600,1136.0,1320.0,"{'TP': 102, 'MH': 74, 'MFE': 59, 'MHx': 14, 'BE': 13, 'SN': 2}",4985.398353568944,173,4972.7600556966045,1434.8418764953992,91,1447.4801743677363,114.02394043973177,37,114.02394043972981,1863.3050725794126,1863.3050725794124,879.9688961545463,879.9688961545462,891.3272505761637,891.3272505761634,1225.6368821037695,1225.6368821037709,1360.8308727919775,1360.8308727919766,199.17125585847376,199.17125585847134,264,0,0,0,0,0,0.0,0.0,0.0
fixed_gate_only,10,schedule,0,169,3141.443048973971,3141.42,56.80473372781065,1.9554986870787812,676.4376536842769,680.0136061425965,3141.443048973971,0.0,0,-593.3753240248634,2842.3739662826656,299.06908269130554,159,10,875,758.0,845.0,"{'MFE': 71, 'MH': 44, 'TP': 33, 'MHx': 11, 'BE': 8, 'SN': 2}",2488.861523670593,115,2476.223225798252,652.5815253033774,54,665.2198231757193,-184.58768488508716,25,-184.58768488508667,1054.005734094881,1054.0057340948808,175.43082702465273,175.43082702465222,782.4675748764794,782.4675748764801,405.25902077216864,405.25902077216756,899.3239423683459,899.3239423683467,-175.04405016255654,-175.04405016255623,146,118,23,0,73,45,2909.4959855266675,-369.301195563704,0.0
fixed_gate_only,20,schedule,0,201,4391.353322867988,4391.35,60.69651741293532,2.1585994175927903,676.4376536842765,680.0136061425956,4391.353322867986,0.0,0,-593.3753240248634,2691.990015998959,1699.3633068690283,158,43,1064,886.0,1005.0,"{'MFE': 71, 'TP': 57, 'MH': 48, 'MHx': 13, 'BE': 9, 'SN': 3}",3505.6453559687243,136,3493.007058096381,885.7079668992628,65,898.3462647716051,-206.65506858937175,29,-206.6550685893717,1190.2942006477813,1190.294200647781,718.7751197463298,718.7751197463297,557.7469280268368,557.7469280268363,874.8990718770607,874.8990718770592,1246.7494364368197,1246.7494364368213,-197.1114338668412,-197.11143386684125,175,89,26,0,49,40,1603.677659752208,-425.2092474441482,0.0
fixed_gate_only,24,schedule,0,217,4236.542713098403,4236.550000000001,58.06451612903226,1.9972065311827247,676.4376536842765,680.0136061425956,4236.542713098401,0.0,0,-593.3753240248634,2691.990015998959,1544.5526970994438,158,59,1194,952.0,1085.0,"{'MFE': 71, 'TP': 62, 'MH': 59, 'MHx': 14, 'BE': 9, 'SN': 2}",3339.6784744743118,147,3327.0401766019695,896.8642386240904,70,909.5025364964313,-175.3456793782045,30,-175.3456793782052,1281.2132884594657,1281.2132884594657,662.9545812232606,662.9545812232602,475.09942789510876,475.09942789510865,756.4811412257615,756.48114122576,1226.59631895048,1226.596318950481,-165.80204465567388,-165.80204465567476,188,76,29,0,45,31,1756.7449804538444,-426.9525365120962,0.0
fixed_gate_only,30,schedule,0,235,4709.353376616533,4709.35,58.723404255319146,2.0532308587966113,789.2174699108155,796.3297063430427,4709.35337661653,0.0,0,-593.3753240248634,2661.7365976353312,2047.6167789812012,154,81,1335,1030.0,1175.0,"{'TP': 74, 'MFE': 70, 'MH': 64, 'MHx': 14, 'BE': 11, 'SN': 2}",3742.5464849393184,154,3729.9081870669747,966.8068916772147,81,979.4451895495554,-162.31379811400058,35,-162.31379811400166,1444.6581990991895,1444.6581990991895,636.4212036685586,636.4212036685581,489.4361748420435,489.4361748420429,977.4126574570898,977.4126574570878,1314.1953049411218,1314.1953049411231,-152.77016339146996,-152.77016339147121,208,56,27,0,32,24,1312.9449944401156,-397.9418590076945,0.0
fixed_gate_only,40,schedule,0,250,5240.859008541924,5240.85,60.0,2.1073409452391303,509.7417919435311,516.8540283757584,5240.859008541921,0.0,0,-418.47409725129455,2952.029294799457,2288.829713742467,149,101,1476,1080.0,1250.0,"{'TP': 85, 'MH': 68, 'MFE': 68, 'MHx': 15, 'BE': 11, 'SN': 3}",4047.6637967059014,163,4035.0254988335582,1193.1952118360223,87,1205.8335097083627,90.46787419903106,36,90.46787419903012,1461.4395070393932,1461.439507039393,732.9144220442862,732.9144220442859,739.5657783745899,739.5657783745901,1032.842673517062,1032.8426735170601,1174.0851186450302,1174.0851186450313,100.01150892156161,100.01150892156056,223,41,27,0,24,17,1167.80817923132,-11.573042291099725,0.0
fixed_gate_only,50,schedule,0,257,5721.059170868066,5721.05,60.70038910505836,2.202161647822363,509.7417919435311,516.8540283757584,5721.059170868064,0.0,0,-418.47409725129455,3050.5705760256997,2670.4885948423675,148,109,1526,1108.0,1285.0,"{'TP': 91, 'MH': 70, 'MFE': 66, 'MHx': 16, 'BE': 11, 'SN': 3}",4381.922385260266,168,4369.284087387924,1339.1367856077998,89,1351.77508348014,90.46787419903106,36,90.46787419903012,1694.8461771291534,1694.8461771291536,839.8275900745091,839.8275900745089,937.6621389008808,937.6621389008806,828.685063425153,828.6850634251523,1320.0266924168084,1320.0266924168081,100.01150892156161,100.01150892156056,234,30,23,0,15,15,495.318710687888,-203.86234850838912,0.0
fixed_gate_only,75,schedule,0,272,6237.428009014775,6237.41,60.29411764705882,2.2155808861354744,698.1059375094446,705.2181739416719,6237.428009014776,0.0,0,-448.66488106625366,3024.4019194040525,3213.0260896107225,145,127,1644,1172.0,1360.0,"{'TP': 101, 'MH': 75, 'MFE': 64, 'MHx': 17, 'BE': 12, 'SN': 3}",4725.882515331206,174,4713.244217458869,1511.545493683568,98,1524.1837915559072,45.88458782110453,39,45.884587821103196,1707.2740158229185,1707.2740158229187,907.1172137278787,907.1172137278784,904.6613813976393,904.6613813976396,1084.7866822385497,1084.7866822385517,1502.5568125879427,1502.5568125879427,131.03190323984657,131.03190323984472,250,14,22,0,7,7,-17.8324942020416,-200.64471525160968,0.0
fixed_gate_only,125,schedule,0,267,6507.385213741147,6507.36,60.67415730337079,2.3038106463704318,482.1610421303503,532.5704109283042,6507.385213741145,0.0,0,-374.1794108790991,3042.6338916948453,3464.751322046302,129,138,1644,1154.0,1335.0,"{'TP': 105, 'MH': 76, 'MFE': 54, 'MHx': 16, 'BE': 13, 'SN': 3}",4843.063985931551,169,4830.425688059211,1664.3212278095962,98,1676.9595256819339,283.45678036234006,38,283.4567803623386,1649.2929578682697,1649.2929578682692,824.5525216046266,824.5525216046267,984.038008171323,984.0380081713229,1260.0202461322792,1260.0202461322806,1420.877384183566,1420.8773841835655,368.6040957810821,368.6040957810801,253,11,14,0,5,6,-5.279605636550897,81.86537804025227,0.0
fixed_gate_only,150,schedule,0,262,6208.49614858506,6208.43,59.92366412213741,2.2315130036061204,540.4456759660143,581.8085076138113,6208.496148585057,0.0,0,-506.50488459938697,2790.1497887554137,3418.3463598296466,126,136,1635,1140.0,1310.0,"{'TP': 100, 'MH': 77, 'MFE': 51, 'MHx': 17, 'BE': 14, 'SN': 3}",4779.961809930157,165,4767.3235120578165,1428.5343386549032,97,1441.1726365272407,300.8754469467933,39,300.8754469467922,1467.3621202582349,1467.3621202582344,770.678491814883,770.6784918148833,1156.740699569707,1156.7406995697065,1129.3761022575873,1129.3761022575882,1298.3159723191125,1298.315972319111,386.0227623655353,386.0227623655337,238,26,24,0,14,12,174.38749855375193,-37.356582925531654,0.0
fixed_gate_only,200,schedule,0,254,5388.698602639673,5388.66,59.055118110236215,2.034430316041761,553.9483629609385,582.326070636942,5388.69860263967,0.0,0,-506.5048845993865,2385.929322124262,3002.76928051541,115,139,1609,1110.0,1270.0,"{'TP': 99, 'MH': 78, 'MFE': 48, 'MHx': 16, 'BE': 10, 'SN': 3}",4105.702237585952,161,4093.06393971361,1282.99636505372,93,1295.6346629260597,183.66688210865814,35,183.66688210865686,1251.210281627537,1251.2102816275371,873.2172612659939,873.2172612659936,611.7817781343704,611.7817781343701,1113.688520528307,1113.6885205283056,1269.986563556064,1269.986563556065,268.8141975274002,268.8141975273984,222,42,32,0,26,16,934.6952986463575,-96.84632877831352,0.0
fixed_gate_only,250,schedule,0,249,5135.5491941085065,5135.51,58.23293172690763,1.9972003222768877,535.6109052452762,576.9737368930737,5135.549194108505,0.0,0,-501.6701138786493,2262.674307519493,2872.874886589014,110,139,1572,1082.0,1245.0,"{'TP': 96, 'MH': 80, 'MFE': 48, 'MHx': 13, 'BE': 9, 'SN': 3}",4027.4418635887314,164,4014.8035657163896,1108.107330519776,85,1120.7456283921151,94.19916478030541,35,94.19916478030336,1251.210281627537,1251.2102816275371,705.5236721369957,705.5236721369959,667.7053151576855,667.7053151576852,1152.0329693575068,1152.0329693575054,1179.730475629735,1179.7304756297362,179.34648019904742,179.3464801990449,219,45,30,0,30,15,1449.6805805960435,164.9895446402074,0.0
fixed_gate_only,300,schedule,0,252,4708.930186989641,4708.9,58.333333333333336,1.8932485383667723,575.1431988933155,617.0077631915556,4708.930186989639,0.0,0,-501.6701138786484,1900.2953041780318,2808.634882811609,111,141,1601,1096.0,1260.0,"{'TP': 96, 'MH': 81, 'MFE': 49, 'MHx': 14, 'BE': 9, 'SN': 3}",3826.336252174825,162,3813.6979543024845,882.5939348148156,90,895.2322326871545,-96.75635603198114,37,-96.75635603198316,1033.6443376180732,1033.6443376180732,811.5760903615467,811.5760903615469,765.0763619994855,765.0763619994859,965.0698368867135,965.0698368867124,1145.1726007370614,1145.172600737062,-11.609040613239074,-11.609040613241632,217,47,35,0,29,18,1659.699873486028,-51.61016958867447,0.0
scaled_joint,100,schedule,0,264,6420.240230064343,6420.219999999999,60.60606060606061,2.3336202647012656,623.6204673222901,630.7327037545174,6420.240230064341,0.0,0,-418.47409725129455,3211.6751618463695,3208.565068217973,136,128,1600,1136.0,1320.0,"{'TP': 102, 'MH': 74, 'MFE': 59, 'MHx': 14, 'BE': 13, 'SN': 2}",4985.398353568944,173,4972.7600556966045,1434.8418764953992,91,1447.4801743677363,114.02394043973177,37,114.02394043972981,1863.3050725794126,1863.3050725794124,879.9688961545463,879.9688961545462,891.3272505761637,891.3272505761634,1225.6368821037695,1225.6368821037709,1360.8308727919775,1360.8308727919766,199.17125585847376,199.17125585847134,264,0,0,0,0,0,0.0,0.0,0.0
scaled_joint,10,schedule,0,256,5356.755343298073,5356.740000000001,59.375,2.079105514235351,819.8757713309687,826.988007763196,5356.755343298071,0.0,0,-683.5551788933244,2770.757914599885,2585.997428698187,130,126,1598,1098.0,1280.0,"{'TP': 93, 'MH': 71, 'MFE': 58, 'BE': 17, 'MHx': 15, 'SN': 2}",4797.374801285785,166,4784.736503413445,559.3805420122881,90,572.0188398846267,-246.58220280440148,35,-246.5822028044022,1723.9774659586947,1723.9774659586947,738.0907953567265,738.0907953567262,1228.266664927449,1228.2666649274488,851.2354790131699,851.2354790131708,976.6198254276918,976.6198254276915,-161.43488738565938,-161.43488738566066,225,39,31,13,20,19,644.909884798758,-203.64797654423566,-214.92702542327737
scaled_joint,20,schedule,0,264,5986.5651420477725,5986.560000000001,59.09090909090909,2.1522300419091698,492.4745731616372,533.8374048094347,5986.5651420477725,0.0,0,-458.5337817950103,3473.0751854806945,2513.489956567078,136,128,1630,1136.0,1320.0,"{'TP': 95, 'MH': 74, 'MFE': 61, 'BE': 17, 'MHx': 15, 'SN': 2}",4377.353308063504,171,4364.715010191166,1609.2118339842675,93,1621.8501318566068,734.1613546153584,37,734.1613546153567,1675.1361558041062,1675.1361558041067,693.2375359457474,693.2375359457469,981.1369295535758,981.1369295535756,772.0382907303315,772.0382907303324,1045.7075599799111,1045.7075599799127,819.3086700341005,819.3086700340982,234,30,30,12,16,14,599.7060578586063,-242.0166808880483,408.0476507300839
scaled_joint,24,schedule,0,266,6183.805624710485,6183.790000000001,59.3984962406015,2.1920388153297203,492.47457316163764,533.8374048094347,6183.805624710483,0.0,0,-458.5337817950103,3486.353794621532,2697.4518300889526,135,131,1636,1142.0,1330.0,"{'TP': 97, 'MH': 77, 'MFE': 59, 'MHx': 17, 'BE': 14, 'SN': 2}",4625.473700632951,175,4612.83540276061,1558.3319240775352,91,1570.9702219498731,741.6283999998058,36,741.6283999998041,1747.0237591116286,1747.0237591116288,869.4703252076698,869.4703252076688,981.1369295535758,981.1369295535751,772.0382907303315,772.0382907303333,1062.9642853849432,1062.9642853849427,751.1720347223363,751.1720347223345,238,26,28,9,14,12,459.61475786200043,-175.72116185128397,398.90131435942635
scaled_joint,30,schedule,0,270,6314.839612280826,6314.81,60.0,2.21867536395459,492.47457316163764,533.8374048094347,6314.839612280824,0.0,0,-458.5337817950103,3492.570175944274,2822.2694363365517,135,135,1674,1158.0,1350.0,"{'TP': 99, 'MH': 78, 'MFE': 59, 'MHx': 18, 'BE': 14, 'SN': 2}",4588.878940247733,174,4576.240642375393,1725.9606720330933,96,1738.5989699054317,741.6283999998058,36,741.6283999998041,1857.0655197337417,1857.0655197337414,860.6612096377174,860.6612096377166,989.2281186009449,989.2281186009445,626.1196962455847,626.119696245586,1230.5930333405013,1230.5930333405013,751.1720347223363,751.1720347223345,237,27,33,10,14,13,421.524318581655,-90.86880260865755,406.99250340679555
scaled_joint,40,schedule,0,263,5742.760029309622,5742.74,59.31558935361216,2.1162962631337567,736.8275514149882,743.9397878472155,5742.760029309621,0.0,0,-600.5069589773439,2846.12491491278,2896.6351143968423,133,130,1633,1124.0,1315.0,"{'TP': 98, 'MH': 76, 'MFE': 58, 'MHx': 15, 'BE': 14, 'SN': 2}",4948.573862495168,173,4935.935564622829,794.1861668144531,90,806.8244646867925,3.0321884567428015,35,3.0321884567420057,1836.624964432121,1836.624964432121,862.4330841697196,862.4330841697192,1051.7336265008994,1051.733626500899,941.9777913626841,941.9777913626854,961.8110589687127,961.811058968713,88.17950387548484,88.17950387548353,240,24,23,11,13,11,425.66039151267233,-111.6017308819006,-140.21807836014875
scaled_joint,50,schedule,0,272,6341.712145023768,6341.69,60.66176470588235,2.2616109100829522,562.5688931418881,569.6811295741154,6341.712145023769,0.0,0,-457.7410482541736,3076.3762634377126,3265.3358815860547,136,136,1667,1160.0,1360.0,"{'TP': 104, 'MH': 76, 'MFE': 60, 'BE': 15, 'MHx': 15, 'SN': 2}",5011.264671323989,174,4998.62637345165,1330.447473699779,98,1343.0857715721195,177.2908467298425,35,177.2908467298421,1811.2616243290267,1811.2616243290267,938.3085966015284,938.3085966015274,1037.5320446339738,1037.5320446339733,1102.1191836152386,1102.119183615242,1190.0525336954156,1190.052533695416,262.43816214858464,262.4381621485836,243,21,29,11,8,13,-13.12641247900524,32.8872395916671,-124.54173711124758
scaled_joint,75,schedule,0,272,6318.2612872186855,6318.23,59.92647058823529,2.2411501958196256,672.9260561347282,680.0382925669555,6318.261287218684,0.0,0,-457.7410482541736,3118.095630401919,3200.1656568167655,136,136,1664,1162.0,1360.0,"{'TP': 104, 'MH': 78, 'MFE': 59, 'MHx': 15, 'BE': 14, 'SN': 2}",4827.762732719684,176,4815.124434847345,1490.4985544990009,96,1503.136852371339,64.28628249623253,36,64.28628249623125,1784.0821834608164,1784.082183460816,932.7354192836485,932.7354192836478,974.9435773136515,974.9435773136511,1013.9583305173469,1013.9583305173496,1463.1081787282474,1463.1081787282465,149.43359791497463,149.43359791497278,254,10,18,4,6,4,84.05043680611251,45.43854298783421,-63.36704902737978
scaled_joint,125,schedule,0,263,6583.408721950563,6583.360000000001,61.59695817490495,2.406601806455855,532.8269047433032,539.9391411755305,6583.40872195056,0.0,0,-418.47409725129455,3153.7218835829253,3429.686838367636,134,129,1605,1130.0,1315.0,"{'TP': 102, 'MH': 71, 'MFE': 59, 'BE': 14, 'MHx': 14, 'SN': 3}",5055.152093290928,169,5042.513795418588,1528.2566286596339,94,1540.8949265319716,122.18142832330741,36,122.18142832330614,1790.2420160633758,1790.2420160633756,931.2580845707284,931.2580845707284,922.9146331941763,922.9146331941756,1357.5808988240842,1357.5808988240856,1374.0843455561476,1374.0843455561471,207.3287437420495,207.32874374204766,251,13,12,5,4,9,-284.9425363258882,-150.0488549497628,28.274810510093275
scaled_joint,150,schedule,0,257,6892.588266121887,6892.530000000001,62.2568093385214,2.5832951280440013,546.3870549387811,553.4992913710084,6892.588266121886,0.0,0,-418.47409725129455,2931.207085432585,3961.3811806893013,130,127,1570,1108.0,1285.0,"{'TP': 102, 'MH': 69, 'MFE': 56, 'BE': 14, 'MHx': 14, 'SN': 2}",5099.683389599483,166,5087.045091727145,1792.9048765224034,91,1805.543174394741,297.8357339860422,35,297.8357339860413,1784.726905912579,1784.726905912579,686.229990081335,686.2299900813357,1210.0809710580497,1210.0809710580502,1436.006917856482,1436.0069178564827,1392.560431808656,1392.5604318086553,382.9830494047843,382.98304940478283,239,25,18,8,10,15,-197.1772061036646,220.69469072231402,54.47613923156439
scaled_joint,200,schedule,0,257,5628.291199435644,5628.2,59.92217898832685,2.144976265806254,633.6591051318492,640.7713415640765,5628.291199435643,0.0,0,-497.35671231732704,2685.3263408526427,2942.9648585830005,134,123,1581,1110.0,1285.0,"{'TP': 95, 'MH': 74, 'MFE': 60, 'MHx': 13, 'BE': 12, 'SN': 3}",4416.900088183181,166,4404.261790310841,1211.3911112524631,91,1224.0294091248015,217.41373966870222,36,217.41373966870106,1436.5702365030522,1436.5702365030525,714.9368825796524,714.9368825796532,1044.9660410027789,1044.9660410027782,973.7707043500133,973.7707043500131,1155.486279912703,1155.4862799127031,302.5610550874442,302.5610550874426,229,35,28,11,21,14,583.7888442682122,-77.18592080850219,-130.97426555198496
scaled_joint,250,schedule,0,256,4554.79323311026,4554.719999999999,58.59375,1.8446031429385272,531.297503683953,572.6603353317505,4554.79323311026,0.0,0,-497.3567123173261,2051.059747984519,2503.733485125742,133,123,1591,1110.0,1280.0,"{'TP': 91, 'MH': 76, 'MFE': 60, 'MHx': 13, 'BE': 11, 'SN': 5}",3442.8466065910116,160,3430.2083087186716,1111.946626519249,96,1124.5849243915886,123.42314234227979,40,123.42314234227797,1229.1271171849758,1229.1271171849762,287.660881340444,287.6608813404441,705.126047971968,705.1260479719681,974.2763363459397,974.2763363459394,1150.0323925059113,1150.0323925059129,208.57045776102186,208.5704577610195,222,42,34,13,27,15,1391.837359922808,-182.73233449649055,-290.8773025347836
scaled_joint,300,schedule,0,258,4141.665226056673,4141.6,57.751937984496124,1.7349262865406432,785.613158188944,792.7253946211713,4141.6652260566725,0.0,0,-695.084040409417,2014.5565360171504,2127.108690039523,138,120,1614,1128.0,1290.0,"{'TP': 87, 'MH': 78, 'MFE': 63, 'MHx': 14, 'BE': 11, 'SN': 5}",3424.2935081263586,161,3411.655210254018,717.3717179303146,97,730.0100158026544,-256.3993845885317,40,-256.3993845885334,1288.261913348811,1288.2619133488115,452.4064037045849,452.40640370458505,661.3218892507642,661.3218892507639,775.6470780745141,775.647078074514,1135.2800108477886,1135.28001084779,-171.2520691697896,-171.25206916979187,218,46,40,9,30,16,1621.1609020446829,-351.32753978511073,-306.0865621778761
fixed_joint,100,schedule,2,259,6029.746005925519,6029.710000000001,59.84555984555985,2.245476998906669,674.0256670185363,679.9396862546109,6029.746005925524,0.0,0,-450.4663175950127,2899.633076459294,3130.112929466226,132,127,1571,1116.0,1295.0,"{'TP': 100, 'MH': 73, 'MFE': 59, 'MHx': 13, 'BE': 12, 'SN': 2}",4679.914661461889,170,4666.478650791686,1349.8313444636303,89,1363.2673551338376,22.731389761667316,37,22.73138976166865,1832.1795944958671,1832.1795944958676,686.1195373081524,686.1195373081532,878.4015963540655,878.4015963540655,1143.6642516330153,1143.6642516330185,1392.612427498626,1392.6124274986241,96.76859863579344,96.76859863579466,259,0,0,0,0,0,0.0,0.0,0.0
fixed_joint,10,schedule,2,161,2737.532528943154,2737.5299999999997,56.52173913043478,1.8290131560630278,696.3124442161156,696.3124442161156,2737.532528943151,0.0,0,-588.3606456145449,2487.1145316565944,250.41799728655906,151,10,832,726.0,805.0,"{'MFE': 65, 'MH': 42, 'TP': 33, 'MHx': 13, 'BE': 7, 'SN': 1}",2154.679710202364,110,2141.243699532155,582.8528187407902,51,596.2888294109962,-233.06818877168365,25,-233.06818877168325,978.9616321990492,978.9616321990491,224.13672770146954,224.13672770146877,670.7604024279236,670.7604024279233,166.8677233117275,166.86772331172642,929.8742320746672,929.8742320746669,-233.06818877168365,-233.06818877168325,141,118,20,18,73,45,2845.251431338777,-145.56209012929673,-301.3999555142925
fixed_joint,20,schedule,2,190,3838.727319951353,3838.7099999999996,60.526315789473685,2.047290531104011,696.312444216117,696.312444216117,3838.72731995135,0.0,0,-588.3606456145462,2231.955053385296,1606.7722665660563,147,43,1009,842.0,950.0,"{'MFE': 66, 'TP': 55, 'MH': 45, 'MHx': 16, 'BE': 6, 'SN': 2}",3103.235219098624,128,3089.7992084284174,735.492100852729,62,748.9281115229328,-260.07486616039125,29,-260.07486616039205,1124.5443350678752,1124.5443350678752,751.7312081777899,751.7312081777898,393.62253052237537,393.6225305223754,625.5186326087005,625.5186326087,1203.3854797350032,1203.3854797350018,-260.07486616039125,-260.07486616039205,167,92,23,15,51,41,1726.7513934156914,-204.82625532536042,-259.44103723311486
fixed_joint,24,schedule,2,207,3713.236795042166,3713.2099999999996,57.48792270531401,1.9051570994330986,696.3124442161161,696.3124442161161,3713.236795042165,0.0,0,-588.3606456145453,2280.7479596645608,1432.4888353776043,148,59,1156,912.0,1035.0,"{'MFE': 66, 'TP': 60, 'MH': 56, 'MHx': 16, 'BE': 8, 'SN': 1}",2929.2700455444237,139,2915.8340348742167,783.9667494977418,68,797.4027601679481,-208.92023563661928,30,-208.92023563661905,1211.8664294273399,1211.8664294273399,691.0981789411679,691.0981789411683,307.7485260897351,307.7485260897349,546.6088122595932,546.608812259592,1164.8350839609489,1164.8350839609489,-208.92023563661928,-208.92023563661905,181,78,26,17,47,31,1907.872781178997,-211.89665795901288,-196.7397717453444
fixed_joint,30,schedule,2,225,3979.649426821107,3979.62,57.77777777777777,1.8795992783265487,811.5334606091792,817.4474798452538,3979.649426821107,0.0,0,-588.3606456145453,2198.797639790032,1780.851787031075,144,81,1290,990.0,1125.0,"{'TP': 71, 'MFE': 65, 'MH': 61, 'MHx': 16, 'BE': 10, 'SN': 2}",3145.6740340109654,146,3132.238023340759,833.9753928101414,79,847.4114034803483,-206.26481691241668,35,-206.26481691241588,1214.8157215118122,1214.8157215118122,609.675949501813,609.6759495018134,357.2919308278067,357.29193082780625,759.6451220561271,759.6451220561266,1244.485519835965,1244.4855198359646,-206.26481691241668,-206.26481691241588,201,58,24,17,34,24,1459.8333455201298,-393.5234618389384,-196.7397717453444
fixed_joint,40,schedule,2,243,4704.455951113276,4704.419999999999,58.8477366255144,1.9682903055406145,571.4189224636675,577.3329416997422,4704.455951113274,0.0,0,-450.4663175950127,2685.5640232065916,2018.8919279066843,142,101,1443,1052.0,1215.0,"{'TP': 83, 'MH': 67, 'MFE': 63, 'MHx': 17, 'BE': 10, 'SN': 3}",3660.924599254617,158,3647.4885885844105,1043.5313518586593,85,1056.9673625288633,3.9515971528958005,36,3.9515971528962837,1231.5842894692864,1231.5842894692864,701.4176148542869,701.417614854287,827.2722135187047,827.272213518705,806.9740625858853,806.9740625858849,1133.256173532217,1133.2561735322142,3.9515971528958005,3.9515971528962837,218,41,25,14,24,17,1139.9799876637373,-10.858165698114632,-174.45190145039174
fixed_joint,50,schedule,2,250,5268.559793766051,5268.54,59.599999999999994,2.108295842546751,571.4189224636675,577.3329416997422,5268.55979376605,0.0,0,-450.4663175950127,2724.8591938530462,2543.7005999130056,141,109,1503,1080.0,1250.0,"{'TP': 89, 'MH': 70, 'MFE': 62, 'MHx': 17, 'BE': 10, 'SN': 2}",4081.140752799537,163,4067.7047421293314,1187.4190409665148,87,1200.8550516367181,3.9515971528958005,36,3.9515971528962837,1593.3253097169259,1593.3253097169263,805.1801180187491,805.1801180187499,986.2241331233434,986.224133123344,602.7347731140644,602.734773114064,1277.1438626400723,1277.143862640069,3.9515971528958005,3.9515971528962837,229,30,21,12,15,15,484.91224947082463,-65.34852400989682,-210.92543867874687
fixed_joint,75,schedule,2,266,5880.620557371503,5880.59,59.02255639097744,2.1482064237989937,748.5409373537959,754.4549565898706,5880.620557371505,0.0,0,-477.06800467780886,2802.4164922223963,3078.2040651491066,139,127,1624,1148.0,1330.0,"{'TP': 99, 'MH': 77, 'MFE': 62, 'MHx': 15, 'BE': 11, 'SN': 2}",4514.003107551758,170,4500.567096881554,1366.6174498197447,96,1380.0534604899512,-24.348486544971394,39,-24.34848654497,1651.366348945297,1651.3663489452974,871.1531590077026,871.1531590077038,845.9076172071624,845.9076172071627,1009.1445777930542,1009.1445777930567,1453.3601320891312,1453.3601320891285,49.6887223291547,49.68872232915601,245,14,21,6,7,7,-40.993059312741174,-162.35410833056787,-27.764399536190716
fixed_joint,125,schedule,2,260,6444.15940133025,6444.12,59.61538461538461,2.2877914850170273,480.891551292244,536.709653274972,6444.159401330254,0.0,0,-416.72177224292227,3175.272333942043,3268.8870673882075,123,137,1618,1132.0,1300.0,"{'TP': 102, 'MH': 74, 'MFE': 53, 'BE': 14, 'MHx': 14, 'SN': 3}",4327.500527558815,163,4314.06451688861,2116.658873771436,97,2130.0948844416434,912.4665675938395,39,912.4665675938404,1624.666184889587,1624.6661848895874,385.50622230400677,385.50622230400654,972.7692250481688,972.7692250481689,1237.268716079466,1237.2687160794703,1237.4452765410565,1237.4452765410542,986.5037764679655,986.5037764679664,245,14,15,10,8,6,226.6969443660663,-85.56985986252732,726.680199633324
fixed_joint,150,schedule,2,255,5431.203099880729,5431.15,58.82352941176471,2.0600606218330166,539.72834511563,590.9475577561116,5431.203099880729,0.0,0,-494.27758726590764,2322.5948127124248,3108.608287168303,120,135,1592,1112.0,1275.0,"{'TP': 95, 'MH': 75, 'MFE': 51, 'MHx': 16, 'BE': 15, 'SN': 3}",4279.637000789678,160,4266.200990119473,1151.5660990910499,95,1165.0021097612553,203.1244663131367,39,203.12446631313742,1445.9756505974601,1445.9756505974606,454.1715203884968,454.17152038849713,1096.8398281584034,1096.8398281584034,1047.8568491096053,1047.8568491096075,1109.1975764394995,1109.1975764394965,277.16167518726286,277.1616751872634,232,27,23,10,15,12,312.34749945611685,-225.29690316146576,-60.89850342720928
fixed_joint,200,schedule,2,248,4325.044539275132,4324.98,58.06451612903226,1.7989066217414704,605.0205550823857,616.403643602398,4325.044539275131,0.0,0,-496.9373065534637,1574.872302143168,2750.172237131963,110,138,1566,1086.0,1240.0,"{'TP': 93, 'MH': 75, 'MFE': 48, 'MHx': 16, 'BE': 12, 'SN': 4}",3380.2968979759057,157,3366.8608873056996,944.7476412992257,91,958.1836519694311,24.62680188292839,35,24.626801882929612,1228.0205877877515,1228.020587787752,508.1992185523766,508.19921855237703,534.6284894498813,534.6284894498815,874.6554496501835,874.6554496501826,1080.8767830778834,1080.876783077882,98.6640107570544,98.66401075705562,216,43,32,16,26,17,1053.4368511037703,-365.8481331154396,-285.41648243117845
fixed_joint,250,schedule,2,249,4537.374935101281,4537.34,57.831325301204814,1.852105569586417,468.1113597811459,491.6678024097773,4537.374935101282,0.0,0,-436.5919466042883,1619.0487864477132,2918.3261486535675,106,143,1551,1082.0,1245.0,"{'TP': 97, 'MH': 76, 'MFE': 48, 'BE': 12, 'MHx': 12, 'SN': 4}",3431.0122905642593,161,3417.5762798940527,1106.3626445370219,88,1119.7986552072293,-50.852479035952854,35,-50.85247903595064,1241.435007538716,1241.435007538716,526.4105915555363,526.4105915555365,547.3406847613032,547.3406847613037,1041.9577974610413,1041.9577974610397,1157.0461239465108,1157.0461239465108,23.184729838173297,23.18472983817537,216,43,33,14,27,16,1256.011839339715,60.31714819232374,-296.6763796768481
fixed_joint,300,schedule,2,250,4144.6433752633275,4144.61,57.99999999999999,1.7699729253312266,540.3951621076749,563.5648881153602,4144.643375263326,0.0,0,-479.204308446333,1172.7783910136307,2971.8649842496957,107,143,1556,1088.0,1250.0,"{'TP': 96, 'MH': 75, 'MFE': 49, 'BE': 13, 'MHx': 13, 'SN': 4}",3270.931242869843,159,3257.495232199636,873.7121323934842,91,887.1481430636895,-180.76857560429366,37,-180.76857560429198,1028.7880277293891,1028.7880277293891,658.8230912814706,658.8230912814711,644.4577790847896,644.45777908479,858.2369956313561,858.2369956313541,1061.068848266489,1061.0688482664873,-106.73136673016751,-106.73136673016597,216,43,34,20,25,18,1473.4514774103495,-128.43005334744333,-283.22109990439975
fixed_gate_only,100,schedule,2,259,6029.746005925519,6029.710000000001,59.84555984555985,2.245476998906669,674.0256670185363,679.9396862546109,6029.746005925524,0.0,0,-450.4663175950127,2899.633076459294,3130.112929466226,132,127,1571,1116.0,1295.0,"{'TP': 100, 'MH': 73, 'MFE': 59, 'MHx': 13, 'BE': 12, 'SN': 2}",4679.914661461889,170,4666.478650791686,1349.8313444636303,89,1363.2673551338376,22.731389761667316,37,22.73138976166865,1832.1795944958671,1832.1795944958676,686.1195373081524,686.1195373081532,878.4015963540655,878.4015963540655,1143.6642516330153,1143.6642516330185,1392.612427498626,1392.6124274986241,96.76859863579344,96.76859863579466,259,0,0,0,0,0,0.0,0.0,0.0
fixed_gate_only,10,schedule,2,161,2926.132489629941,2926.12,55.27950310559007,1.9176859402717048,720.6516451840339,723.2867768291089,2926.132489629939,0.0,0,-628.8094964203055,2647.707108045777,278.42538158416403,151,10,842,720.0,805.0,"{'MFE': 68, 'MH': 43, 'TP': 32, 'MHx': 10, 'BE': 7, 'SN': 1}",2357.0473459321147,110,2343.611335261907,569.0851436978267,51,582.5211543680321,-253.04156839396063,24,-253.04156839396092,1012.0545067109815,1012.0545067109814,166.01460986648863,166.01460986648806,739.0870114011838,739.0870114011832,361.8084072865624,361.808407286562,900.2095227586854,900.2095227586851,-253.04156839396063,-253.04156839396092,142,117,19,0,73,44,2851.6875478820616,-251.92596841351696,0.0
fixed_gate_only,20,schedule,2,193,4127.031088218123,4127.0,59.58549222797927,2.115595517713793,720.6516451840344,723.2867768291089,4127.031088218119,0.0,0,-628.8094964203065,2498.986578658005,1628.0445095601185,150,43,1031,848.0,965.0,"{'MFE': 68, 'TP': 56, 'MH': 47, 'MHx': 12, 'BE': 8, 'SN': 2}",3340.8337340662056,131,3327.397723395997,786.1973541519175,62,799.6333648221221,-280.04824578266823,28,-280.04824578266744,1143.6073415241553,1143.6073415241553,693.6090903428088,693.6090903428087,511.20988678911806,511.2098867891166,820.4593165835354,820.4593165835349,1238.1936987611734,1238.1936987611712,-280.04824578266823,-280.04824578266744,171,88,22,0,49,39,1591.5247840978163,-311.19013360958064,0.0
fixed_gate_only,24,schedule,2,209,3944.355260033153,3944.34,56.9377990430622,1.9438103945822547,720.6516451840344,723.2867768291089,3944.3552600331514,0.0,0,-628.8094964203065,2498.986578658005,1445.368681375149,150,59,1161,914.0,1045.0,"{'MFE': 68, 'TP': 61, 'MH': 58, 'MHx': 13, 'BE': 8, 'SN': 1}",3157.236539756633,142,3143.8005290864257,787.11872027652,67,800.5547309467256,-252.5788219366843,29,-252.5788219366832,1231.3693655582092,1231.3693655582092,632.9760611061871,632.9760611061872,425.33588235647767,425.3358823564761,695.6071319091716,695.6071319091716,1211.645641039792,1211.6456410397905,-252.5788219366843,-252.5788219366832,184,75,25,0,45,30,1766.2100553178368,-319.18069057452954,0.0
fixed_gate_only,30,schedule,2,227,4268.890009647076,4268.869999999999,57.70925110132159,1.9342655871132985,835.8726615770975,841.7866808131721,4268.890009647074,0.0,0,-628.8094964203065,2475.1583766184563,1793.7316330286194,146,81,1296,992.0,1135.0,"{'TP': 73, 'MFE': 67, 'MH': 62, 'MHx': 13, 'BE': 10, 'SN': 2}",3431.762646058156,149,3418.3266353879494,837.1273635889196,78,850.5633742591249,-249.9234032124817,34,-249.9234032124814,1234.3186576426815,1234.3186576426815,609.675949501813,609.6759495018134,474.87928709454934,474.8792870945488,908.6434417057055,908.6434417057053,1291.2960769148085,1291.2960769148067,-249.9234032124817,-249.9234032124814,204,55,23,0,32,23,1318.17061965897,-442.685376619474,0.0
fixed_gate_only,40,schedule,2,243,4777.421106114638,4777.4,58.8477366255144,1.9882811657588932,555.3092726258246,561.2232918618993,4777.421106114635,0.0,0,-450.4663175950127,2773.656716508014,2003.764389606624,142,101,1438,1052.0,1215.0,"{'TP': 84, 'MH': 66, 'MFE': 66, 'MHx': 14, 'BE': 10, 'SN': 3}",3724.0159859809646,158,3710.5799753107576,1053.4051201336738,85,1066.8411308038776,0.7418616585916027,36,0.7418616585919153,1251.0872256001562,1251.0872256001562,701.4176148542869,701.417614854287,721.8623444646042,721.8623444646037,955.972382235464,955.9723822354636,1146.3396773015356,1146.339677301533,0.7418616585916027,0.7418616585919153,218,41,25,0,24,17,1139.9799876637373,-112.34491214714436,0.0
fixed_gate_only,50,schedule,2,250,5402.334930060569,5402.32,59.599999999999994,2.1479562493832827,555.3092726258246,561.2232918618993,5402.334930060569,0.0,0,-450.4663175950127,2873.761868447624,2528.5730616129454,141,109,1495,1080.0,1250.0,"{'TP': 90, 'MH': 69, 'MFE': 64, 'MHx': 15, 'BE': 10, 'SN': 2}",4206.123286535685,163,4192.687275865479,1196.2116435248834,87,1209.6476541950897,0.7418616585916027,36,0.7418616585919153,1637.1646899125953,1637.1646899125958,805.1801180187491,805.1801180187499,918.3689670142439,918.3689670142439,751.7330927636428,751.733092763644,1289.146200692745,1289.1462006927432,0.7418616585916027,0.7418616585919153,229,30,21,0,15,15,484.91224947082463,-142.4988263941268,0.0
fixed_gate_only,75,schedule,2,266,5931.8012466411965,5931.780000000001,59.3984962406015,2.1719479545773224,748.5409373537959,754.4549565898706,5931.801246641198,0.0,0,-477.06800467780886,2851.9176280586466,3079.88361858255,139,127,1619,1148.0,1330.0,"{'TP': 99, 'MH': 75, 'MFE': 63, 'MHx': 16, 'BE': 11, 'SN': 2}",4579.081111600623,170,4565.645100930419,1352.7201350405728,96,1366.1561457107791,-50.24813937681628,39,-50.24813937681574,1676.1427226846859,1676.1427226846863,872.008222005003,872.008222005004,885.354184519339,885.354184519339,1009.1445777930542,1009.1445777930567,1465.3624701418044,1465.362470141802,23.789069497309853,23.789069497310265,245,14,21,0,7,7,-40.993059312741174,-138.9378185970645,0.0
fixed_gate_only,125,schedule,2,261,5962.663303498106,5962.63,59.38697318007663,2.174963318961034,528.6176153219749,579.8368279624565,5962.663303498108,0.0,0,-402.55273434254923,2737.1183027498873,3225.5450007482177,124,137,1611,1130.0,1305.0,"{'TP': 102, 'MH': 76, 'MFE': 53, 'MHx': 15, 'BE': 12, 'SN': 3}",4544.130735797249,166,4530.694725127044,1418.5325677008573,95,1431.9685783710638,189.6936298280692,38,189.6936298280707,1624.666184889587,1624.6661848895874,627.4875530864794,627.4875530864797,972.7692250481688,972.7692250481682,1179.6580911022243,1179.6580911022274,1294.351410669451,1294.3514106694483,263.73083870219534,263.7308387021967,248,11,13,0,5,6,-23.038439618641675,-90.12114204605575,0.0
fixed_gate_only,150,schedule,2,256,5669.461843194687,5669.419999999999,58.59375,2.105706058246473,539.72834511563,590.9475577561116,5669.461843194688,0.0,0,-526.5370896991108,2489.545011289335,3179.9168319053515,121,135,1602,1116.0,1280.0,"{'TP': 97, 'MH': 77, 'MFE': 50, 'MHx': 16, 'BE': 13, 'SN': 3}",4487.611858542962,162,4474.175847872757,1181.8499846517245,94,1195.2859953219313,203.1244663131367,39,203.12446631313742,1445.9756505974601,1445.9756505974606,578.484143174265,578.484143174265,1143.944291998223,1143.9442919982228,1052.1551178040977,1052.1551178041009,1171.7409644333775,1171.7409644333757,277.16167518726286,277.1616751872634,233,26,23,0,14,12,131.7597177474072,-228.524444983426,0.0
fixed_gate_only,200,schedule,2,248,4853.62249119566,4853.57,58.06451612903226,1.9151370905695093,616.3948361523453,633.6919439084322,4853.622491195659,0.0,0,-526.5370896991121,2097.436239696267,2756.1862514993927,110,138,1577,1086.0,1240.0,"{'TP': 96, 'MH': 77, 'MFE': 47, 'MHx': 15, 'BE': 10, 'SN': 3}",3813.14325541133,158,3799.707244741124,1040.47923578433,90,1053.9152464545346,90.07451080735788,35,90.07451080735791,1228.0205877877515,1228.020587787752,681.0329470588509,681.032947058851,599.0130771715951,599.0130771715956,1038.023988424216,1038.023988424216,1143.4201710717616,1143.4201710717603,164.11171968148403,164.11171968148392,217,42,31,0,25,17,872.849069395061,-303.27444533479945,0.0
fixed_gate_only,250,schedule,2,245,4621.293832719853,4621.25,57.14285714285714,1.8749766574526612,556.4287539036018,597.7998597725727,4621.2938327198535,0.0,0,-520.1009731558274,1943.3912437983274,2677.9025889215254,106,139,1555,1066.0,1225.0,"{'TP': 94, 'MH': 80, 'MFE': 47, 'MHx': 12, 'BE': 9, 'SN': 3}",3691.721311386358,161,3678.2853007161525,929.5725213334952,84,943.008532003701,3.8325155946579628,35,3.8325155946586165,1228.0205877877515,1228.020587787752,514.974762724663,514.9747627246632,611.7252724830172,611.7252724830175,1076.384149965295,1076.384149965295,1112.3193352903418,1112.3193352903413,77.86972446878409,77.86972446878463,213,46,32,0,30,16,1425.439066305721,16.986893100054132,0.0
fixed_gate_only,300,schedule,2,248,4227.594889805245,4227.54,57.25806451612904,1.7820581254850056,643.1319634401661,673.9186257293959,4227.594889805242,0.0,0,-523.4407342795366,1581.1551634735993,2646.4397263316446,107,141,1585,1080.0,1240.0,"{'TP': 94, 'MH': 81, 'MFE': 48, 'MHx': 13, 'BE': 9, 'SN': 3}",3532.376082997119,159,3518.9400723269127,695.2188068081255,89,708.6548174783293,-191.14768417982938,37,-191.1476841798294,1015.3736079784248,1015.3736079784248,622.6663297462634,622.666329746264,744.3710692459757,744.3710692459761,889.3485376008239,889.348537600823,1072.9458205394599,1072.9458205394576,-117.11047530570326,-117.1104753057034,213,46,35,0,28,18,1642.8787043763557,-159.27241174391935,0.0
scaled_joint,100,schedule,2,259,6029.746005925519,6029.710000000001,59.84555984555985,2.245476998906669,674.0256670185363,679.9396862546109,6029.746005925524,0.0,0,-450.4663175950127,2899.633076459294,3130.112929466226,132,127,1571,1116.0,1295.0,"{'TP': 100, 'MH': 73, 'MFE': 59, 'MHx': 13, 'BE': 12, 'SN': 2}",4679.914661461889,170,4666.478650791686,1349.8313444636303,89,1363.2673551338376,22.731389761667316,37,22.73138976166865,1832.1795944958671,1832.1795944958676,686.1195373081524,686.1195373081532,878.4015963540655,878.4015963540655,1143.6642516330153,1143.6642516330185,1392.612427498626,1392.6124274986241,96.76859863579344,96.76859863579466,259,0,0,0,0,0,0.0,0.0,0.0
scaled_joint,10,schedule,2,252,4864.979105803387,4864.950000000001,58.333333333333336,1.9529072203636757,863.9190335586372,869.8330527947119,4864.979105803387,0.0,0,-707.6045131281535,2444.5137504222266,2420.4653553811604,126,126,1581,1082.0,1260.0,"{'TP': 91, 'MH': 71, 'MFE': 57, 'BE': 17, 'MHx': 14, 'SN': 2}",4447.827408580572,164,4434.391397910368,417.1516972228142,88,430.5877078930189,-332.2391219672554,35,-332.2391219672563,1667.889796099003,1667.889796099003,521.8158207534597,521.8158207534611,1209.0550168513441,1209.0550168513446,782.01411990785,782.0141199078516,942.4062652848593,942.406265284857,-258.2019130931293,-258.2019130931303,220,39,32,13,20,19,634.0510495401081,-315.91313238315945,-214.80271819886536
scaled_joint,20,schedule,2,260,5479.260150659518,5479.26,57.692307692307686,2.0258900397924124,473.6215459858008,514.9926518547722,5479.2601506595165,0.0,0,-476.95007527128973,3132.1266352718912,2347.1335153876266,132,128,1613,1120.0,1300.0,"{'TP': 93, 'MH': 74, 'MFE': 60, 'BE': 17, 'MHx': 14, 'SN': 2}",4019.7531751676784,169,4006.317164497474,1459.5069754918393,91,1472.9429861620424,642.597500471473,37,642.5975004714728,1617.4647392178222,1617.4647392178222,475.3377582165744,475.33775821657537,961.9029343833165,961.9029343833167,697.99508838105,697.9950883810502,1009.9249211151555,1009.9249211151532,716.6347093455992,716.6347093455988,229,30,31,12,17,13,605.6125281455459,-352.72997665578055,407.85664953532455
scaled_joint,24,schedule,2,262,5674.182683594504,5674.179999999999,58.01526717557252,2.0641494278784536,473.62154598580037,514.9926518547718,5674.182683594505,0.0,0,-476.9500752712893,3147.8038532473065,2526.378830347197,131,131,1619,1126.0,1310.0,"{'TP': 95, 'MH': 77, 'MFE': 58, 'MHx': 16, 'BE': 14, 'SN': 2}",4261.595114501964,173,4248.15910383176,1412.5875690925395,89,1426.0235797627447,652.465478851167,36,652.4654788511671,1686.1876646310893,1686.1876646310898,648.4567721375925,648.4567721375934,961.9029343833165,961.9029343833167,697.99508838105,697.9950883810516,1027.1747452102877,1027.1747452102863,652.465478851167,652.4654788511671,233,26,29,9,15,11,471.85205779487063,-282.4058184689681,398.6945539328223
scaled_joint,30,schedule,2,266,5790.78929154504,5790.789999999999,58.64661654135338,2.085565586403083,473.62154598580037,514.9926518547718,5790.789291545041,0.0,0,-476.9500752712893,3145.9297952958136,2644.8594962492266,131,135,1658,1142.0,1330.0,"{'TP': 97, 'MH': 77, 'MFE': 58, 'MHx': 17, 'BE': 15, 'SN': 2}",4218.5011622155835,172,4205.06515154538,1572.2881293294563,94,1585.724139999661,652.465478851167,36,652.4654788511671,1796.2795592275165,1796.2795592275165,639.6511795092797,639.6511795092806,961.9029343833165,961.9029343833163,553.6148341265555,553.614834126558,1186.875305447205,1186.8753054472027,652.465478851167,652.4654788511671,233,26,33,9,14,12,427.38559799283763,-210.26567032046404,398.69455393282226
scaled_joint,40,schedule,2,259,5232.590062218318,5232.58,57.91505791505791,1.9876854039515814,780.8016572572142,786.7156764932888,5232.590062218321,0.0,0,-624.4871368267304,2505.3515389677896,2727.238523250529,129,130,1617,1108.0,1295.0,"{'TP': 96, 'MH': 75, 'MFE': 57, 'BE': 15, 'MHx': 14, 'SN': 2}",4579.816387703172,171,4566.380377032968,652.7736745151471,88,666.209685185353,-81.83015432295238,35,-81.8301543229527,1779.0242647559407,1779.0242647559412,643.0274665566011,643.0274665566017,1022.8367301440037,1022.8367301440039,867.8752712777105,867.8752712777132,927.6192749328889,927.6192749328875,-7.792945448826259,-7.792945448826686,235,24,24,10,14,10,441.04984487131594,-207.80891146637632,-148.29718736950878
scaled_joint,50,schedule,2,268,5817.2036115225565,5817.200000000001,59.32835820895522,2.123532827733635,606.5169755852521,612.4309948213267,5817.20361152256,0.0,0,-485.7123659980116,2728.299047721267,3088.9045638012894,132,136,1651,1144.0,1340.0,"{'TP': 102, 'MH': 75, 'MFE': 59, 'BE': 16, 'MHx': 14, 'SN': 2}",4640.7831873601845,172,4627.347176689981,1176.420424162372,96,1189.856434832579,92.45452734900877,35,92.45452734900937,1753.6507772873324,1753.6507772873324,718.7809640968993,718.7809640969003,1008.6294665079777,1008.6294665079777,1023.2905748694344,1023.2905748694375,1146.3600925377787,1146.3600925377768,166.49173622313484,166.49173622313538,239,20,29,10,8,12,4.6948390405059826,-75.22008815620147,-132.6274672062557
scaled_joint,75,schedule,2,267,5856.3776734960375,5856.34,58.80149812734082,2.13011327518971,719.3093466991777,725.2233659352523,5856.377673496041,0.0,0,-485.7123659980116,2804.5294668763954,3051.848206619643,131,136,1641,1142.0,1335.0,"{'TP': 102, 'MH': 78, 'MFE': 58, 'MHx': 14, 'BE': 13, 'SN': 2}",4517.470273251042,173,4504.034262580838,1338.9074002449956,94,1352.343410915203,-22.984186256941058,36,-22.98418625693921,1753.007205145736,1753.0072051457364,737.26167870435,737.2616787043503,955.6755344263911,955.6755344263916,935.0944503760243,935.0944503760265,1424.2857822263522,1424.2857822263495,51.05302261718501,51.0530226171868,249,10,18,4,6,4,64.86155893789305,-45.11540255363821,-63.391370937950086
scaled_joint,125,schedule,2,257,6048.179873658897,6048.14,60.311284046692606,2.2714911613553284,580.7997005337375,586.7137197698121,6048.179873658898,0.0,0,-450.4663175950127,2840.1454716058197,3208.0344020530765,129,128,1572,1106.0,1285.0,"{'TP': 99, 'MH': 71, 'MFE': 58, 'BE': 13, 'MHx': 13, 'SN': 3}",4756.140518792228,166,4742.704508122024,1292.0393548666682,91,1305.475365536874,34.7446329192463,36,34.744632919247124,1763.9552435879496,1763.95524358795,739.0259648475263,739.0259648475267,908.4048971087524,908.4048971087518,1278.83404971563,1278.8340497156332,1249.177876605666,1249.1778766056632,108.78184179337248,108.78184179337313,246,13,11,5,4,9,-306.6910261279805,-316.53664098245673,28.279482587852932
scaled_joint,150,schedule,2,253,6383.275919862161,6383.219999999999,60.86956521739131,2.42013552630274,596.761355090166,602.6753743262407,6383.2759198621625,0.0,0,-450.4663175950127,2584.4764689203766,3798.799450941785,126,127,1554,1092.0,1265.0,"{'TP': 100, 'MH': 69, 'MFE': 55, 'BE': 14, 'MHx': 13, 'SN': 2}",4775.952698962779,163,4762.516688292575,1607.3232208993818,90,1620.7592315695874,209.8101614210186,35,209.81016142101907,1728.6992663156357,1728.6992663156361,498.9235340923839,498.9235340923842,1195.6981490303951,1195.6981490303951,1358.8468555302065,1358.8468555302097,1317.2607445983945,1317.2607445983922,283.84737029514474,283.8473702951451,235,24,18,7,10,14,-181.99780069369265,146.77665959059362,24.75545365235483
scaled_joint,200,schedule,2,252,5081.402437374725,5081.34,58.333333333333336,2.0029997299351368,684.0632982961788,689.9773175322534,5081.402437374724,0.0,0,-517.3925759542576,2332.776826764515,2748.6256106102105,129,123,1560,1090.0,1260.0,"{'TP': 93, 'MH': 74, 'MFE': 58, 'BE': 12, 'MHx': 12, 'SN': 3}",4056.557510041832,162,4043.121499371626,1024.8449273328938,90,1038.280938003098,127.01184416517995,36,127.01184416518026,1383.4567986467086,1383.456798646709,524.9369138577973,524.9369138577979,992.0854737937725,992.0854737937723,898.1701825194921,898.1701825194918,1081.7040155176487,1081.704015517647,201.04905303930596,201.04905303930627,225,34,27,10,21,13,621.7028429920618,-166.0366008230708,-160.60412473566146
scaled_joint,250,schedule,2,249,4073.859326531351,4073.8100000000004,57.028112449799195,1.75517186024262,561.7536150804872,595.0914625710029,4073.859326531353,0.0,0,-517.3925759542576,1853.0991574620261,2220.7601690693255,127,122,1559,1082.0,1245.0,"{'TP': 88, 'MH': 75, 'MFE': 58, 'BE': 12, 'MHx': 12, 'SN': 4}",3244.3669483236795,155,3230.930937653474,829.4923782076718,94,842.9283888778791,26.371064298710237,40,26.371064298712554,1176.070276153654,1176.070276153654,262.6783119515752,262.6783119515758,649.0342021857126,649.0342021857132,898.676016808676,898.6760168086757,986.9922462588964,986.9922462588956,100.40827317283637,100.40827317283856,218,41,31,12,27,14,1426.6432122881586,-210.14307970009116,-319.1003874059189
scaled_joint,300,schedule,2,250,3690.0608331928293,3690.0299999999997,56.39999999999999,1.6578447457146375,846.3571816429844,852.271200879059,3690.0608331928293,0.0,0,-735.0698841575099,1806.1922275230386,1883.8686056697902,132,118,1572,1096.0,1250.0,"{'TP': 84, 'MH': 76, 'MFE': 61, 'MHx': 13, 'BE': 12, 'SN': 4}",3224.095629734807,156,3210.659619064601,465.9652034580221,94,479.4012141282283,-357.49358076893253,40,-357.4935807689303,1233.6705840480936,1233.670584048094,425.71815181714885,425.71815181714896,603.6380230173421,603.6380230173424,703.1607296281611,703.1607296281604,1007.3297165768895,1007.3297165768877,-283.45637189480635,-283.4563718948043,214,45,36,8,30,15,1648.927754622062,-356.4244173679117,-334.3330007427173
fixed_joint,100,schedule,5,263,5519.622211282051,5519.63,58.935361216730044,2.0791026077778705,749.6222198089672,754.0834860541918,5519.622211282054,0.0,0,-498.4427544457667,2706.339723898816,2813.282487383235,136,127,1598,1132.0,1315.0,"{'TP': 99, 'MH': 78, 'MFE': 61, 'MHx': 13, 'BE': 10, 'SN': 2}",4338.683026568831,175,4324.051044687433,1180.9391847132192,88,1195.571166594621,-92.24307177308819,37,-92.24307177308583,1697.4169995388802,1697.4169995388806,726.7576556416599,726.7576556416598,772.3055569330849,772.3055569330845,989.904702575926,989.9047025759269,1353.7940426661785,1353.794042666179,-20.556746073678397,-20.55674607367655,263,0,0,0,0,0,0.0,0.0,0.0
fixed_joint,10,schedule,5,167,2243.759142811172,2243.76,54.49101796407185,1.608950095024808,758.8508288605317,758.8508288605317,2243.759142811172,0.0,0,-637.7455460680326,2024.3389971815197,219.42014562965198,157,10,865,744.0,835.0,"{'MFE': 67, 'MH': 48, 'TP': 33, 'MHx': 13, 'BE': 4, 'SN': 2}",1864.3631476597304,117,1849.731165778331,379.3959951514415,50,394.0279770328409,-331.94562188872385,24,-331.94562188872396,914.8490777757462,914.8490777757462,142.86349514806454,142.86349514806477,594.1175561966033,594.1175561966033,91.43410890281521,91.43410890281484,832.4405266766667,832.4405266766667,-331.94562188872385,-331.94562188872396,146,117,21,20,72,45,2565.8381479808754,-354.7876947724694,-355.2372257175339
fixed_joint,20,schedule,5,195,3292.2227997116315,3292.2200000000003,58.97435897435898,1.813651126007506,758.8508288605317,758.8508288605317,3292.2227997116315,0.0,0,-637.7455460680326,1792.495012142077,1499.7277875695543,152,43,1035,856.0,975.0,"{'MFE': 67, 'TP': 55, 'MH': 50, 'MHx': 16, 'BE': 4, 'SN': 3}",2754.736179746742,134,2740.1041978653434,537.4866199648893,61,552.1186018462881,-366.3649461274895,28,-366.36494612748993,1053.3163641373724,1053.3163641373726,630.9191331486151,630.9191331486147,319.4917702414641,319.49177024146456,533.5930595085649,533.5930595085654,1121.2674188031044,1121.2674188031042,-366.3649461274895,-366.36494612748993,172,91,23,17,50,41,1516.6462166791412,-434.99085412553245,-275.76234076574633
fixed_joint,24,schedule,5,211,3131.3215638251822,3131.3100000000004,56.39810426540285,1.694436299364015,758.8508288605321,758.8508288605321,3131.3215638251822,0.0,0,-637.745546068033,1847.690907485864,1283.6306563393184,152,59,1175,922.0,1055.0,"{'MFE': 67, 'MH': 61, 'TP': 60, 'MHx': 16, 'BE': 5, 'SN': 2}",2554.318088567833,145,2539.6861066864344,577.0034752573488,66,591.6354571387478,-320.9744366699871,29,-320.9744366699879,1135.900229811025,1135.900229811025,563.0637566680442,563.0637566680441,228.77558826868466,228.77558826868471,451.4438152400257,451.4438152400264,1073.1126105073902,1073.11261050739,-320.9744366699871,-320.9744366699879,185,78,26,19,46,32,1723.7746352504096,-451.45180113498316,-213.07421107147613
fixed_joint,30,schedule,5,229,3390.5913795514325,3390.590000000001,56.33187772925764,1.6849731320305978,877.735477319412,881.8512716488049,3390.5913795514334,0.0,0,-637.7455460680326,1775.4084584088075,1615.1829211426245,148,81,1311,1000.0,1145.0,"{'TP': 71, 'MH': 66, 'MFE': 66, 'MHx': 16, 'BE': 7, 'SN': 3}",2719.1024941751375,152,2704.4705122937385,671.4888853762948,77,686.120867257695,-333.8914979958113,34,-333.89149799581037,1096.5473227038933,1096.5473227038933,486.5190773051754,486.5190773051752,273.55809030269927,273.5580903026994,652.6313910173601,652.631391017361,1215.2269962181153,1215.226996218115,-333.8914979958113,-333.89149799581037,205,58,24,19,34,24,1289.8800233524387,-626.0765973067043,-213.0742110714761
fixed_joint,40,schedule,5,248,4064.885747959518,4064.9,57.25806451612904,1.7665909073884678,639.7456037368529,643.8613980662458,4064.88574795952,0.0,0,-498.4427544457667,2258.439540573126,1806.4462073863924,147,101,1466,1072.0,1240.0,"{'TP': 83, 'MH': 72, 'MFE': 65, 'MHx': 17, 'BE': 7, 'SN': 4}",3202.791613067083,164,3188.159631185684,862.0941348924352,84,876.7261167738361,-130.60833042333533,36,-130.60833042333434,1108.3396593653986,1108.3396593653988,571.1298476752775,571.129847675277,731.5174686410403,731.5174686410408,687.8026394057295,687.8026394057301,1096.7044632954075,1096.7044632954075,-130.60833042333533,-130.60833042333434,222,41,26,15,24,17,1009.7665362646782,-249.24910008699388,-195.72082697086097
fixed_joint,50,schedule,5,255,4593.325114401337,4593.35,58.03921568627452,1.882947532012944,639.7456037368529,643.8613980662458,4593.325114401339,0.0,0,-498.4427544457667,2308.202838388648,2285.122276012689,146,109,1527,1100.0,1275.0,"{'TP': 88, 'MH': 75, 'MFE': 64, 'MHx': 17, 'BE': 8, 'SN': 3}",3592.0488669408564,169,3577.416885059458,1001.2762474604801,86,1015.9082293418815,-130.60833042333533,36,-130.60833042333434,1463.3517570232536,1463.3517570232534,670.1639893603589,670.1639893603592,871.0903530037492,871.090353003749,483.440769573858,483.44076957385914,1235.8865758634524,1235.886575863453,-130.60833042333533,-130.60833042333434,233,30,22,13,15,15,397.85538693632293,-296.2692233064323,-232.17248663795905
fixed_joint,75,schedule,5,271,5183.209496073362,5183.219999999999,57.93357933579336,1.9273063115695448,824.1822127276746,828.6434789728992,5183.209496073363,0.0,0,-519.6658928424949,2408.777015242878,2774.4324808304846,144,127,1653,1168.0,1355.0,"{'TP': 98, 'MH': 81, 'MFE': 64, 'MHx': 15, 'BE': 10, 'SN': 3}",4026.6107055965604,176,4011.978723715161,1156.5987904768017,95,1171.230772358202,-168.53690341594165,39,-168.5369034159403,1516.6141180467098,1516.6141180467098,752.584907699615,752.5849076996151,730.2581360951118,730.2581360951117,877.9755804759793,877.9755804759798,1402.6273314724783,1402.6273314724776,-96.850577716532,-96.850577716531,249,14,22,6,7,7,-88.84129852465789,-375.5640008850256,-49.69001284832123
fixed_joint,125,schedule,5,262,5986.995620035381,5986.970000000001,58.778625954198475,2.148282787761961,544.5895529276022,601.9399381765279,5986.995620035386,0.0,0,-459.26643895023335,3032.751410873812,2954.2442091615694,126,136,1627,1140.0,1310.0,"{'TP': 101, 'MH': 77, 'MFE': 55, 'MHx': 14, 'BE': 12, 'SN': 3}",4012.6253566016044,168,3997.9933747202062,1974.3702634337767,94,1989.00224531518,787.3436202108697,39,787.3436202108733,1508.8213788731273,1508.8213788731273,428.70220211574053,428.70220211573974,869.1525182571977,869.1525182571988,1076.7800073211552,1076.7800073211565,1244.5095675578812,1244.5095675578814,859.0299459102795,859.0299459102825,249,14,13,10,8,6,192.70087937023555,-66.2576187941483,726.3319069177142
fixed_joint,150,schedule,5,257,5051.409417794105,5051.39,57.97665369649806,1.9468618670659525,615.4043850168955,668.1844430237261,5051.409417794108,0.0,0,-533.1586736530635,2191.4018988869584,2860.007518907147,123,134,1604,1120.0,1285.0,"{'TP': 94, 'MH': 78, 'MFE': 53, 'MHx': 16, 'BE': 13, 'SN': 3}",4031.3981559362915,165,4016.7661740548915,1020.0112618578135,92,1034.6432437392164,78.45751359940473,39,78.45751359940823,1334.9888412791581,1334.9888412791584,502.1993494170314,502.19934941703036,1050.2067580431628,1050.2067580431637,892.0450967857361,892.045096785736,1121.8255329702022,1121.825532970202,150.1438392988145,150.1438392988175,236,27,21,10,15,12,245.88992996191962,-161.41765687675144,-60.90520664927459
fixed_joint,200,schedule,5,250,3971.26602653795,3971.2200000000003,57.199999999999996,1.7040911602211997,691.4788031666012,691.4788031666012,3971.26602653795,0.0,0,-544.5824515334498,1456.7913050084057,2514.4747215295447,113,137,1578,1094.0,1250.0,"{'TP': 93, 'MH': 77, 'MFE': 50, 'MHx': 16, 'BE': 10, 'SN': 4}",3171.639599315609,162,3157.007617434209,799.6264272223414,88,814.2584091037411,-113.61464228109631,35,-113.6146422810948,1119.2823005185023,1119.282300518502,553.8641550957745,553.8641550957741,525.2576504804308,525.2576504804313,721.2773828096979,721.2773828096983,1093.5128542152313,1093.5128542152293,-41.92831658168666,-41.92831658168507,220,43,30,17,26,17,942.8789062544664,-327.2566168580679,-278.2206616315666
fixed_joint,250,schedule,5,253,4162.477222181414,4162.47,56.916996047430835,1.7467386562953875,529.402502075317,529.402502075317,4162.477222181415,0.0,0,-468.9650893296848,1512.062940398127,2650.4142817832862,110,143,1579,1098.0,1265.0,"{'TP': 97, 'MH': 79, 'MFE': 50, 'MHx': 12, 'BE': 11, 'SN': 4}",3212.67009930755,166,3198.0381174261497,949.8071228738643,87,964.4391047552649,-184.25010800652444,35,-184.25010800652308,1132.7047713374427,1132.7047713374425,571.9989915945407,571.9989915945403,530.7201529895103,530.7201529895103,881.8336664358851,881.8336664358853,1157.7834221311498,1157.78342213115,-112.5637823071147,-112.5637823071138,221,42,32,16,27,15,1153.1822039897136,76.35907591227891,-280.3218610232027
fixed_joint,300,schedule,5,250,3468.2621499223264,3468.25,56.39999999999999,1.6156791445745249,653.4711977009979,666.4602339078106,3468.2621499223264,0.0,0,-524.2934910056651,1057.9702094569313,2410.291940465395,111,139,1566,1088.0,1250.0,"{'TP': 91, 'MH': 78, 'MFE': 51, 'MHx': 13, 'BE': 13, 'SN': 4}",3024.5723305936754,164,3009.940348712277,443.6898193286511,86,458.32180121004967,-320.16554485873877,37,-320.1655448587403,927.4349670406772,927.4349670406774,706.8862815048433,706.8862815048429,590.068891579172,590.0688915791727,567.0243123209085,567.0243123209088,925.3269166360546,925.3269166360551,-248.47921915932903,-248.47921915933057,218,45,32,22,28,17,1628.7059322212992,-147.8077649314091,-274.84636420701617
fixed_gate_only,100,schedule,5,263,5519.622211282051,5519.63,58.935361216730044,2.0791026077778705,749.6222198089672,754.0834860541918,5519.622211282054,0.0,0,-498.4427544457667,2706.339723898816,2813.282487383235,136,127,1598,1132.0,1315.0,"{'TP': 99, 'MH': 78, 'MFE': 61, 'MHx': 13, 'BE': 10, 'SN': 2}",4338.683026568831,175,4324.051044687433,1180.9391847132192,88,1195.571166594621,-92.24307177308819,37,-92.24307177308583,1697.4169995388802,1697.4169995388806,726.7576556416599,726.7576556416598,772.3055569330849,772.3055569330845,989.904702575926,989.9047025759269,1353.7940426661785,1353.794042666179,-20.556746073678397,-20.55674607367655,263,0,0,0,0,0,0.0,0.0,0.0
fixed_gate_only,10,schedule,5,167,2488.200488361198,2488.1800000000007,53.89221556886228,1.7017455283094531,787.6914537330586,792.1527199782831,2488.200488361198,0.0,0,-682.6861578864009,2240.756148958839,247.44433940235933,157,10,872,744.0,835.0,"{'MFE': 71, 'MH': 48, 'TP': 32, 'MHx': 10, 'BE': 4, 'SN': 2}",2069.2469889020986,117,2054.615007020699,418.95349945909993,50,433.585481340499,-334.4683898217459,24,-334.46838982174586,942.967376166937,942.967376166937,84.77624012842645,84.7762401284266,669.9954975354044,669.9954975354044,292.69011956550156,292.6901195655007,832.2396447866755,832.2396447866752,-334.4683898217459,-334.46838982174586,146,117,21,0,72,45,2565.8381479808754,-465.58357493997664,0.0
fixed_gate_only,20,schedule,5,198,3591.5529775082123,3591.5400000000004,58.080808080808076,1.8826574569927144,787.6914537330595,792.152719978284,3591.5529775082105,0.0,0,-682.6861578864018,2070.540179767369,1521.0127977408433,155,43,1052,868.0,990.0,"{'MFE': 70, 'TP': 56, 'MH': 52, 'MHx': 12, 'BE': 5, 'SN': 3}",2979.5206309894056,137,2964.888649108006,612.0323465188062,61,626.6643284002043,-368.8877140605115,28,-368.8877140605132,1067.4132098699665,1067.4132098699665,572.8318781289769,572.8318781289765,429.29177423915735,429.2917742391571,734.8490701712512,734.8490701712517,1156.0547591593718,1156.0547591593718,-368.8877140605115,-368.8877140605132,175,88,23,0,48,40,1382.282499480799,-545.7867342930397,0.0
fixed_gate_only,24,schedule,5,214,3367.058412331671,3367.0400000000004,55.60747663551402,1.7349693816388885,787.6914537330586,792.1527199782831,3367.058412331672,0.0,0,-682.6861578864009,2070.540179767369,1296.5182325643027,155,59,1182,934.0,1070.0,"{'MFE': 70, 'MH': 63, 'TP': 61, 'MHx': 13, 'BE': 5, 'SN': 2}",2769.4647381078094,148,2754.83275622641,597.5936742238621,66,612.2256561052623,-347.1811196770352,29,-347.181119677035,1150.4372692552502,1150.4372692552504,504.97650164840616,504.9765016484057,338.57559226637807,338.5755922663777,600.3406763577211,600.3406763577218,1119.9094924809515,1119.9094924809515,-347.1811196770352,-347.181119677035,188,75,26,0,44,31,1589.4109180520672,-563.1528808983117,0.0
fixed_gate_only,30,schedule,5,232,3684.4154830775597,3684.4100000000003,56.03448275862068,1.7387104282309527,906.5761021919398,911.0373684371643,3684.4154830775615,0.0,0,-682.6861578864018,2056.3449857099504,1628.0704973676093,151,81,1319,1012.0,1160.0,"{'TP': 73, 'MFE': 69, 'MH': 67, 'MHx': 13, 'BE': 7, 'SN': 3}",2992.3363987347516,155,2977.7044168533525,692.0790843428081,77,706.7110662242089,-360.0981810028594,34,-360.0981810028579,1111.0843621481188,1111.0843621481188,486.5190773051754,486.51907730517496,383.3580943003926,383.3580943003926,801.5282521350557,801.5282521350566,1262.0238781916767,1262.0238781916764,-360.0981810028594,-360.0981810028579,208,55,24,0,32,23,1155.516306154097,-679.6904220503948,0.0
fixed_gate_only,40,schedule,5,248,4159.195105081568,4159.1900000000005,57.25806451612904,1.7912136393910887,623.6456167910119,628.1068830362365,4159.19510508157,0.0,0,-498.4427544457667,2367.8855152428987,1791.3095898386691,147,101,1461,1072.0,1240.0,"{'TP': 84, 'MH': 71, 'MFE': 68, 'MHx': 14, 'BE': 7, 'SN': 4}",3265.276982548816,164,3250.6450006674163,893.9181225327516,84,908.5501044141533,-111.8744016120151,36,-111.87440161201357,1127.8314251586055,1127.8314251586053,571.1298476752775,571.129847675277,625.6142112118712,625.6142112118712,836.6995005234248,836.6995005234257,1109.7945221244038,1109.794522124404,-111.8744016120151,-111.87440161201357,222,41,26,0,24,17,1009.7665362646782,-350.66056993580526,0.0
fixed_gate_only,50,schedule,5,255,4748.407977766632,4748.41,58.03921568627452,1.9250384080422989,623.6456167910119,628.1068830362365,4748.407977766635,0.0,0,-498.4427544457667,2478.422319301667,2269.9856584649656,146,109,1519,1100.0,1275.0,"{'TP': 89, 'MH': 74, 'MFE': 66, 'MHx': 15, 'BE': 8, 'SN': 3}",3716.388259877538,169,3701.7562779961395,1032.019717889094,86,1046.6516997704953,-111.8744016120151,36,-111.87440161201357,1507.1653693926087,1507.1653693926082,670.1639893603589,670.1639893603588,802.7192724533807,802.7192724533807,632.3376306915535,632.3376306915548,1247.8961174807464,1247.896117480746,-111.8744016120151,-111.87440161201357,233,30,22,0,15,15,397.85538693632293,-373.35884657909554,0.0
fixed_gate_only,75,schedule,5,271,5256.31615590201,5256.32,58.30258302583026,1.9548040125154806,824.1822127276746,828.6434789728992,5256.316155902011,0.0,0,-519.6658928424949,2480.203113603511,2776.1130422984993,144,127,1647,1168.0,1355.0,"{'TP': 98, 'MH': 80, 'MFE': 65, 'MHx': 16, 'BE': 9, 'SN': 3}",4091.6502024653323,176,4077.0182205839333,1164.6659534366777,95,1179.2979353180776,-172.4792820733596,39,-172.47928207335735,1541.3761583344894,1541.3761583344894,753.4394578129314,753.4394578129313,769.6810425627879,769.6810425627873,877.9755804759793,877.9755804759807,1414.636873089772,1414.6368730897702,-100.79295637394992,-100.79295637394807,249,14,22,0,7,7,-88.84129852465789,-352.1473539046988,0.0
fixed_gate_only,125,schedule,5,264,5464.861387112842,5464.86,58.71212121212122,2.024728181350555,598.2941883453559,651.0742463521865,5464.8613871128455,0.0,0,-445.10589992378755,2563.159860514026,2901.7015265988157,128,136,1628,1142.0,1320.0,"{'TP': 101, 'MH': 80, 'MFE': 55, 'MHx': 15, 'BE': 10, 'SN': 3}",4212.712713798979,171,4198.080731917581,1252.1486733138618,93,1266.7806551952644,71.01141463217493,38,71.01141463217755,1499.6467759968623,1499.6467759968623,663.2998439986445,663.2998439986436,869.1525182571977,869.1525182571977,1028.3154636669947,1028.315463666997,1261.749044861558,1261.749044861558,142.69774033158464,142.69774033158683,252,11,12,0,5,6,-49.67067179754393,-104.43149596675295,0.0
fixed_gate_only,150,schedule,5,258,5284.668691808618,5284.67,58.139534883720934,1.9888821254703033,615.4043850168955,668.1844430237261,5284.668691808622,0.0,0,-533.1586736530635,2322.949105003819,2961.719586804799,125,133,1610,1124.0,1290.0,"{'TP': 96, 'MH': 80, 'MFE': 52, 'MHx': 16, 'BE': 11, 'SN': 3}",4225.370849192517,167,4210.738867311119,1059.297842616101,91,1073.9298244975025,78.45751359940473,39,78.45751359940823,1325.8142384028931,1325.8142384028934,621.6035421978866,621.6035421978861,1097.339493045462,1097.3394930454622,950.7025685896829,950.7025685896847,1139.065010273879,1139.0650102738778,150.1438392988145,150.1438392988175,236,27,22,0,14,13,22.639181974321446,-212.31433749911122,0.0
fixed_gate_only,200,schedule,5,250,4490.027931225732,4490.01,57.599999999999994,1.8104417380909206,710.0658711086953,714.5271373539199,4490.027931225736,0.0,0,-530.421912507004,1939.1748606468382,2550.853070578893,114,136,1586,1094.0,1250.0,"{'TP': 96, 'MH': 79, 'MFE': 49, 'MHx': 15, 'BE': 8, 'SN': 3}",3587.8195984458434,163,3573.1876165644458,902.2083327798875,87,916.8403146612904,-50.31931748183774,35,-50.31931748183524,1105.1529712932563,1105.1529712932563,724.1650284989896,724.1650284989896,589.6808805513464,589.6808805513472,938.9097111456592,938.9097111456599,1110.7523315189082,1110.7523315189092,21.36700821757188,21.36700821757404,220,43,30,0,25,18,719.6281582668682,-309.96612178945134,0.0
fixed_gate_only,250,schedule,5,248,4284.671148976728,4284.6900000000005,56.451612903225815,1.7787408848925346,588.0189705509056,588.767187647919,4284.671148976732,0.0,0,-502.5684242294842,1829.2420866010161,2455.4290623757124,110,138,1575,1078.0,1240.0,"{'TP': 94, 'MH': 82, 'MFE': 49, 'MHx': 12, 'BE': 8, 'SN': 3}",3459.21537891389,166,3444.583397032491,825.4557700628384,82,840.0877519442411,-131.72395706817662,35,-131.72395706817406,1105.1529712932563,1105.1529712932563,560.5562992066158,560.5562992066157,595.1433830604258,595.1433830604262,968.4517183969997,968.4517183970001,1115.404408388198,1115.4044083881986,-60.03763136876691,-60.03763136876478,217,46,31,0,30,16,1270.3491960030706,35.39813369774825,0.0
fixed_gate_only,300,schedule,5,249,3737.079850906282,3737.08,56.62650602409639,1.6684538945015712,745.1230359994793,762.7324337528203,3737.0798509062856,0.0,0,-568.5564666619703,1467.220283662696,2269.859567243586,111,138,1584,1084.0,1245.0,"{'TP': 92, 'MH': 82, 'MFE': 50, 'MHx': 13, 'BE': 9, 'SN': 3}",3279.8417296769185,164,3265.209747795521,457.23812122936374,85,471.87010311076483,-332.7442286863359,37,-332.7442286863338,899.8831669964906,899.883166996491,670.7078194003753,670.7078194003756,698.0300062578526,698.0300062578533,781.3097300656075,781.3097300656082,948.2070311728824,948.2070311728817,-261.05790298692614,-261.0579029869241,217,46,32,0,28,18,1583.5299669217918,-199.0123934539773,0.0
scaled_joint,100,schedule,5,263,5519.622211282051,5519.63,58.935361216730044,2.0791026077778705,749.6222198089672,754.0834860541918,5519.622211282054,0.0,0,-498.4427544457667,2706.339723898816,2813.282487383235,136,127,1598,1132.0,1315.0,"{'TP': 99, 'MH': 78, 'MFE': 61, 'MHx': 13, 'BE': 10, 'SN': 2}",4338.683026568831,175,4324.051044687433,1180.9391847132192,88,1195.571166594621,-92.24307177308819,37,-92.24307177308583,1697.4169995388802,1697.4169995388806,726.7576556416599,726.7576556416598,772.3055569330849,772.3055569330845,989.904702575926,989.9047025759269,1353.7940426661785,1353.794042666179,-20.556746073678397,-20.55674607367655,263,0,0,0,0,0,0.0,0.0,0.0
scaled_joint,10,schedule,5,254,4454.016089416502,4454.0,57.874015748031496,1.8384594827984266,929.9859434860828,934.4472097313073,4454.016089416504,0.0,0,-743.6816875839722,2303.556623026358,2150.4594663901435,129,125,1591,1090.0,1270.0,"{'TP': 91, 'MH': 74, 'MFE': 59, 'BE': 15, 'MHx': 13, 'SN': 2}",4229.257078662167,168,4214.625096780769,224.7590107543344,86,239.39099263573462,-438.772848655507,35,-438.7728486555052,1540.2776084895609,1540.2776084895609,592.9157279506226,592.9157279506226,1160.4958068581354,1160.495806858136,705.6569284072558,705.656928407257,821.7565406670241,821.7565406670233,-367.08652295609727,-367.0865229560959,222,41,32,13,20,21,507.9611750658079,-343.028625024635,-214.61632177510708
scaled_joint,20,schedule,5,262,5106.317134596678,5106.32,57.25190839694656,1.9190499411227693,484.8017486965837,542.1521339455094,5106.317134596685,0.0,0,-468.4453748495116,2969.1239516074393,2137.1931829892396,135,127,1625,1128.0,1310.0,"{'TP': 93, 'MH': 77, 'MFE': 62, 'BE': 15, 'MHx': 13, 'SN': 2}",3776.01480579701,173,3761.3828239156114,1330.3023287996687,89,1344.9343106810734,527.2138696362236,37,527.2138696362272,1487.478118734927,1487.4781187349267,543.9992491155753,543.9992491155751,913.3149295994045,913.3149295994046,601.3115013905112,601.3115013905121,961.3131404206277,961.3131404206297,598.9001953356334,598.9001953356365,231,32,31,12,17,15,443.3648541580507,-377.5104925845591,407.5702700572378
scaled_joint,24,schedule,5,264,5297.757405693961,5297.79,57.57575757575758,1.9552352453358461,484.8017486965837,542.1521339455094,5297.7574056939675,0.0,0,-468.4453748495116,2988.39728477712,2309.360120916841,134,130,1631,1134.0,1320.0,"{'TP': 95, 'MH': 80, 'MFE': 60, 'MHx': 15, 'BE': 12, 'SN': 2}",4008.4343472173077,177,3993.80236533591,1289.323058476654,87,1303.9550403580574,540.6814477089414,36,540.6814477089447,1551.4516526110415,1551.451652611042,712.445256659758,712.4452566597579,913.3149295994045,913.3149295994044,601.3115013905112,601.3115013905131,978.5526177243049,978.5526177243055,540.6814477089414,540.6814477089447,235,28,29,9,15,13,319.1053787737523,-301.143959669128,398.38453285479113
scaled_joint,30,schedule,5,268,5405.4035053046355,5405.4400000000005,57.83582089552238,1.9739650705698322,484.8017486965837,542.1521339455094,5405.403505304638,0.0,0,-468.4453748495116,2987.072884086919,2418.3306212177154,134,134,1669,1150.0,1340.0,"{'TP': 97, 'MH': 81, 'MFE': 60, 'MHx': 16, 'BE': 12, 'SN': 2}",3968.2757085435833,176,3953.643726662184,1437.1277967610513,92,1451.7597786424544,540.6814477089414,36,540.6814477089447,1661.6163812071968,1661.6163812071968,703.6449458030191,703.6449458030183,913.863462763041,913.8634627630408,459.23991181373384,459.23991181373503,1126.3573560087025,1126.3573560087025,540.6814477089414,540.6814477089447,235,28,33,10,14,14,274.62730796386967,-238.52446403197425,398.9330660184276
scaled_joint,40,schedule,5,261,4838.398546279146,4838.42,57.47126436781609,1.8742713793792305,846.7588076542224,851.220073899447,4838.398546279149,0.0,0,-660.4545517521119,2333.3360824582805,2505.0624638208647,132,129,1630,1116.0,1305.0,"{'TP': 95, 'MH': 78, 'MFE': 59, 'MHx': 14, 'BE': 13, 'SN': 2}",4324.3470741223755,175,4309.715092240977,514.0514721567695,86,528.6834540381715,-209.1211960349516,35,-209.1211960349492,1649.1413681213817,1649.1413681213817,709.4266502968974,709.4266502968972,964.7652901131502,964.7652901131501,771.1027586343544,771.1027586343557,881.3973494489036,881.3973494489042,-137.43487033554186,-137.43487033553993,237,26,24,11,14,12,300.70460288531007,-210.83382918096856,-169.6852329366273
scaled_joint,50,schedule,5,271,5356.3284771269555,5356.34,58.671586715867164,1.9818214272693975,672.4290385911927,676.8903048364173,5356.3284771269555,0.0,0,-527.6604631188093,2545.3333066968344,2810.9951704301207,135,136,1674,1156.0,1355.0,"{'TP': 101, 'MH': 79, 'MFE': 61, 'BE': 14, 'MHx': 14, 'SN': 2}",4382.729080624119,176,4368.097098742718,973.599396502836,95,988.2313783842374,-34.79142697192155,35,-34.79142697191946,1623.7526519901705,1623.7526519901703,784.9995481991297,784.9995481991295,950.5494995600142,950.5494995600134,874.2494175956601,874.2494175956599,1085.8824610544925,1085.8824610544925,36.89489872748814,36.89489872748982,242,21,29,11,8,13,-77.27624881530187,-86.54454326798061,-154.0254397024174
scaled_joint,75,schedule,5,271,5403.109463139678,5403.110000000001,57.93357933579336,1.987724735035412,788.879652973741,793.3409192189656,5403.109463139679,0.0,0,-527.6604631188093,2618.501197683164,2784.6082654565143,135,136,1668,1158.0,1355.0,"{'TP': 101, 'MH': 83, 'MFE': 60, 'MHx': 14, 'BE': 11, 'SN': 2}",4241.418748834667,178,4226.786766953266,1161.6907143050112,93,1176.322696186413,-131.93214221571833,36,-131.93214221571543,1618.3227361016884,1618.3227361016884,775.4644421159603,775.4644421159601,899.3632353632074,899.3632353632061,799.0903719746668,799.0903719746675,1371.1144941004645,1371.1144941004632,-60.245816516308665,-60.24581651630615,253,10,18,4,6,4,22.985874243468146,-30.099001072210708,-63.42787282669399
scaled_joint,125,schedule,5,260,5564.636764796411,5564.65,59.61538461538461,2.112038746925814,652.7458222499117,657.2070884951363,5564.6367647964125,0.0,0,-498.4427544457667,2654.101837417714,2910.534927378696,133,127,1589,1118.0,1300.0,"{'TP': 98, 'MH': 75, 'MFE': 60, 'MHx': 13, 'BE': 11, 'SN': 3}",4424.614673835089,171,4409.982691953691,1140.0220909613208,89,1154.6540728427217,-74.44330244141595,36,-74.44330244141383,1636.4470795636387,1636.447079563639,782.0911554019306,782.0911554019303,799.9315462370594,799.9315462370587,1129.915608579339,1129.915608579341,1219.0083517564483,1219.008351756448,-2.7569767420061737,-2.7569767420045537,250,13,10,5,4,9,-339.3228220341057,-322.594767709137,28.286499189390632
scaled_joint,150,schedule,5,255,5904.231562220642,5904.22,59.6078431372549,2.252494394057058,672.31153537705,676.7728016222745,5904.231562220646,0.0,0,-498.4427544457667,2438.698400189143,3465.5331620315005,129,126,1564,1100.0,1275.0,"{'TP': 98, 'MH': 73, 'MFE': 57, 'MHx': 13, 'BE': 12, 'SN': 2}",4520.411423771744,168,4505.779441890346,1383.8201384488993,87,1398.4521203303002,99.73861851513979,35,99.73861851514175,1610.3445452311305,1610.3445452311307,549.3735412247892,549.3735412247888,1146.7149462628963,1146.7149462628963,1203.1731875473788,1203.173187547381,1223.2003977398988,1223.200397739898,171.4249442145494,171.42494421455103,239,24,16,7,10,14,-241.24425752048617,118.56493518608875,24.800158232017292
scaled_joint,200,schedule,5,255,4762.879347878894,4762.89,57.25490196078431,1.9069228880287261,759.6619443006985,764.123210545923,4762.879347878896,0.0,0,-502.5684242294842,2181.9901538168347,2580.889194062059,133,122,1573,1102.0,1275.0,"{'TP': 93, 'MH': 77, 'MFE': 61, 'MHx': 12, 'BE': 9, 'SN': 3}",3832.4904316434313,168,3817.8584497620323,930.3889162354621,87,945.0208981168635,13.373994776927162,36,13.373994776928157,1274.4302932667604,1274.4302932667601,570.1069463052393,570.1069463052386,968.0293350868752,968.029335086876,790.0128500279639,790.0128500279648,1075.2396027157179,1075.2396027157188,85.0603204763369,85.06032047633744,228,35,27,11,21,14,468.70523248278715,-132.56912111920153,-155.4685098011687
scaled_joint,250,schedule,5,252,3613.1190101945513,3613.13,55.952380952380956,1.6312410307885712,640.873331948444,645.3345981936686,3613.1190101945535,0.0,0,-502.5684242294842,1540.9203909507557,2072.198619243796,132,120,1563,1094.0,1260.0,"{'TP': 88, 'MH': 77, 'MFE': 61, 'MHx': 12, 'BE': 9, 'SN': 5}",2869.8226659288557,162,2855.190684047456,743.2963442656963,90,757.9283261470973,-97.24548590983542,40,-97.24548590983431,1067.1262038073992,1067.1262038073994,158.05686635575188,158.05686635575148,624.2096009002828,624.209600900283,790.5189879088291,790.5189879088296,998.7665114327144,998.7665114327147,-25.559160210425716,-25.55916021042458,221,42,31,13,27,15,1256.845656532109,-329.71486063333157,-319.94268392205885
scaled_joint,300,schedule,5,253,3082.390929429756,3082.3999999999996,55.33596837944664,1.5181165704158455,937.4674117971513,941.9286780423759,3082.3909294297573,0.0,0,-795.0368342944735,1491.2275569782453,1591.163372451511,137,116,1571,1108.0,1265.0,"{'TP': 85, 'MH': 78, 'MFE': 63, 'MHx': 12, 'BE': 10, 'SN': 5}",2783.062583445774,163,2768.4306015643747,299.328345983982,90,313.9603278653826,-487.1704212508655,40,-487.1704212508648,1122.4259989328848,1122.4259989328846,318.54183370256214,318.54183370256214,499.6948758075474,499.69487580754753,612.4888680461875,612.4888680461877,944.7234484920301,944.7234484920305,-415.48409555145577,-415.4840955514551,217,46,36,10,30,16,1560.3863282629065,-554.4464952498024,-322.398458339586
