side,entry_bar,time,value,possible,boundary,included,family,length,slip
S,514,2024-10-10 00:00:00,0.40521268667470944,0.40521268667470944,False,True,baseline,100,0
L,550,2024-10-11 16:00:00,-0.3791103933978099,-0.3791103933978099,False,True,baseline,100,0
L,643,2024-10-15 08:00:00,-0.39693727800823614,-0.39693727800823614,False,True,baseline,100,0
S,650,2024-10-15 16:00:00,0.4031602882799553,0.4031602882799553,False,True,baseline,100,0
S,650,2024-10-16 00:00:00,0.3965899718657263,0.3965899718657263,True,True,baseline,100,0
S,813,2024-10-22 16:00:00,0.40132973810541955,0.40132973810541955,False,True,baseline,100,0
S,844,2024-10-23 16:00:00,0.0,0.40000870047269516,True,False,baseline,100,0
S,844,2024-10-24 00:00:00,0.3903915112855002,0.3903915112855002,True,True,baseline,100,0
S,1054,2024-11-01 16:00:00,0.4004153497983315,0.4004153497983315,False,True,baseline,100,0
L,1156,2024-11-05 16:00:00,0.0,-0.4000151296783386,True,False,baseline,100,0
L,1188,2024-11-07 00:00:00,0.0,-0.4000059943923956,True,False,baseline,100,0
S,1378,2024-11-15 00:00:00,0.3887119832611159,0.3887119832611159,True,True,baseline,100,0
S,1492,2024-11-19 16:00:00,0.0,0.84936,True,False,baseline,100,0
S,1492,2024-11-20 00:00:00,0.6113745445805372,0.6113745445805372,False,True,baseline,100,0
L,1636,2024-11-25 16:00:00,0.0,-0.9574028145164846,True,False,baseline,100,0
S,1660,2024-11-26 16:00:00,0.0,0.49080144481274535,True,False,baseline,100,0
L,1687,2024-11-28 00:00:00,-0.6457629247217299,-0.6457629247217299,False,True,baseline,100,0
L,1843,2024-12-04 08:00:00,-0.7454401470886075,-0.7454401470886075,False,True,baseline,100,0
L,1854,2024-12-05 00:00:00,-0.8140225663619525,-0.8140225663619525,True,True,baseline,100,0
L,1878,2024-12-06 00:00:00,-1.2362945188235475,-1.2362945188235475,False,True,baseline,100,0
S,2001,2024-12-11 00:00:00,0.3880004618397113,0.3880004618397113,True,True,baseline,100,0
L,2019,2024-12-11 16:00:00,-0.39754106390621424,-0.39754106390621424,False,True,baseline,100,0
L,2019,2024-12-12 00:00:00,-0.41213679508103923,-0.41213679508103923,True,True,baseline,100,0
L,2339,2024-12-25 00:00:00,-0.11148045488148971,-0.11148045488148971,False,True,baseline,100,0
S,2381,2024-12-27 00:00:00,0.25048804353377074,0.25048804353377074,False,True,baseline,100,0
S,2691,2025-01-08 16:00:00,0.4055522927911477,0.4055522927911477,False,True,baseline,100,0
S,2691,2025-01-09 00:00:00,0.4046426411899867,0.4046426411899867,False,True,baseline,100,0
L,2830,2025-01-14 16:00:00,-0.30115578063804765,-0.30115578063804765,False,True,baseline,100,0
L,2909,2025-01-18 00:00:00,-0.40170762500367013,-0.40170762500367013,True,True,baseline,100,0
S,3028,2025-01-22 16:00:00,0.0,0.40000243390428675,True,False,baseline,100,0
S,3028,2025-01-23 00:00:00,0.3988524141288144,0.3988524141288144,False,True,baseline,100,0
L,3168,2025-01-28 16:00:00,-0.16149580618462647,-0.16149580618462647,False,True,baseline,100,0
L,3216,2025-01-30 16:00:00,-0.3986763185401368,-0.3986763185401368,False,True,baseline,100,0
S,3395,2025-02-07 00:00:00,-0.30508328457533945,-0.30508328457533945,True,True,baseline,100,0
L,3418,2025-02-08 00:00:00,0.046953797306073755,0.046953797306073755,False,True,baseline,100,0
S,3514,2025-02-12 00:00:00,-0.0499772504662319,-0.0499772504662319,False,True,baseline,100,0
L,3547,2025-02-13 08:00:00,-0.380646,-0.380646,False,True,baseline,100,0
S,3560,2025-02-14 00:00:00,0.040960456508756696,0.040960456508756696,False,True,baseline,100,0
S,3732,2025-02-21 00:00:00,0.0,0.256169761549101,True,False,baseline,100,0
S,3732,2025-02-21 08:00:00,0.14431090279391426,0.14431090279391426,False,True,baseline,100,0
S,3899,2025-02-28 00:00:00,0.20239450556049976,0.20239450556049976,False,True,baseline,100,0
S,4000,2025-03-04 08:00:00,-0.17558532370142343,-0.17558532370142343,False,True,baseline,100,0
L,4035,2025-03-05 16:00:00,-0.288110787575258,-0.288110787575258,False,True,baseline,100,0
L,4156,2025-03-10 16:00:00,0.0,-0.10300996031005206,True,False,baseline,100,0
L,4250,2025-03-14 16:00:00,-0.3068054428676227,-0.3068054428676227,False,True,baseline,100,0
S,4347,2025-03-18 16:00:00,0.164536155945492,0.164536155945492,False,True,baseline,100,0
S,4347,2025-03-19 00:00:00,0.05805893153587108,0.05805893153587108,False,True,baseline,100,0
S,4394,2025-03-20 16:00:00,0.06182297414327591,0.06182297414327591,False,True,baseline,100,0
S,4546,2025-03-27 00:00:00,-0.08872842717927198,-0.08872842717927198,False,True,baseline,100,0
L,4683,2025-04-01 16:00:00,-0.11486887725464735,-0.11486887725464735,False,True,baseline,100,0
S,4706,2025-04-02 16:00:00,-0.0018089558401804772,-0.0018089558401804772,False,True,baseline,100,0
S,4706,2025-04-03 00:00:00,0.17461729305474694,0.17461729305474694,True,True,baseline,100,0
L,4756,2025-04-04 16:00:00,0.0,0.08371953921007441,True,False,baseline,100,0
L,4841,2025-04-08 08:00:00,0.017321616588758266,0.017321616588758266,False,True,baseline,100,0
S,4859,2025-04-09 00:00:00,-0.05718054314727447,-0.05718054314727447,False,True,baseline,100,0
L,4924,2025-04-11 16:00:00,0.0,0.23428000000000002,True,False,baseline,100,0
S,5027,2025-04-16 00:00:00,0.013404467852578154,0.013404467852578154,False,True,baseline,100,0
L,5066,2025-04-17 16:00:00,-0.20771029437711555,-0.20771029437711555,False,True,baseline,100,0
L,5096,2025-04-19 00:00:00,0.05939702858873406,0.05939702858873406,False,True,baseline,100,0
L,5194,2025-04-23 00:00:00,-0.33599588129401886,-0.33599588129401886,True,True,baseline,100,0
L,5202,2025-04-23 08:00:00,-0.2674540260599321,-0.2674540260599321,False,True,baseline,100,0
S,5231,2025-04-24 16:00:00,0.2854544464687359,0.2854544464687359,False,True,baseline,100,0
S,5255,2025-04-25 16:00:00,0.3190509789118724,0.3190509789118724,False,True,baseline,100,0
S,5426,2025-05-02 16:00:00,-0.22987671311695063,-0.22987671311695063,False,True,baseline,100,0
S,5426,2025-05-03 00:00:00,-0.023639781691621686,-0.023639781691621686,True,True,baseline,100,0
L,5550,2025-05-08 00:00:00,0.025547765624999996,0.025547765624999996,True,True,baseline,100,0
L,5595,2025-05-09 16:00:00,-0.41919909217443724,-0.41919909217443724,True,True,baseline,100,0
S,5734,2025-05-15 16:00:00,0.392688634396793,0.392688634396793,True,True,baseline,100,0
S,5865,2025-05-21 00:00:00,0.04692236982511809,0.04692236982511809,False,True,baseline,100,0
L,5908,2025-05-22 16:00:00,0.0,-0.3999104163740649,True,False,baseline,100,0
S,6046,2025-05-28 16:00:00,0.4002612354004344,0.4002612354004344,False,True,baseline,100,0
S,6084,2025-05-30 00:00:00,0.0,0.3328387404161274,True,False,baseline,100,0
S,6084,2025-05-30 08:00:00,0.29773444623312856,0.29773444623312856,False,True,baseline,100,0
L,6222,2025-06-05 00:00:00,-0.31878104123149575,-0.31878104123149575,False,True,baseline,100,0
L,6274,2025-06-07 00:00:00,-0.10763518254203648,-0.10763518254203648,True,True,baseline,100,0
L,6368,2025-06-11 00:00:00,-0.394062726515422,-0.394062726515422,False,True,baseline,100,0
S,6407,2025-06-12 16:00:00,0.3975508983013346,0.3975508983013346,False,True,baseline,100,0
L,6895,2025-07-03 00:00:00,-0.21338911232090896,-0.21338911232090896,False,True,baseline,100,0
S,6938,2025-07-04 16:00:00,0.26126456666173375,0.26126456666173375,False,True,baseline,100,0
L,7034,2025-07-08 16:00:00,-0.11153152513531406,-0.11153152513531406,False,True,baseline,100,0
L,7065,2025-07-10 00:00:00,-0.25038055208725085,-0.25038055208725085,False,True,baseline,100,0
L,7079,2025-07-10 16:00:00,-0.1126254680487242,-0.1126254680487242,True,True,baseline,100,0
L,7106,2025-07-11 16:00:00,-0.39526615399980025,-0.39526615399980025,False,True,baseline,100,0
S,7198,2025-07-15 16:00:00,0.4000967862267823,0.4000967862267823,False,True,baseline,100,0
S,7378,2025-07-23 00:00:00,0.40760296914407257,0.40760296914407257,False,True,baseline,100,0
S,7439,2025-07-25 16:00:00,0.4019420623864178,0.4019420623864178,False,True,baseline,100,0
L,7539,2025-07-29 16:00:00,-0.4050996282391914,-0.4050996282391914,False,True,baseline,100,0
S,7568,2025-07-31 00:00:00,0.062241972416620314,0.062241972416620314,False,True,baseline,100,0
L,7583,2025-07-31 16:00:00,-0.4001364280373687,-0.4001364280373687,False,True,baseline,100,0
S,7708,2025-08-05 16:00:00,0.0,0.12463965490508781,True,False,baseline,100,0
S,7708,2025-08-06 00:00:00,0.054159480764570174,0.054159480764570174,False,True,baseline,100,0
L,7730,2025-08-06 16:00:00,-0.3281091172031156,-0.3281091172031156,False,True,baseline,100,0
L,7756,2025-08-07 16:00:00,0.0,-0.17140000000000002,True,False,baseline,100,0
L,7786,2025-08-09 00:00:00,-0.3954043585091087,-0.3954043585091087,False,True,baseline,100,0
S,7955,2025-08-16 00:00:00,0.255332073350977,0.255332073350977,True,True,baseline,100,0
L,8069,2025-08-21 00:00:00,-0.3642269065114339,-0.3642269065114339,True,True,baseline,100,0
L,8263,2025-08-29 00:00:00,-0.08498856361512841,-0.08498856361512841,False,True,baseline,100,0
L,8406,2025-09-04 00:00:00,-0.13067246091691267,-0.13067246091691267,False,True,baseline,100,0
S,8426,2025-09-04 16:00:00,-0.08040638143436372,-0.08040638143436372,False,True,baseline,100,0
S,8426,2025-09-05 00:00:00,-0.0994729573917202,-0.0994729573917202,False,True,baseline,100,0
L,8452,2025-09-05 16:00:00,0.0,0.1382511639840413,True,False,baseline,100,0
L,8594,2025-09-11 16:00:00,-0.4019686411938623,-0.4019686411938623,False,True,baseline,100,0
L,8611,2025-09-12 08:00:00,-0.1945617401182044,-0.1945617401182044,False,True,baseline,100,0
S,8722,2025-09-17 00:00:00,0.08137504062404254,0.08137504062404254,False,True,baseline,100,0
S,8722,2025-09-17 08:00:00,0.09736694155777023,0.09736694155777023,True,True,baseline,100,0
L,8735,2025-09-17 16:00:00,-0.21498356164867588,-0.21498356164867588,False,True,baseline,100,0
S,8784,2025-09-19 16:00:00,-0.03607565566632731,-0.03607565566632731,False,True,baseline,100,0
S,8784,2025-09-20 00:00:00,-0.17009469353961676,-0.17009469353961676,True,True,baseline,100,0
L,8915,2025-09-25 00:00:00,0.14367522034844468,0.14367522034844468,False,True,baseline,100,0
S,8922,2025-09-25 08:00:00,-0.3447131179063796,-0.3447131179063796,False,True,baseline,100,0
L,9077,2025-10-02 00:00:00,0.03000293651034152,0.03000293651034152,False,True,baseline,100,0
L,9092,2025-10-02 08:00:00,0.0,-0.0594828741903195,True,False,baseline,100,0
L,9092,2025-10-02 16:00:00,-0.12209622840042907,-0.12209622840042907,True,True,baseline,100,0
L,9106,2025-10-03 00:00:00,-0.15002499229655494,-0.15002499229655494,False,True,baseline,100,0
S,9219,2025-10-07 16:00:00,0.40080128891821715,0.40080128891821715,False,True,baseline,100,0
S,9219,2025-10-08 00:00:00,0.38653949414673455,0.38653949414673455,True,True,baseline,100,0
S,9240,2025-10-08 16:00:00,0.24256669922081664,0.24256669922081664,False,True,baseline,100,0
S,9263,2025-10-09 16:00:00,-0.009068017121765862,-0.009068017121765862,False,True,baseline,100,0
S,9299,2025-10-11 00:00:00,-0.197350176239156,-0.197350176239156,True,True,baseline,100,0
L,9435,2025-10-16 16:00:00,-0.03032279337091916,-0.03032279337091916,False,True,baseline,100,0
S,9459,2025-10-17 16:00:00,0.22144457772611142,0.22144457772611142,False,True,baseline,100,0
L,9523,2025-10-20 08:00:00,-0.09830942854849135,-0.09830942854849135,False,True,baseline,100,0
S,9582,2025-10-23 00:00:00,0.0957820252735535,0.0957820252735535,False,True,baseline,100,0
L,9603,2025-10-23 16:00:00,-0.16649404600531195,-0.16649404600531195,False,True,baseline,100,0
S,9719,2025-10-28 16:00:00,0.18557764336167237,0.18557764336167237,False,True,baseline,100,0
L,9730,2025-10-29 00:00:00,-0.07077322158823021,-0.07077322158823021,False,True,baseline,100,0
S,9756,2025-10-30 00:00:00,0.0,0.15660000000000002,True,False,baseline,100,0
S,9777,2025-10-31 00:00:00,-0.25282134794940553,-0.25282134794940553,False,True,baseline,100,0
L,9800,2025-11-01 00:00:00,0.05114630166810232,0.05114630166810232,False,True,baseline,100,0
L,9921,2025-11-06 00:00:00,-0.17621797000194403,-0.17621797000194403,False,True,baseline,100,0
S,9939,2025-11-06 16:00:00,0.19917239341045176,0.19917239341045176,False,True,baseline,100,0
S,9939,2025-11-07 00:00:00,0.0027698800664392913,0.0027698800664392913,True,True,baseline,100,0
S,10066,2025-11-12 00:00:00,0.11143455484156002,0.11143455484156002,False,True,baseline,100,0
S,10116,2025-11-14 00:00:00,0.0,0.0928553938968949,True,False,baseline,100,0
L,10202,2025-11-17 16:00:00,-0.401466595094817,-0.401466595094817,False,True,baseline,100,0
L,10231,2025-11-19 00:00:00,-0.24027340101714895,-0.24027340101714895,False,True,baseline,100,0
S,10250,2025-11-19 16:00:00,0.27511121807581046,0.27511121807581046,False,True,baseline,100,0
S,10250,2025-11-20 00:00:00,0.1262888893904933,0.1262888893904933,False,True,baseline,100,0
S,10284,2025-11-21 00:00:00,0.0,0.2715190810044237,True,False,baseline,100,0
S,10397,2025-11-26 00:00:00,0.022425889296527404,0.022425889296527404,False,True,baseline,100,0
S,10422,2025-11-27 00:00:00,0.0759797543244231,0.0759797543244231,False,True,baseline,100,0
S,10449,2025-11-28 00:00:00,0.03977796822234148,0.03977796822234148,False,True,baseline,100,0
L,10563,2025-12-02 16:00:00,-0.22149692041317576,-0.22149692041317576,False,True,baseline,100,0
L,10563,2025-12-03 00:00:00,-0.1773151786095344,-0.1773151786095344,True,True,baseline,100,0
L,10583,2025-12-03 16:00:00,-0.04467376760214692,-0.04467376760214692,True,True,baseline,100,0
S,10618,2025-12-05 00:00:00,0.38965362546105087,0.38965362546105087,False,True,baseline,100,0
S,10642,2025-12-06 00:00:00,0.1958286109124613,0.1958286109124613,False,True,baseline,100,0
S,10787,2025-12-12 00:00:00,0.10530413992003042,0.10530413992003042,False,True,baseline,100,0
S,10787,2025-12-12 08:00:00,-0.010163809813309018,-0.010163809813309018,False,True,baseline,100,0
S,10812,2025-12-13 00:00:00,0.0,-0.009446469807440258,True,False,baseline,100,0
S,10812,2025-12-13 08:00:00,0.004298597785016287,0.004298597785016287,False,True,baseline,100,0
L,10974,2025-12-20 00:00:00,-0.36903346924344366,-0.36903346924344366,True,True,baseline,100,0
S,11067,2025-12-23 16:00:00,0.27206728184743517,0.27206728184743517,False,True,baseline,100,0
S,11094,2025-12-25 00:00:00,0.22565606186963838,0.22565606186963838,False,True,baseline,100,0
L,11107,2025-12-25 08:00:00,-0.26000599256354784,-0.26000599256354784,False,True,baseline,100,0
S,11117,2025-12-26 00:00:00,0.2008447689760527,0.2008447689760527,False,True,baseline,100,0
L,11146,2025-12-27 00:00:00,-0.1351940625073332,-0.1351940625073332,False,True,baseline,100,0
L,11232,2025-12-30 16:00:00,-0.15674193466533992,-0.15674193466533992,False,True,baseline,100,0
L,11243,2025-12-31 00:00:00,-0.39910389957264963,-0.39910389957264963,False,True,baseline,100,0
L,11264,2026-01-01 00:00:00,-0.1403192302564923,-0.1403192302564923,False,True,baseline,100,0
L,11287,2026-01-02 00:00:00,0.02243656278698744,0.02243656278698744,False,True,baseline,100,0
L,11411,2026-01-07 00:00:00,-0.16969234008917589,-0.16969234008917589,False,True,baseline,100,0
S,11451,2026-01-08 16:00:00,0.3085354154961301,0.3085354154961301,False,True,baseline,100,0
S,11451,2026-01-09 00:00:00,0.001959659019520037,0.001959659019520037,False,True,baseline,100,0
L,11570,2026-01-13 16:00:00,-0.3654359707156272,-0.3654359707156272,False,True,baseline,100,0
S,11652,2026-01-17 00:00:00,0.0,0.1106803391928999,True,False,baseline,100,0
S,11652,2026-01-17 08:00:00,0.3380877953074434,0.3380877953074434,False,True,baseline,100,0
S,11731,2026-01-20 08:00:00,0.3445333700403803,0.3445333700403803,False,True,baseline,100,0
S,11769,2026-01-22 00:00:00,0.04560340022935779,0.04560340022935779,False,True,baseline,100,0
S,11813,2026-01-24 00:00:00,0.20352057793315084,0.20352057793315084,False,True,baseline,100,0
L,11891,2026-01-27 00:00:00,-0.05261670597886054,-0.05261670597886054,False,True,baseline,100,0
S,11963,2026-01-30 00:00:00,-0.04583873047898873,-0.04583873047898873,True,True,baseline,100,0
S,12078,2026-02-04 00:00:00,-0.15690272338001848,-0.15690272338001848,False,True,baseline,100,0
S,12106,2026-02-05 00:00:00,-0.23944396203745832,-0.23944396203745832,True,True,baseline,100,0
L,12155,2026-02-07 00:00:00,-0.07412643574967141,-0.07412643574967141,False,True,baseline,100,0
S,12267,2026-02-11 16:00:00,-0.5192276615499508,-0.5192276615499508,False,True,baseline,100,0
S,12267,2026-02-12 00:00:00,-0.4881670410989698,-0.4881670410989698,True,True,baseline,100,0
L,12290,2026-02-12 16:00:00,-0.08952040533622317,-0.08952040533622317,False,True,baseline,100,0
S,12300,2026-02-13 00:00:00,0.0,-0.16413223336795676,True,False,baseline,100,0
L,12317,2026-02-14 00:00:00,-0.17698259417559017,-0.17698259417559017,True,True,baseline,100,0
L,12435,2026-02-18 16:00:00,0.15253517570160713,0.15253517570160713,False,True,baseline,100,0
S,12442,2026-02-19 00:00:00,-0.034907921354578056,-0.034907921354578056,False,True,baseline,100,0
S,12466,2026-02-20 00:00:00,-0.31543083392953797,-0.31543083392953797,False,True,baseline,100,0
S,12466,2026-02-20 08:00:00,-0.18817882523265686,-0.18817882523265686,True,True,baseline,100,0
S,12586,2026-02-25 00:00:00,-0.121071801542207,-0.121071801542207,False,True,baseline,100,0
S,12586,2026-02-25 08:00:00,-0.100175256254822,-0.100175256254822,True,True,baseline,100,0
L,12595,2026-02-25 08:00:00,0.09774798619102415,0.09774798619102415,False,True,baseline,100,0
L,12608,2026-02-26 00:00:00,-0.24060305746596816,-0.24060305746596816,True,True,baseline,100,0
S,12635,2026-02-27 00:00:00,0.15566968578981769,0.15566968578981769,False,True,baseline,100,0
L,12731,2026-03-03 00:00:00,0.27868468381611,0.27868468381611,True,True,baseline,100,0
S,12796,2026-03-05 16:00:00,0.0,-0.03348222016232818,True,False,baseline,100,0
S,12796,2026-03-06 00:00:00,-0.058016553471462624,-0.058016553471462624,False,True,baseline,100,0
L,12917,2026-03-11 00:00:00,-0.10804435502792924,-0.10804435502792924,False,True,baseline,100,0
L,12980,2026-03-13 08:00:00,0.0,-0.09056349551288237,True,False,baseline,100,0
S,13132,2026-03-19 16:00:00,0.0,-0.03483953680935459,True,False,baseline,100,0
S,13298,2026-03-26 16:00:00,0.028651371912942796,0.028651371912942796,False,True,baseline,100,0
L,13437,2026-04-01 16:00:00,-0.19275764209450733,-0.19275764209450733,True,True,baseline,100,0
S,13473,2026-04-03 00:00:00,-0.29605870102283977,-0.29605870102283977,False,True,baseline,100,0
S,13497,2026-04-04 00:00:00,-0.0383435693542303,-0.0383435693542303,False,True,baseline,100,0
S,13591,2026-04-08 00:00:00,0.041063877151610174,0.041063877151610174,False,True,baseline,100,0
L,13610,2026-04-08 16:00:00,-0.23472298330965574,-0.23472298330965574,False,True,baseline,100,0
S,13642,2026-04-10 00:00:00,0.07855039945291815,0.07855039945291815,False,True,baseline,100,0
S,13642,2026-04-10 08:00:00,0.0505791459289995,0.0505791459289995,True,True,baseline,100,0
L,13755,2026-04-14 16:00:00,-0.40081445445884306,-0.40081445445884306,False,True,baseline,100,0
L,13953,2026-04-23 00:00:00,-0.31172820200927676,-0.31172820200927676,False,True,baseline,100,0
L,14256,2026-05-05 16:00:00,0.09633277689351354,0.09633277689351354,False,True,baseline,100,0
L,14596,2026-05-19 16:00:00,0.0,-0.22748016284637518,True,False,baseline,100,0
S,14600,2026-05-20 00:00:00,0.14349482988425116,0.14349482988425116,False,True,baseline,100,0
S,14667,2026-05-22 16:00:00,0.12387851626179094,0.12387851626179094,False,True,baseline,100,0
S,14667,2026-05-23 00:00:00,0.23701739804874836,0.23701739804874836,False,True,baseline,100,0
L,14743,2026-05-26 00:00:00,-0.13056923835942708,-0.13056923835942708,False,True,baseline,100,0
S,14794,2026-05-28 00:00:00,0.24472139746285873,0.24472139746285873,False,True,baseline,100,0
S,14968,2026-06-04 08:00:00,0.3077447406527926,0.3077447406527926,False,True,baseline,100,0
S,15093,2026-06-09 16:00:00,0.0014548938628158846,0.0014548938628158846,False,True,baseline,100,0
S,15293,2026-06-18 00:00:00,-0.02961530043781318,-0.02961530043781318,False,True,baseline,100,0
S,15324,2026-06-19 00:00:00,0.0,-0.027643945729563826,True,False,baseline,100,0
S,15324,2026-06-19 08:00:00,0.2665555146229078,0.2665555146229078,False,True,baseline,100,0
L,15412,2026-06-22 16:00:00,0.0,-0.07764,True,False,baseline,100,0
S,15434,2026-06-23 16:00:00,0.01315895678370836,0.01315895678370836,False,True,baseline,100,0
L,15452,2026-06-24 08:00:00,0.0,-0.18315890086413825,True,False,baseline,100,0
L,15452,2026-06-24 16:00:00,-0.08878276527207106,-0.08878276527207106,False,True,baseline,100,0
L,15483,2026-06-25 16:00:00,-0.1716202103514099,-0.1716202103514099,False,True,baseline,100,0
S,15490,2026-06-26 00:00:00,-0.332263630034938,-0.332263630034938,False,True,baseline,100,0
S,15490,2026-06-26 08:00:00,-0.06789386015705819,-0.06789386015705819,True,True,baseline,100,0
L,15670,2026-07-03 16:00:00,-0.40127838834259405,-0.40127838834259405,False,True,baseline,100,0
S,15803,2026-07-09 00:00:00,0.18078535107253277,0.18078535107253277,False,True,baseline,100,0
L,15955,2026-07-15 08:00:00,-0.15415081383665855,-0.15415081383665855,False,True,baseline,100,0
S,15988,2026-07-16 16:00:00,0.0,0.24316733515500374,True,False,baseline,100,0
S,16010,2026-07-17 16:00:00,0.191395711519792,0.191395711519792,False,True,baseline,100,0
S,16010,2026-07-18 00:00:00,0.09805449509381804,0.09805449509381804,True,True,baseline,100,0
L,16101,2026-07-21 16:00:00,-0.16670106690152922,-0.16670106690152922,False,True,baseline,100,0
S,16131,2026-07-22 16:00:00,0.057065636960848425,0.057065636960848425,False,True,baseline,100,0
S,16131,2026-07-23 00:00:00,0.26164210008016486,0.26164210008016486,False,True,baseline,100,0
S,16156,2026-07-23 16:00:00,0.0,-0.13252000000000003,True,False,baseline,100,0
S,16156,2026-07-24 00:00:00,-0.1287130325235949,-0.1287130325235949,False,True,baseline,100,0
L,16180,2026-07-24 16:00:00,0.0,-0.07103999999999999,True,False,baseline,100,0
S,16186,2026-07-25 00:00:00,0.06880413004960065,0.06880413004960065,False,True,baseline,100,0
S,16186,2026-07-25 08:00:00,0.21692610966624448,0.21692610966624448,True,True,baseline,100,0
S,16308,2026-07-30 00:00:00,0.0,0.08573490252351071,True,False,baseline,100,0
S,16308,2026-07-30 08:00:00,0.15568234944516052,0.15568234944516052,False,True,baseline,100,0
L,16327,2026-07-31 00:00:00,-0.07962146158179921,-0.07962146158179921,False,True,baseline,100,0
L,16634,2026-08-12 16:00:00,-0.29161696514518426,-0.29161696514518426,False,True,baseline,100,0
L,16772,2026-08-18 08:00:00,0.0,-0.18531999999999998,True,False,baseline,100,0
L,16846,2026-08-21 16:00:00,-0.40211992108737404,-0.40211992108737404,True,True,baseline,100,0
S,16961,2026-08-26 08:00:00,0.1260941206036341,0.1260941206036341,False,True,baseline,100,0
S,17015,2026-08-28 16:00:00,-0.005329760997603151,-0.005329760997603151,False,True,baseline,100,0
L,17250,2026-09-07 08:00:00,-0.2708064132272221,-0.2708064132272221,False,True,baseline,100,0
S,514,2024-10-10 00:00:00,0.4052937454237942,0.4052937454237942,False,True,baseline,100,2
L,550,2024-10-11 16:00:00,-0.37903458648051375,-0.37903458648051375,False,True,baseline,100,2
L,643,2024-10-15 08:00:00,-0.3968579064269508,-0.3968579064269508,False,True,baseline,100,2
S,650,2024-10-15 16:00:00,0.40324093646724873,0.40324093646724873,False,True,baseline,100,2
S,650,2024-10-16 00:00:00,0.39666930572687165,0.39666930572687165,True,True,baseline,100,2
S,813,2024-10-22 16:00:00,0.40141002010944143,0.40141002010944143,False,True,baseline,100,2
S,844,2024-10-23 16:00:00,0.0,0.40008871821633835,True,False,baseline,100,2
S,844,2024-10-24 00:00:00,0.3904696052065415,0.3904696052065415,True,True,baseline,100,2
S,1054,2024-11-01 16:00:00,0.40049544888810906,0.40049544888810906,False,True,baseline,100,2
L,1156,2024-11-05 16:00:00,0.0,-0.3999351426498086,True,False,baseline,100,2
L,1188,2024-11-07 00:00:00,0.0,-0.3999260091905575,True,False,baseline,100,2
S,1378,2024-11-15 00:00:00,0.3887897412093577,0.3887897412093577,True,True,baseline,100,2
S,1492,2024-11-19 16:00:00,0.0,0.8495299059811962,True,False,baseline,100,2
S,1492,2024-11-20 00:00:00,0.611496843949327,0.611496843949327,False,True,baseline,100,2
L,1636,2024-11-25 16:00:00,0.0,-0.9572113722420361,True,False,baseline,100,2
S,1660,2024-11-26 16:00:00,0.0,0.49089962473769294,True,False,baseline,100,2
L,1687,2024-11-28 00:00:00,-0.6456337979621374,-0.6456337979621374,False,True,baseline,100,2
L,1843,2024-12-04 08:00:00,-0.7452910888708334,-0.7452910888708334,False,True,baseline,100,2
L,1854,2024-12-05 00:00:00,-0.813859794403072,-0.813859794403072,True,True,baseline,100,2
L,1878,2024-12-06 00:00:00,-1.2360473093616753,-1.2360473093616753,False,True,baseline,100,2
S,2001,2024-12-11 00:00:00,0.38807807745520234,0.38807807745520234,True,True,baseline,100,2
L,2019,2024-12-11 16:00:00,-0.39746157159189593,-0.39746157159189593,False,True,baseline,100,2
L,2019,2024-12-12 00:00:00,-0.41205438420419854,-0.41205438420419854,True,True,baseline,100,2
L,2339,2024-12-25 00:00:00,-0.11145816324883993,-0.11145816324883993,False,True,baseline,100,2
S,2381,2024-12-27 00:00:00,0.2505381511640036,0.2505381511640036,False,True,baseline,100,2
S,2691,2025-01-08 16:00:00,0.4056334194750427,0.4056334194750427,False,True,baseline,100,2
S,2691,2025-01-09 00:00:00,0.40472358590716817,0.40472358590716817,False,True,baseline,100,2
L,2830,2025-01-14 16:00:00,-0.30109556152574246,-0.30109556152574246,False,True,baseline,100,2
L,2909,2025-01-18 00:00:00,-0.40162729954376136,-0.40162729954376136,True,True,baseline,100,2
S,3028,2025-01-22 16:00:00,0.0,0.40008245039436563,True,False,baseline,100,2
S,3028,2025-01-23 00:00:00,0.3989322005689282,0.3989322005689282,False,True,baseline,100,2
L,3168,2025-01-28 16:00:00,-0.16146351348193008,-0.16146351348193008,False,True,baseline,100,2
L,3216,2025-01-30 16:00:00,-0.39859659922029284,-0.39859659922029284,False,True,baseline,100,2
S,3395,2025-02-07 00:00:00,-0.3051443134380271,-0.3051443134380271,True,True,baseline,100,2
L,3418,2025-02-08 00:00:00,0.04694440842438888,0.04694440842438888,False,True,baseline,100,2
S,3514,2025-02-12 00:00:00,-0.04998724791581507,-0.04998724791581507,False,True,baseline,100,2
L,3547,2025-02-13 08:00:00,-0.38056988602279546,-0.38056988602279546,False,True,baseline,100,2
S,3560,2025-02-14 00:00:00,0.04096865023880446,0.04096865023880446,False,True,baseline,100,2
S,3732,2025-02-21 00:00:00,0.0,0.256221005750251,True,False,baseline,100,2
S,3732,2025-02-21 08:00:00,0.14433977074806387,0.14433977074806387,False,True,baseline,100,2
S,3899,2025-02-28 00:00:00,0.20243499255901157,0.20243499255901157,False,True,baseline,100,2
S,4000,2025-03-04 08:00:00,-0.17562044779098163,-0.17562044779098163,False,True,baseline,100,2
L,4035,2025-03-05 16:00:00,-0.28805317693987,-0.28805317693987,False,True,baseline,100,2
L,4156,2025-03-10 16:00:00,0.0,-0.10298936243756455,True,False,baseline,100,2
L,4250,2025-03-14 16:00:00,-0.3067440940488129,-0.3067440940488129,False,True,baseline,100,2
S,4347,2025-03-18 16:00:00,0.16456906975944385,0.16456906975944385,False,True,baseline,100,2
S,4347,2025-03-19 00:00:00,0.05807054564500007,0.05807054564500007,False,True,baseline,100,2
S,4394,2025-03-20 16:00:00,0.061835341211518215,0.061835341211518215,False,True,baseline,100,2
S,4546,2025-03-27 00:00:00,-0.08874617641455489,-0.08874617641455489,False,True,baseline,100,2
L,4683,2025-04-01 16:00:00,-0.11484590807303276,-0.11484590807303276,False,True,baseline,100,2
S,4706,2025-04-02 16:00:00,-0.0018093177037212219,-0.0018093177037212219,False,True,baseline,100,2
S,4706,2025-04-03 00:00:00,0.1746522234994469,0.1746522234994469,True,True,baseline,100,2
L,4756,2025-04-04 16:00:00,0.0,0.08370279865034434,True,False,baseline,100,2
L,4841,2025-04-08 08:00:00,0.017318152958166633,0.017318152958166633,False,True,baseline,100,2
S,4859,2025-04-09 00:00:00,-0.057191981543583174,-0.057191981543583174,False,True,baseline,100,2
L,4924,2025-04-11 16:00:00,0.0,0.23423315336932612,True,False,baseline,100,2
S,5027,2025-04-16 00:00:00,0.013407149282434642,0.013407149282434642,False,True,baseline,100,2
L,5066,2025-04-17 16:00:00,-0.20766876062499057,-0.20766876062499057,False,True,baseline,100,2
L,5096,2025-04-19 00:00:00,0.05938515155842237,0.05938515155842237,False,True,baseline,100,2
S,5231,2025-04-24 16:00:00,0.2855115487784916,0.2855115487784916,False,True,baseline,100,2
S,5255,2025-04-25 16:00:00,0.31911480187224683,0.31911480187224683,False,True,baseline,100,2
S,5426,2025-05-02 16:00:00,-0.2299226976564819,-0.2299226976564819,False,True,baseline,100,2
S,5426,2025-05-03 00:00:00,-0.02364451059374043,-0.02364451059374043,True,True,baseline,100,2
L,5550,2025-05-08 00:00:00,0.025542657093581285,0.025542657093581285,True,True,baseline,100,2
L,5595,2025-05-09 16:00:00,-0.4191152691206131,-0.4191152691206131,True,True,baseline,100,2
S,5734,2025-05-15 16:00:00,0.3927671878343599,0.3927671878343599,True,True,baseline,100,2
S,5865,2025-05-21 00:00:00,0.04693175617635336,0.04693175617635336,False,True,baseline,100,2
L,5908,2025-05-22 16:00:00,0.0,-0.39983045028400804,True,False,baseline,100,2
S,6046,2025-05-28 16:00:00,0.4003413036611666,0.4003413036611666,False,True,baseline,100,2
S,6084,2025-05-30 00:00:00,0.0,0.33290532148042346,True,False,baseline,100,2
S,6084,2025-05-30 08:00:00,0.29779400503413533,0.29779400503413533,False,True,baseline,100,2
L,6222,2025-06-05 00:00:00,-0.3187172977719414,-0.3187172977719414,False,True,baseline,100,2
L,6274,2025-06-07 00:00:00,-0.10761365981007448,-0.10761365981007448,True,True,baseline,100,2
L,6368,2025-06-11 00:00:00,-0.39398392972947616,-0.39398392972947616,False,True,baseline,100,2
S,6407,2025-06-12 16:00:00,0.3976304243862118,0.3976304243862118,False,True,baseline,100,2
L,6895,2025-07-03 00:00:00,-0.21334644303230246,-0.21334644303230246,False,True,baseline,100,2
S,6938,2025-07-04 16:00:00,0.2613168300277392,0.2613168300277392,False,True,baseline,100,2
L,7034,2025-07-08 16:00:00,-0.11150922329065593,-0.11150922329065593,False,True,baseline,100,2
L,7065,2025-07-10 00:00:00,-0.2503304859900529,-0.2503304859900529,False,True,baseline,100,2
L,7079,2025-07-10 16:00:00,-0.11260294745923234,-0.11260294745923234,True,True,baseline,100,2
L,7106,2025-07-11 16:00:00,-0.39518711657648503,-0.39518711657648503,False,True,baseline,100,2
S,7198,2025-07-15 16:00:00,0.4001768215911004,0.4001768215911004,False,True,baseline,100,2
S,7378,2025-07-23 00:00:00,0.4076845060452816,0.4076845060452816,False,True,baseline,100,2
S,7439,2025-07-25 16:00:00,0.4020224668797937,0.4020224668797937,False,True,baseline,100,2
L,7539,2025-07-29 16:00:00,-0.40501862451428855,-0.40501862451428855,False,True,baseline,100,2
S,7568,2025-07-31 00:00:00,0.06225442330128058,0.06225442330128058,False,True,baseline,100,2
L,7583,2025-07-31 16:00:00,-0.40005641675401793,-0.40005641675401793,False,True,baseline,100,2
S,7708,2025-08-05 16:00:00,0.0,0.12466458782265234,True,False,baseline,100,2
S,7708,2025-08-06 00:00:00,0.054170314827535676,0.054170314827535676,False,True,baseline,100,2
L,7730,2025-08-06 16:00:00,-0.32804350850141534,-0.32804350850141534,False,True,baseline,100,2
L,7756,2025-08-07 16:00:00,0.0,-0.17136572685462909,True,False,baseline,100,2
L,7786,2025-08-09 00:00:00,-0.3953252934504186,-0.3953252934504186,False,True,baseline,100,2
S,7955,2025-08-16 00:00:00,0.25538314998097317,0.25538314998097317,True,True,baseline,100,2
L,8069,2025-08-21 00:00:00,-0.36415407569629465,-0.36415407569629465,True,True,baseline,100,2
L,8263,2025-08-29 00:00:00,-0.08497156930126815,-0.08497156930126815,False,True,baseline,100,2
L,8406,2025-09-04 00:00:00,-0.13064633165058254,-0.13064633165058254,False,True,baseline,100,2
S,8426,2025-09-04 16:00:00,-0.08042246592754923,-0.08042246592754923,False,True,baseline,100,2
S,8426,2025-09-05 00:00:00,-0.09949285596291278,-0.09949285596291278,False,True,baseline,100,2
L,8452,2025-09-05 16:00:00,0.0,0.13822351928018528,True,False,baseline,100,2
L,8594,2025-09-11 16:00:00,-0.40188826354115403,-0.40188826354115403,False,True,baseline,100,2
L,8611,2025-09-12 08:00:00,-0.1945228355510942,-0.1945228355510942,False,True,baseline,100,2
S,8722,2025-09-17 00:00:00,0.08139131888782011,0.08139131888782011,False,True,baseline,100,2
S,8722,2025-09-17 08:00:00,0.09738641884153854,0.09738641884153854,True,True,baseline,100,2
L,8735,2025-09-17 16:00:00,-0.2149405735339691,-0.2149405735339691,False,True,baseline,100,2
S,8784,2025-09-19 16:00:00,-0.036082872240775464,-0.036082872240775464,False,True,baseline,100,2
S,8784,2025-09-20 00:00:00,-0.17012871928347345,-0.17012871928347345,True,True,baseline,100,2
L,8915,2025-09-25 00:00:00,0.14364649105023466,0.14364649105023466,False,True,baseline,100,2
S,8922,2025-09-25 08:00:00,-0.34478207432124375,-0.34478207432124375,False,True,baseline,100,2
L,9077,2025-10-02 00:00:00,0.02999693712291694,0.02999693712291694,False,True,baseline,100,2
L,9092,2025-10-02 08:00:00,0.0,-0.05947097999432064,True,False,baseline,100,2
L,9092,2025-10-02 16:00:00,-0.12207181403762156,-0.12207181403762156,True,True,baseline,100,2
L,9106,2025-10-03 00:00:00,-0.14999499329789537,-0.14999499329789537,False,True,baseline,100,2
S,9219,2025-10-07 16:00:00,0.4008814652112594,0.4008814652112594,False,True,baseline,100,2
S,9219,2025-10-08 00:00:00,0.3866168175102365,0.3866168175102365,True,True,baseline,100,2
S,9240,2025-10-08 16:00:00,0.24261522226526971,0.24261522226526971,False,True,baseline,100,2
S,9263,2025-10-09 16:00:00,-0.009069831087983461,-0.009069831087983461,False,True,baseline,100,2
S,9299,2025-10-11 00:00:00,-0.19738965416999,-0.19738965416999,True,True,baseline,100,2
L,9435,2025-10-16 16:00:00,-0.030316730024914182,-0.030316730024914182,False,True,baseline,100,2
S,9459,2025-10-17 16:00:00,0.22148887550121166,0.22148887550121166,False,True,baseline,100,2
L,9523,2025-10-20 08:00:00,-0.09828977059437248,-0.09828977059437248,False,True,baseline,100,2
S,9582,2025-10-23 00:00:00,0.09580118551065563,0.09580118551065563,False,True,baseline,100,2
L,9603,2025-10-23 16:00:00,-0.16646075385454107,-0.16646075385454107,False,True,baseline,100,2
S,9719,2025-10-28 16:00:00,0.18561476631493534,0.18561476631493534,False,True,baseline,100,2
L,9730,2025-10-29 00:00:00,-0.07075906977427535,-0.07075906977427535,False,True,baseline,100,2
S,9756,2025-10-30 00:00:00,0.0,0.15663132626525308,True,False,baseline,100,2
S,9777,2025-10-31 00:00:00,-0.25287192233387235,-0.25287192233387235,False,True,baseline,100,2
L,9800,2025-11-01 00:00:00,0.05113607445321168,0.05113607445321168,False,True,baseline,100,2
L,9921,2025-11-06 00:00:00,-0.17618273345525298,-0.17618273345525298,False,True,baseline,100,2
S,9939,2025-11-06 16:00:00,0.1992122358576233,0.1992122358576233,False,True,baseline,100,2
S,9939,2025-11-07 00:00:00,0.002770434153269945,0.002770434153269945,True,True,baseline,100,2
S,10066,2025-11-12 00:00:00,0.11145684621080218,0.11145684621080218,False,True,baseline,100,2
S,10116,2025-11-14 00:00:00,0.0,0.09287396869063301,True,False,baseline,100,2
L,10202,2025-11-17 16:00:00,-0.4013863178312507,-0.4013863178312507,False,True,baseline,100,2
L,10231,2025-11-19 00:00:00,-0.24022535594595973,-0.24022535594595973,False,True,baseline,100,2
S,10250,2025-11-19 16:00:00,0.2751662513260757,0.2751662513260757,False,True,baseline,100,2
S,10250,2025-11-20 00:00:00,0.12631415222093748,0.12631415222093748,False,True,baseline,100,2
S,10284,2025-11-21 00:00:00,0.0,0.2715733956835604,True,False,baseline,100,2
S,10397,2025-11-26 00:00:00,0.022430375371601727,0.022430375371601727,False,True,baseline,100,2
S,10422,2025-11-27 00:00:00,0.07599495331508611,0.07599495331508611,False,True,baseline,100,2
S,10449,2025-11-28 00:00:00,0.03978592540742296,0.03978592540742296,False,True,baseline,100,2
L,10563,2025-12-02 16:00:00,-0.2214526298871983,-0.2214526298871983,False,True,baseline,100,2
L,10563,2025-12-03 00:00:00,-0.17727972266500144,-0.17727972266500144,True,True,baseline,100,2
L,10583,2025-12-03 16:00:00,-0.04466483463521988,-0.04466483463521988,True,True,baseline,100,2
S,10618,2025-12-05 00:00:00,0.38973157177540596,0.38973157177540596,False,True,baseline,100,2
S,10642,2025-12-06 00:00:00,0.19586778446935516,0.19586778446935516,False,True,baseline,100,2
S,10787,2025-12-12 00:00:00,0.10532520496102261,0.10532520496102261,False,True,baseline,100,2
S,10787,2025-12-12 08:00:00,-0.010165842981905397,-0.010165842981905397,False,True,baseline,100,2
S,10812,2025-12-13 00:00:00,0.0,-0.009448359479336126,True,False,baseline,100,2
S,10812,2025-12-13 08:00:00,0.0042994576765515964,0.0042994576765515964,False,True,baseline,100,2
L,10974,2025-12-20 00:00:00,-0.3689596773079821,-0.3689596773079821,True,True,baseline,100,2
S,11067,2025-12-23 16:00:00,0.27212170618867293,0.27212170618867293,False,True,baseline,100,2
S,11067,2025-12-24 00:00:00,0.10452388162850386,0.10452388162850386,False,True,baseline,100,2
S,11094,2025-12-25 00:00:00,0.2257012021100604,0.2257012021100604,False,True,baseline,100,2
L,11107,2025-12-25 08:00:00,-0.2599540017631952,-0.2599540017631952,False,True,baseline,100,2
S,11117,2025-12-26 00:00:00,0.20088494596524575,0.20088494596524575,False,True,baseline,100,2
L,11146,2025-12-27 00:00:00,-0.13516702910151288,-0.13516702910151288,False,True,baseline,100,2
L,11232,2025-12-30 16:00:00,-0.1567105925468306,-0.1567105925468306,False,True,baseline,100,2
L,11243,2025-12-31 00:00:00,-0.3990240947536989,-0.3990240947536989,False,True,baseline,100,2
L,11264,2026-01-01 00:00:00,-0.14029117202208788,-0.14029117202208788,False,True,baseline,100,2
L,11287,2026-01-02 00:00:00,0.0224320763717131,0.0224320763717131,False,True,baseline,100,2
L,11411,2026-01-07 00:00:00,-0.1696584084074944,-0.1696584084074944,False,True,baseline,100,2
S,11451,2026-01-08 16:00:00,0.30859713492311475,0.30859713492311475,False,True,baseline,100,2
S,11451,2026-01-09 00:00:00,0.0019600510297259825,0.0019600510297259825,False,True,baseline,100,2
L,11570,2026-01-13 16:00:00,-0.36536289813600004,-0.36536289813600004,False,True,baseline,100,2
S,11652,2026-01-17 00:00:00,0.0,0.11070247968883765,True,False,baseline,100,2
S,11652,2026-01-17 08:00:00,0.3381554263927219,0.3381554263927219,False,True,baseline,100,2
S,11731,2026-01-20 08:00:00,0.34460229049848,0.34460229049848,False,True,baseline,100,2
S,11769,2026-01-22 00:00:00,0.04561252273390457,0.04561252273390457,False,True,baseline,100,2
S,11813,2026-01-24 00:00:00,0.2035612901911891,0.2035612901911891,False,True,baseline,100,2
S,11963,2026-01-30 00:00:00,-0.045847900059000524,-0.045847900059000524,True,True,baseline,100,2
S,12078,2026-02-04 00:00:00,-0.1569341102020589,-0.1569341102020589,False,True,baseline,100,2
S,12106,2026-02-05 00:00:00,-0.23949186040954026,-0.23949186040954026,True,True,baseline,100,2
L,12155,2026-02-07 00:00:00,-0.07411161342698602,-0.07411161342698602,False,True,baseline,100,2
S,12267,2026-02-11 16:00:00,-0.5193315278555218,-0.5193315278555218,False,True,baseline,100,2
S,12267,2026-02-12 00:00:00,-0.4882646940377773,-0.4882646940377773,True,True,baseline,100,2
L,12290,2026-02-12 16:00:00,-0.08950250483525614,-0.08950250483525614,False,True,baseline,100,2
S,12300,2026-02-13 00:00:00,0.0,-0.16416506638123302,True,False,baseline,100,2
L,12317,2026-02-14 00:00:00,-0.17694720473464326,-0.17694720473464326,True,True,baseline,100,2
L,12435,2026-02-18 16:00:00,0.1525046747666538,0.1525046747666538,False,True,baseline,100,2
S,12442,2026-02-19 00:00:00,-0.034914904335445154,-0.034914904335445154,False,True,baseline,100,2
S,12466,2026-02-20 00:00:00,-0.3154939327160811,-0.3154939327160811,False,True,baseline,100,2
S,12466,2026-02-20 08:00:00,-0.18821646852636212,-0.18821646852636212,True,True,baseline,100,2
S,12586,2026-02-25 00:00:00,-0.12109602074635627,-0.12109602074635627,False,True,baseline,100,2
S,12586,2026-02-25 08:00:00,-0.10019529531388478,-0.10019529531388478,True,True,baseline,100,2
L,12595,2026-02-25 08:00:00,0.09772844050292358,0.09772844050292358,False,True,baseline,100,2
L,12608,2026-02-26 00:00:00,-0.24055494647667286,-0.24055494647667286,True,True,baseline,100,2
S,12635,2026-02-27 00:00:00,0.15570082595500867,0.15570082595500867,False,True,baseline,100,2
L,12731,2026-03-03 00:00:00,0.2786289580245051,0.2786289580245051,True,True,baseline,100,2
S,12796,2026-03-05 16:00:00,0.0,-0.03348891794591737,True,False,baseline,100,2
S,12796,2026-03-06 00:00:00,-0.05802815910328329,-0.05802815910328329,False,True,baseline,100,2
L,12917,2026-03-11 00:00:00,-0.10802275047783368,-0.10802275047783368,False,True,baseline,100,2
L,12980,2026-03-13 08:00:00,0.0,-0.09054538643559526,True,False,baseline,100,2
S,13132,2026-03-19 16:00:00,0.0,-0.0348465061105767,True,False,baseline,100,2
S,13298,2026-03-26 16:00:00,0.02865710333360952,0.02865710333360952,False,True,baseline,100,2
L,13437,2026-04-01 16:00:00,-0.19271909827485237,-0.19271909827485237,True,True,baseline,100,2
S,13473,2026-04-03 00:00:00,-0.2961179246077613,-0.2961179246077613,False,True,baseline,100,2
S,13497,2026-04-04 00:00:00,-0.03835123960215073,-0.03835123960215073,False,True,baseline,100,2
S,13591,2026-04-08 00:00:00,0.041072091569924155,0.041072091569924155,False,True,baseline,100,2
L,13610,2026-04-08 16:00:00,-0.23467604810003573,-0.23467604810003573,False,True,baseline,100,2
L,13664,2026-04-11 00:00:00,0.01798299493402866,0.01798299493402866,True,True,baseline,100,2
L,13755,2026-04-14 16:00:00,-0.4007343075973236,-0.4007343075973236,False,True,baseline,100,2
L,13953,2026-04-23 00:00:00,-0.3116658688355097,-0.3116658688355097,False,True,baseline,100,2
L,14256,2026-05-05 16:00:00,0.09631351419067541,0.09631351419067541,False,True,baseline,100,2
L,14596,2026-05-19 16:00:00,0.0,-0.22743467591119298,True,False,baseline,100,2
S,14600,2026-05-20 00:00:00,0.1435235345911694,0.1435235345911694,False,True,baseline,100,2
S,14667,2026-05-22 16:00:00,0.12390329692117519,0.12390329692117519,False,True,baseline,100,2
S,14667,2026-05-23 00:00:00,0.23706481101095056,0.23706481101095056,False,True,baseline,100,2
S,14794,2026-05-28 00:00:00,0.24477035153316534,0.24477035153316534,False,True,baseline,100,2
S,14968,2026-06-04 08:00:00,0.30780630191317526,0.30780630191317526,False,True,baseline,100,2
S,15093,2026-06-09 16:00:00,0.0014551848997958437,0.0014551848997958437,False,True,baseline,100,2
S,15293,2026-06-18 00:00:00,-0.029621224682749726,-0.029621224682749726,False,True,baseline,100,2
S,15324,2026-06-19 00:00:00,0.0,-0.027649475624688762,True,False,baseline,100,2
S,15324,2026-06-19 08:00:00,0.2666088363901858,0.2666088363901858,False,True,baseline,100,2
L,15412,2026-06-22 16:00:00,0.0,-0.077624475104979,True,False,baseline,100,2
S,15434,2026-06-23 16:00:00,0.013161589101528667,0.013161589101528667,False,True,baseline,100,2
L,15452,2026-06-24 08:00:00,0.0,-0.18312227640885648,True,False,baseline,100,2
L,15452,2026-06-24 16:00:00,-0.08876501226961712,-0.08876501226961712,False,True,baseline,100,2
L,15483,2026-06-25 16:00:00,-0.17158589317277537,-0.17158589317277537,False,True,baseline,100,2
S,15490,2026-06-26 00:00:00,-0.33233009605414876,-0.33233009605414876,False,True,baseline,100,2
S,15490,2026-06-26 08:00:00,-0.06790744164538726,-0.06790744164538726,True,True,baseline,100,2
L,15670,2026-07-03 16:00:00,-0.4011981487128515,-0.4011981487128515,False,True,baseline,100,2
S,15803,2026-07-09 00:00:00,0.18082151537560784,0.18082151537560784,False,True,baseline,100,2
L,15955,2026-07-15 08:00:00,-0.1541199898386908,-0.1541199898386908,False,True,baseline,100,2
S,15988,2026-07-16 16:00:00,0.0,0.24321597835067382,True,False,baseline,100,2
S,16010,2026-07-17 16:00:00,0.19143399831945587,0.19143399831945587,False,True,baseline,100,2
S,16010,2026-07-18 00:00:00,0.09807410991580119,0.09807410991580119,True,True,baseline,100,2
L,16101,2026-07-21 16:00:00,-0.1666677333548582,-0.1666677333548582,False,True,baseline,100,2
S,16131,2026-07-22 16:00:00,0.05707705237132269,0.05707705237132269,False,True,baseline,100,2
S,16131,2026-07-23 00:00:00,0.2616944389679585,0.2616944389679585,False,True,baseline,100,2
S,16156,2026-07-23 16:00:00,0.0,-0.13254650930186038,True,False,baseline,100,2
S,16156,2026-07-24 00:00:00,-0.12873878027965083,-0.12873878027965083,False,True,baseline,100,2
L,16180,2026-07-24 16:00:00,0.0,-0.07102579484103179,True,False,baseline,100,2
S,16186,2026-07-25 00:00:00,0.06881789362832631,0.06881789362832631,False,True,baseline,100,2
S,16186,2026-07-25 08:00:00,0.21696950356695788,0.21696950356695788,True,True,baseline,100,2
S,16308,2026-07-30 00:00:00,0.0,0.08575205293409753,True,False,baseline,100,2
S,16308,2026-07-30 08:00:00,0.15571349214358923,0.15571349214358923,False,True,baseline,100,2
L,16327,2026-07-31 00:00:00,-0.07960554047370448,-0.07960554047370448,False,True,baseline,100,2
L,16634,2026-08-12 16:00:00,-0.2915586534145014,-0.2915586534145014,False,True,baseline,100,2
L,16772,2026-08-18 08:00:00,0.0,-0.18528294341131774,True,False,baseline,100,2
L,16846,2026-08-21 16:00:00,-0.4020395131847372,-0.4020395131847372,True,True,baseline,100,2
S,16961,2026-08-26 08:00:00,0.1261193444725286,0.1261193444725286,False,True,baseline,100,2
S,17015,2026-08-28 16:00:00,-0.005330827163035758,-0.005330827163035758,False,True,baseline,100,2
L,17250,2026-09-07 08:00:00,-0.27075226277466713,-0.27075226277466713,False,True,baseline,100,2
S,514,2024-10-10 00:00:00,0.4054153943718954,0.4054153943718954,False,True,baseline,100,5
L,550,2024-10-11 16:00:00,-0.37892093293134416,-0.37892093293134416,True,True,baseline,100,5
L,562,2024-10-12 00:00:00,-0.2402278843512082,-0.2402278843512082,False,True,baseline,100,5
L,643,2024-10-15 08:00:00,-0.39673890855395916,-0.39673890855395916,False,True,baseline,100,5
S,650,2024-10-15 16:00:00,0.40336196926458756,0.40336196926458756,False,True,baseline,100,5
S,650,2024-10-16 00:00:00,0.3967883660487507,0.3967883660487507,True,True,baseline,100,5
L,680,2024-10-17 00:00:00,-0.39638023677952605,-0.39638023677952605,False,True,baseline,100,5
S,813,2024-10-22 16:00:00,0.40153050335709806,0.40153050335709806,False,True,baseline,100,5
S,844,2024-10-23 16:00:00,0.0,0.4002088048751328,True,False,baseline,100,5
S,844,2024-10-24 00:00:00,0.3905868046878442,0.3905868046878442,True,True,baseline,100,5
S,1054,2024-11-01 16:00:00,0.40061565762714507,0.40061565762714507,False,True,baseline,100,5
L,1156,2024-11-05 16:00:00,0.0,-0.3998152220673049,True,False,baseline,100,5
L,1188,2024-11-07 00:00:00,0.0,-0.39980609134672235,True,False,baseline,100,5
S,1378,2024-11-15 00:00:00,0.3889064364793556,0.3889064364793556,True,True,baseline,100,5
S,1492,2024-11-19 16:00:00,0.0,0.849784892446223,True,False,baseline,100,5
S,1492,2024-11-20 00:00:00,0.6116803847729236,0.6116803847729236,False,True,baseline,100,5
L,1636,2024-11-25 16:00:00,0.0,-0.9569243523403145,True,False,baseline,100,5
S,1660,2024-11-26 16:00:00,0.0,0.49104696829689387,True,False,baseline,100,5
L,1687,2024-11-28 00:00:00,-0.6454402046194201,-0.6454402046194201,False,True,baseline,100,5
L,1843,2024-12-04 08:00:00,-0.7450676132819665,-0.7450676132819665,False,True,baseline,100,5
L,1854,2024-12-05 00:00:00,-0.8136157584827111,-0.8136157584827111,True,True,baseline,100,5
L,1878,2024-12-06 00:00:00,-1.2356766804833057,-1.2356766804833057,False,True,baseline,100,5
S,2001,2024-12-11 00:00:00,0.388194559119271,0.388194559119271,True,True,baseline,100,5
L,2019,2024-12-11 16:00:00,-0.3973423927098593,-0.3973423927098593,False,True,baseline,100,5
L,2019,2024-12-12 00:00:00,-0.41193082966620614,-0.41193082966620614,True,True,baseline,100,5
L,2339,2024-12-25 00:00:00,-0.1114247425102346,-0.1114247425102346,False,True,baseline,100,5
S,2381,2024-12-27 00:00:00,0.2506133502088752,0.2506133502088752,False,True,baseline,100,5
S,2691,2025-01-08 16:00:00,0.4057551703763358,0.4057551703763358,False,True,baseline,100,5
S,2691,2025-01-09 00:00:00,0.4048450637218476,0.4048450637218476,False,True,baseline,100,5
L,2830,2025-01-14 16:00:00,-0.30100527799904814,-0.30100527799904814,False,True,baseline,100,5
L,2909,2025-01-18 00:00:00,-0.40150687156788617,-0.40150687156788617,True,True,baseline,100,5
S,3028,2025-01-22 16:00:00,0.0,0.40020253517187265,True,False,baseline,100,5
S,3028,2025-01-23 00:00:00,0.3990519400988638,0.3990519400988638,False,True,baseline,100,5
L,3168,2025-01-28 16:00:00,-0.1614150986353088,-0.1614150986353088,False,True,baseline,100,5
L,3216,2025-01-30 16:00:00,-0.3984770800001368,-0.3984770800001368,False,True,baseline,100,5
S,3395,2025-02-07 00:00:00,-0.30523590252660276,-0.30523590252660276,True,True,baseline,100,5
L,3418,2025-02-08 00:00:00,0.046930332140003764,0.046930332140003764,False,True,baseline,100,5
S,3514,2025-02-12 00:00:00,-0.05000225159202792,-0.05000225159202792,False,True,baseline,100,5
L,3547,2025-02-13 08:00:00,-0.38045577211394305,-0.38045577211394305,False,True,baseline,100,5
S,3560,2025-02-14 00:00:00,0.04098094698224782,0.04098094698224782,False,True,baseline,100,5
S,3732,2025-02-21 00:00:00,0.0,0.2562979105043531,True,False,baseline,100,5
S,3732,2025-02-21 08:00:00,0.14438309434108476,0.14438309434108476,False,True,baseline,100,5
S,3899,2025-02-28 00:00:00,0.20249575343721837,0.20249575343721837,False,True,baseline,100,5
S,4000,2025-03-04 08:00:00,-0.17567316028156418,-0.17567316028156418,False,True,baseline,100,5
L,4035,2025-03-05 16:00:00,-0.28796680417317144,-0.28796680417317144,False,True,baseline,100,5
L,4156,2025-03-10 16:00:00,0.0,-0.1029584810695173,True,False,baseline,100,5
L,4250,2025-03-14 16:00:00,-0.30665211680921806,-0.30665211680921806,False,True,baseline,100,5
S,4347,2025-03-18 16:00:00,0.164618465178081,0.164618465178081,False,True,baseline,100,5
S,4347,2025-03-19 00:00:00,0.05808797552363289,0.05808797552363289,False,True,baseline,100,5
S,4394,2025-03-20 16:00:00,0.06185390109382281,0.06185390109382281,False,True,baseline,100,5
S,4546,2025-03-27 00:00:00,-0.08877281358606501,-0.08877281358606501,False,True,baseline,100,5
L,4683,2025-04-01 16:00:00,-0.11481147151888792,-0.11481147151888792,False,True,baseline,100,5
S,4706,2025-04-02 16:00:00,-0.0018098607705657602,-0.0018098607705657602,False,True,baseline,100,5
S,4706,2025-04-03 00:00:00,0.17470464537743569,0.17470464537743569,True,True,baseline,100,5
L,4756,2025-04-04 16:00:00,0.0,0.08367770035989446,True,False,baseline,100,5
L,4841,2025-04-08 08:00:00,0.017312960108703913,0.017312960108703913,False,True,baseline,100,5
S,4859,2025-04-09 00:00:00,-0.05720914772113503,-0.05720914772113503,False,True,baseline,100,5
L,4879,2025-04-10 00:00:00,-0.06357179770993171,-0.06357179770993171,True,True,baseline,100,5
L,4924,2025-04-11 16:00:00,0.0,0.23416291854072965,True,False,baseline,100,5
S,5027,2025-04-16 00:00:00,0.013411173439297803,0.013411173439297803,False,True,baseline,100,5
L,5066,2025-04-17 16:00:00,-0.20760649113154978,-0.20760649113154978,False,True,baseline,100,5
L,5096,2025-04-19 00:00:00,0.05936734491627592,0.05936734491627592,False,True,baseline,100,5
L,5194,2025-04-23 00:00:00,-0.33582796731036363,-0.33582796731036363,True,True,baseline,100,5
L,5202,2025-04-23 08:00:00,-0.2673203658769937,-0.2673203658769937,False,True,baseline,100,5
S,5231,2025-04-24 16:00:00,0.28559724509128154,0.28559724509128154,False,True,baseline,100,5
S,5255,2025-04-25 16:00:00,0.3192105842039744,0.3192105842039744,False,True,baseline,100,5
S,5426,2025-05-02 16:00:00,-0.22999170897143634,-0.22999170897143634,False,True,baseline,100,5
S,5426,2025-05-03 00:00:00,-0.02365160749536937,-0.02365160749536937,True,True,baseline,100,5
L,5550,2025-05-08 00:00:00,0.025534998125937035,0.025534998125937035,True,True,baseline,100,5
L,5595,2025-05-09 16:00:00,-0.41898959737574937,-0.41898959737574937,True,True,baseline,100,5
S,5734,2025-05-15 16:00:00,0.39288507693526054,0.39288507693526054,True,True,baseline,100,5
S,5865,2025-05-21 00:00:00,0.04694584274649133,0.04694584274649133,False,True,baseline,100,5
L,5908,2025-05-22 16:00:00,0.0,-0.39971056109351816,True,False,baseline,100,5
S,6046,2025-05-28 16:00:00,0.4004614661335012,0.4004614661335012,False,True,baseline,100,5
S,6084,2025-05-30 00:00:00,0.0,0.33300524303764617,True,False,baseline,100,5
S,6084,2025-05-30 08:00:00,0.29788338792709207,0.29788338792709207,False,True,baseline,100,5
L,6222,2025-06-05 00:00:00,-0.31862173036631264,-0.31862173036631264,False,True,baseline,100,5
L,6274,2025-06-07 00:00:00,-0.10758139184611344,-0.10758139184611344,True,True,baseline,100,5
L,6368,2025-06-11 00:00:00,-0.39386579361861274,-0.39386579361861274,False,True,baseline,100,5
S,6407,2025-06-12 16:00:00,0.3977497731879284,0.3977497731879284,False,True,baseline,100,5
L,6895,2025-07-03 00:00:00,-0.21328247108536627,-0.21328247108536627,False,True,baseline,100,5
S,6938,2025-07-04 16:00:00,0.2613952642938806,0.2613952642938806,False,True,baseline,100,5
L,7034,2025-07-08 16:00:00,-0.11147578724169323,-0.11147578724169323,False,True,baseline,100,5
L,7065,2025-07-10 00:00:00,-0.2502554243750634,-0.2502554243750634,False,True,baseline,100,5
L,7079,2025-07-10 16:00:00,-0.1125691834569957,-0.1125691834569957,True,True,baseline,100,5
L,7106,2025-07-11 16:00:00,-0.39506861968995527,-0.39506861968995527,False,True,baseline,100,5
S,7198,2025-07-15 16:00:00,0.40029693469412925,0.40029693469412925,False,True,baseline,100,5
S,7378,2025-07-23 00:00:00,0.4078068725803627,0.4078068725803627,False,True,baseline,100,5
S,7439,2025-07-25 16:00:00,0.4021431339533944,0.4021431339533944,False,True,baseline,100,5
L,7539,2025-07-29 16:00:00,-0.4048971796493667,-0.4048971796493667,False,True,baseline,100,5
S,7568,2025-07-31 00:00:00,0.06227310897110587,0.06227310897110587,False,True,baseline,100,5
L,7583,2025-07-31 16:00:00,-0.399936459807465,-0.399936459807465,False,True,baseline,100,5
S,7708,2025-08-05 16:00:00,0.0,0.12470200590804184,True,False,baseline,100,5
S,7708,2025-08-06 00:00:00,0.05418657405159598,0.05418657405159598,False,True,baseline,100,5
L,7730,2025-08-06 16:00:00,-0.3279451446308002,-0.3279451446308002,False,True,baseline,100,5
L,7756,2025-08-07 16:00:00,0.0,-0.17131434282858568,True,False,baseline,100,5
L,7786,2025-08-09 00:00:00,-0.39520675513154296,-0.39520675513154296,False,True,baseline,100,5
S,7955,2025-08-16 00:00:00,0.2554598032526033,0.2554598032526033,True,True,baseline,100,5
L,8069,2025-08-21 00:00:00,-0.3640448840693992,-0.3640448840693992,True,True,baseline,100,5
L,8263,2025-08-29 00:00:00,-0.08494609056984348,-0.08494609056984348,False,True,baseline,100,5
L,8406,2025-09-04 00:00:00,-0.13060715733824357,-0.13060715733824357,False,True,baseline,100,5
S,8426,2025-09-04 16:00:00,-0.08044660473673208,-0.08044660473673208,False,True,baseline,100,5
S,8426,2025-09-05 00:00:00,-0.09952271875109572,-0.09952271875109572,False,True,baseline,100,5
L,8452,2025-09-05 16:00:00,0.0,0.13818207294756754,True,False,baseline,100,5
L,8594,2025-09-11 16:00:00,-0.4017677573152047,-0.4017677573152047,False,True,baseline,100,5
L,8611,2025-09-12 08:00:00,-0.1944645078642723,-0.1944645078642723,False,True,baseline,100,5
S,8722,2025-09-17 00:00:00,0.08141574849829168,0.08141574849829168,False,True,baseline,100,5
S,8722,2025-09-17 08:00:00,0.09741564938246146,0.09741564938246146,True,True,baseline,100,5
L,8735,2025-09-17 16:00:00,-0.21487612358688246,-0.21487612358688246,False,True,baseline,100,5
S,8784,2025-09-19 16:00:00,-0.036093702517586104,-0.036093702517586104,False,True,baseline,100,5
S,8784,2025-09-20 00:00:00,-0.17017978343133244,-0.17017978343133244,True,True,baseline,100,5
L,8915,2025-09-25 00:00:00,0.14360341863912515,0.14360341863912515,False,True,baseline,100,5
S,8922,2025-09-25 08:00:00,-0.3448855606867229,-0.3448855606867229,False,True,baseline,100,5
L,9077,2025-10-02 00:00:00,0.029987942539071985,0.029987942539071985,False,True,baseline,100,5
L,9092,2025-10-02 08:00:00,0.0,-0.05945314761651125,True,False,baseline,100,5
L,9092,2025-10-02 16:00:00,-0.12203521079503157,-0.12203521079503157,True,True,baseline,100,5
L,9106,2025-10-03 00:00:00,-0.14995001728791096,-0.14995001728791096,False,True,baseline,100,5
S,9219,2025-10-07 16:00:00,0.40100178981312373,0.40100178981312373,False,True,baseline,100,5
S,9219,2025-10-08 00:00:00,0.386732860577023,0.386732860577023,True,True,baseline,100,5
S,9240,2025-10-08 16:00:00,0.24268804324243787,0.24268804324243787,False,True,baseline,100,5
S,9263,2025-10-09 16:00:00,-0.009072553398465095,-0.009072553398465095,False,True,baseline,100,5
S,9299,2025-10-11 00:00:00,-0.19744890068950074,-0.19744890068950074,True,True,baseline,100,5
L,9435,2025-10-16 16:00:00,-0.030307639551143593,-0.030307639551143593,False,True,baseline,100,5
S,9459,2025-10-17 16:00:00,0.22155535540381333,0.22155535540381333,False,True,baseline,100,5
L,9523,2025-10-20 08:00:00,-0.0982602983992917,-0.0982602983992917,False,True,baseline,100,5
S,9582,2025-10-23 00:00:00,0.09582994024367533,0.09582994024367533,False,True,baseline,100,5
L,9603,2025-10-23 16:00:00,-0.16641084058501948,-0.16641084058501948,False,True,baseline,100,5
S,9719,2025-10-28 16:00:00,0.18567047860097285,0.18567047860097285,False,True,baseline,100,5
L,9730,2025-10-29 00:00:00,-0.07073785266189926,-0.07073785266189926,False,True,baseline,100,5
S,9756,2025-10-30 00:00:00,0.0,0.1566783391695848,True,False,baseline,100,5
S,9777,2025-10-31 00:00:00,-0.2529478218603357,-0.2529478218603357,False,True,baseline,100,5
L,9800,2025-11-01 00:00:00,0.0511207412974536,0.0511207412974536,False,True,baseline,100,5
L,9921,2025-11-06 00:00:00,-0.17612990504941933,-0.17612990504941933,False,True,baseline,100,5
S,9939,2025-11-06 16:00:00,0.19927202942516437,0.19927202942516437,False,True,baseline,100,5
S,9939,2025-11-07 00:00:00,0.002771265699288936,0.002771265699288936,True,True,baseline,100,5
S,10066,2025-11-12 00:00:00,0.11149029999155578,0.11149029999155578,False,True,baseline,100,5
S,10116,2025-11-14 00:00:00,0.0,0.09290184481930454,True,False,baseline,100,5
L,10202,2025-11-17 16:00:00,-0.40126596211376014,-0.40126596211376014,False,True,baseline,100,5
L,10231,2025-11-19 00:00:00,-0.24015332435497147,-0.24015332435497147,False,True,baseline,100,5
S,10250,2025-11-19 16:00:00,0.275248842497059,0.275248842497059,False,True,baseline,100,5
S,10250,2025-11-20 00:00:00,0.1263520654232049,0.1263520654232049,False,True,baseline,100,5
S,10284,2025-11-21 00:00:00,0.0,0.27165490845865303,True,False,baseline,100,5
S,10397,2025-11-26 00:00:00,0.02243710785045263,0.02243710785045263,False,True,baseline,100,5
S,10422,2025-11-27 00:00:00,0.07601776320602609,0.07601776320602609,False,True,baseline,100,5
S,10449,2025-11-28 00:00:00,0.039797867155919445,0.039797867155919445,False,True,baseline,100,5
L,10563,2025-12-02 16:00:00,-0.22138622729952598,-0.22138622729952598,False,True,baseline,100,5
L,10563,2025-12-03 00:00:00,-0.17722656532687095,-0.17722656532687095,True,True,baseline,100,5
L,10583,2025-12-03 16:00:00,-0.04465144188120632,-0.04465144188120632,True,True,baseline,100,5
S,10618,2025-12-05 00:00:00,0.3898485497359188,0.3898485497359188,False,True,baseline,100,5
S,10642,2025-12-06 00:00:00,0.19592657419956108,0.19592657419956108,False,True,baseline,100,5
S,10787,2025-12-12 00:00:00,0.10535681832919501,0.10535681832919501,False,True,baseline,100,5
S,10787,2025-12-12 08:00:00,-0.010168894260439236,-0.010168894260439236,False,True,baseline,100,5
S,10812,2025-12-13 00:00:00,0.0,-0.00945119540514283,True,False,baseline,100,5
S,10812,2025-12-13 08:00:00,0.004300748159095834,0.004300748159095834,False,True,baseline,100,5
L,10974,2025-12-20 00:00:00,-0.36884904472108315,-0.36884904472108315,True,True,baseline,100,5
S,11067,2025-12-23 16:00:00,0.27220338353920476,0.27220338353920476,False,True,baseline,100,5
S,11067,2025-12-24 00:00:00,0.10455525447941784,0.10455525447941784,False,True,baseline,100,5
S,11094,2025-12-25 00:00:00,0.22576894634280975,0.22576894634280975,False,True,baseline,100,5
L,11107,2025-12-25 08:00:00,-0.2598760545362797,-0.2598760545362797,False,True,baseline,100,5
S,11117,2025-12-26 00:00:00,0.20094524159685115,0.20094524159685115,False,True,baseline,100,5
L,11146,2025-12-27 00:00:00,-0.13512649925770434,-0.13512649925770434,False,True,baseline,100,5
L,11232,2025-12-30 16:00:00,-0.15666360286390796,-0.15666360286390796,False,True,baseline,100,5
L,11243,2025-12-31 00:00:00,-0.3989044473489751,-0.3989044473489751,False,True,baseline,100,5
L,11264,2026-01-01 00:00:00,-0.1402491057036405,-0.1402491057036405,False,True,baseline,100,5
L,11287,2026-01-02 00:00:00,0.022425350111931475,0.022425350111931475,False,True,baseline,100,5
L,11411,2026-01-07 00:00:00,-0.1696075363210154,-0.1696075363210154,False,True,baseline,100,5
S,11451,2026-01-08 16:00:00,0.30868976037631823,0.30868976037631823,False,True,baseline,100,5
S,11451,2026-01-09 00:00:00,0.001960639339189632,0.001960639339189632,False,True,baseline,100,5
S,11652,2026-01-17 00:00:00,0.0,0.1107357070464231,True,False,baseline,100,5
S,11652,2026-01-17 08:00:00,0.33825692376932803,0.33825692376932803,False,True,baseline,100,5
S,11731,2026-01-20 08:00:00,0.3447057229018312,0.3447057229018312,False,True,baseline,100,5
S,11769,2026-01-22 00:00:00,0.0456262133360258,0.0456262133360258,False,True,baseline,100,5
S,11813,2026-01-24 00:00:00,0.2036223891277147,0.2036223891277147,False,True,baseline,100,5
S,11963,2026-01-30 00:00:00,-0.04586166130964355,-0.04586166130964355,True,True,baseline,100,5
S,12078,2026-02-04 00:00:00,-0.15698121398701198,-0.15698121398701198,False,True,baseline,100,5
S,12106,2026-02-05 00:00:00,-0.239563743909413,-0.239563743909413,True,True,baseline,100,5
L,12155,2026-02-07 00:00:00,-0.07408939105414436,-0.07408939105414436,False,True,baseline,100,5
S,12267,2026-02-11 16:00:00,-0.5194874052525771,-0.5194874052525771,False,True,baseline,100,5
S,12267,2026-02-12 00:00:00,-0.4884112467223309,-0.4884112467223309,True,True,baseline,100,5
L,12290,2026-02-12 16:00:00,-0.08947566750247193,-0.08947566750247193,False,True,baseline,100,5
S,12300,2026-02-13 00:00:00,0.0,-0.1642143405382259,True,False,baseline,100,5
L,12317,2026-02-14 00:00:00,-0.17689414710203913,-0.17689414710203913,True,True,baseline,100,5
L,12435,2026-02-18 16:00:00,0.15245894622849288,0.15245894622849288,False,True,baseline,100,5
S,12442,2026-02-19 00:00:00,-0.03492538404660136,-0.03492538404660136,False,True,baseline,100,5
S,12466,2026-02-20 00:00:00,-0.31558862824365974,-0.31558862824365974,False,True,baseline,100,5
S,12466,2026-02-20 08:00:00,-0.1882729617135136,-0.1882729617135136,True,True,baseline,100,5
S,12586,2026-02-25 00:00:00,-0.12113236772607001,-0.12113236772607001,False,True,baseline,100,5
S,12586,2026-02-25 08:00:00,-0.10022536893929164,-0.10022536893929164,True,True,baseline,100,5
L,12595,2026-02-25 08:00:00,0.09769913662271282,0.09769913662271282,False,True,baseline,100,5
L,12608,2026-02-26 00:00:00,-0.24048281605793925,-0.24048281605793925,True,True,baseline,100,5
S,12635,2026-02-27 00:00:00,0.15574755956960248,0.15574755956960248,False,True,baseline,100,5
L,12731,2026-03-03 00:00:00,0.27854541111055464,0.27854541111055464,True,True,baseline,100,5
S,12796,2026-03-05 16:00:00,0.0,-0.03349896964715176,True,False,baseline,100,5
S,12796,2026-03-06 00:00:00,-0.05804557625959242,-0.05804557625959242,False,True,baseline,100,5
L,12917,2026-03-11 00:00:00,-0.10799035984800524,-0.10799035984800524,False,True,baseline,100,5
L,12980,2026-03-13 08:00:00,0.0,-0.09051823639468504,True,False,baseline,100,5
S,13132,2026-03-19 16:00:00,0.0,-0.03485696529200058,True,False,baseline,100,5
S,13298,2026-03-26 16:00:00,0.02866570476532546,0.02866570476532546,False,True,baseline,100,5
L,13437,2026-04-01 16:00:00,-0.19266131143878792,-0.19266131143878792,True,True,baseline,100,5
S,13473,2026-04-03 00:00:00,-0.29620680442505226,-0.29620680442505226,False,True,baseline,100,5
S,13497,2026-04-04 00:00:00,-0.03836275072959509,-0.03836275072959509,False,True,baseline,100,5
S,13591,2026-04-08 00:00:00,0.041084419361290814,0.041084419361290814,False,True,baseline,100,5
L,13610,2026-04-08 16:00:00,-0.23460568046942104,-0.23460568046942104,False,True,baseline,100,5
L,13664,2026-04-11 00:00:00,0.017977602731649635,0.017977602731649635,True,True,baseline,100,5
L,13755,2026-04-14 16:00:00,-0.40061414738515055,-0.40061414738515055,False,True,baseline,100,5
L,13953,2026-04-23 00:00:00,-0.3115724158013761,-0.3115724158013761,False,True,baseline,100,5
L,14256,2026-05-05 16:00:00,0.09628463457622544,0.09628463457622544,False,True,baseline,100,5
L,14596,2026-05-19 16:00:00,0.0,-0.22736647960657191,True,False,baseline,100,5
S,14600,2026-05-20 00:00:00,0.14356661319084657,0.14356661319084657,False,True,baseline,100,5
S,14667,2026-05-22 16:00:00,0.12394048650504347,0.12394048650504347,False,True,baseline,100,5
S,14667,2026-05-23 00:00:00,0.23713596603176423,0.23713596603176423,False,True,baseline,100,5
S,14794,2026-05-28 00:00:00,0.24484381937254499,0.24484381937254499,False,True,baseline,100,5
S,14968,2026-06-04 08:00:00,0.30789868999779146,0.30789868999779146,False,True,baseline,100,5
S,15093,2026-06-09 16:00:00,0.0014556216736527107,0.0014556216736527107,False,True,baseline,100,5
S,15293,2026-06-18 00:00:00,-0.029630115495560955,-0.029630115495560955,False,True,baseline,100,5
S,15324,2026-06-19 00:00:00,0.0,-0.027657774616872258,True,False,baseline,100,5
S,15324,2026-06-19 08:00:00,0.266688859052434,0.266688859052434,False,True,baseline,100,5
L,15412,2026-06-22 16:00:00,0.0,-0.07760119940029986,True,False,baseline,100,5
S,15434,2026-06-23 16:00:00,0.0131655395534851,0.0131655395534851,False,True,baseline,100,5
L,15452,2026-06-24 08:00:00,0.0,-0.183067367180548,True,False,baseline,100,5
L,15452,2026-06-24 16:00:00,-0.08873839607403405,-0.08873839607403405,False,True,baseline,100,5
L,15483,2026-06-25 16:00:00,-0.17153444312984498,-0.17153444312984498,False,True,baseline,100,5
S,15490,2026-06-26 00:00:00,-0.3324298449574167,-0.3324298449574167,False,True,baseline,100,5
S,15490,2026-06-26 08:00:00,-0.06792782406909274,-0.06792782406909274,True,True,baseline,100,5
L,15670,2026-07-03 16:00:00,-0.4010778494178852,-0.4010778494178852,False,True,baseline,100,5
S,15803,2026-07-09 00:00:00,0.18087578896701623,0.18087578896701623,False,True,baseline,100,5
L,15955,2026-07-15 08:00:00,-0.15407377694818447,-0.15407377694818447,False,True,baseline,100,5
S,15988,2026-07-16 16:00:00,0.0,0.24328897964482615,True,False,baseline,100,5
S,16010,2026-07-17 16:00:00,0.19149145724841624,0.19149145724841624,False,True,baseline,100,5
S,16010,2026-07-18 00:00:00,0.09810354686725169,0.09810354686725169,True,True,baseline,100,5
L,16101,2026-07-21 16:00:00,-0.16661775802251796,-0.16661775802251796,False,True,baseline,100,5
S,16131,2026-07-22 16:00:00,0.057094184052874856,0.057094184052874856,False,True,baseline,100,5
S,16131,2026-07-23 00:00:00,0.26177298657345155,0.26177298657345155,False,True,baseline,100,5
S,16156,2026-07-23 16:00:00,0.0,-0.13258629314657328,True,False,baseline,100,5
S,16156,2026-07-24 00:00:00,-0.128777421234212,-0.128777421234212,False,True,baseline,100,5
L,16180,2026-07-24 16:00:00,0.0,-0.07100449775112444,True,False,baseline,100,5
S,16186,2026-07-25 00:00:00,0.06883854932426278,0.06883854932426278,False,True,baseline,100,5
S,16186,2026-07-25 08:00:00,0.21703462697973439,0.21703462697973439,True,True,baseline,100,5
S,16308,2026-07-30 00:00:00,0.0,0.08577779141922032,True,False,baseline,100,5
S,16308,2026-07-30 08:00:00,0.15576022955994046,0.15576022955994046,False,True,baseline,100,5
L,16327,2026-07-31 00:00:00,-0.07958167074642601,-0.07958167074642601,False,True,baseline,100,5
L,16634,2026-08-12 16:00:00,-0.29147122953041904,-0.29147122953041904,False,True,baseline,100,5
L,16772,2026-08-18 08:00:00,0.0,-0.18522738630684657,True,False,baseline,100,5
L,16846,2026-08-21 16:00:00,-0.4019189616065708,-0.4019189616065708,True,True,baseline,100,5
S,16961,2026-08-26 08:00:00,0.1261571992032357,0.1261571992032357,False,True,baseline,100,5
S,17015,2026-08-28 16:00:00,-0.005332427211208755,-0.005332427211208755,False,True,baseline,100,5
L,17250,2026-09-07 08:00:00,-0.2706710776883779,-0.2706710776883779,False,True,baseline,100,5
S,514,2024-10-10 00:00:00,0.40521268667470944,0.40521268667470944,False,True,fixed_joint,125,0
L,550,2024-10-11 16:00:00,-0.3791103933978099,-0.3791103933978099,False,True,fixed_joint,125,0
L,643,2024-10-15 08:00:00,-0.39693727800823614,-0.39693727800823614,False,True,fixed_joint,125,0
S,650,2024-10-15 16:00:00,0.4031602882799553,0.4031602882799553,False,True,fixed_joint,125,0
S,650,2024-10-16 00:00:00,0.3965899718657263,0.3965899718657263,True,True,fixed_joint,125,0
S,813,2024-10-22 16:00:00,0.40132973810541955,0.40132973810541955,False,True,fixed_joint,125,0
S,844,2024-10-23 16:00:00,0.0,0.40000870047269516,True,False,fixed_joint,125,0
S,844,2024-10-24 00:00:00,0.3903915112855002,0.3903915112855002,True,True,fixed_joint,125,0
S,1054,2024-11-01 16:00:00,0.4004153497983315,0.4004153497983315,False,True,fixed_joint,125,0
L,1156,2024-11-05 16:00:00,0.0,-0.4000151296783386,True,False,fixed_joint,125,0
L,1188,2024-11-07 00:00:00,0.0,-0.4000059943923956,True,False,fixed_joint,125,0
S,1378,2024-11-15 00:00:00,0.3887119832611159,0.3887119832611159,True,True,fixed_joint,125,0
S,1492,2024-11-19 16:00:00,0.0,0.84936,True,False,fixed_joint,125,0
S,1492,2024-11-20 00:00:00,0.6113745445805372,0.6113745445805372,False,True,fixed_joint,125,0
L,1636,2024-11-25 16:00:00,0.0,-0.9574028145164846,True,False,fixed_joint,125,0
S,1660,2024-11-26 16:00:00,0.0,0.49080144481274535,True,False,fixed_joint,125,0
S,2001,2024-12-11 00:00:00,0.3880004618397113,0.3880004618397113,True,True,fixed_joint,125,0
L,2019,2024-12-11 16:00:00,-0.39754106390621424,-0.39754106390621424,False,True,fixed_joint,125,0
L,2019,2024-12-12 00:00:00,-0.41213679508103923,-0.41213679508103923,True,True,fixed_joint,125,0
L,2339,2024-12-25 00:00:00,-0.11148045488148971,-0.11148045488148971,False,True,fixed_joint,125,0
S,2381,2024-12-27 00:00:00,0.25048804353377074,0.25048804353377074,False,True,fixed_joint,125,0
S,2691,2025-01-08 16:00:00,0.4055522927911477,0.4055522927911477,False,True,fixed_joint,125,0
S,2691,2025-01-09 00:00:00,0.4046426411899867,0.4046426411899867,False,True,fixed_joint,125,0
L,2830,2025-01-14 16:00:00,-0.30115578063804765,-0.30115578063804765,False,True,fixed_joint,125,0
L,2909,2025-01-18 00:00:00,-0.40170762500367013,-0.40170762500367013,True,True,fixed_joint,125,0
S,3028,2025-01-22 16:00:00,0.0,0.40000243390428675,True,False,fixed_joint,125,0
S,3028,2025-01-23 00:00:00,0.3988524141288144,0.3988524141288144,False,True,fixed_joint,125,0
L,3168,2025-01-28 16:00:00,-0.16149580618462647,-0.16149580618462647,False,True,fixed_joint,125,0
L,3216,2025-01-30 16:00:00,-0.3986763185401368,-0.3986763185401368,False,True,fixed_joint,125,0
S,3395,2025-02-07 00:00:00,-0.30508328457533945,-0.30508328457533945,True,True,fixed_joint,125,0
L,3418,2025-02-08 00:00:00,0.046953797306073755,0.046953797306073755,False,True,fixed_joint,125,0
S,3514,2025-02-12 00:00:00,-0.0499772504662319,-0.0499772504662319,False,True,fixed_joint,125,0
L,3547,2025-02-13 08:00:00,-0.380646,-0.380646,False,True,fixed_joint,125,0
S,3560,2025-02-14 00:00:00,0.040960456508756696,0.040960456508756696,False,True,fixed_joint,125,0
S,3732,2025-02-21 00:00:00,0.0,0.256169761549101,True,False,fixed_joint,125,0
S,3732,2025-02-21 08:00:00,0.14431090279391426,0.14431090279391426,False,True,fixed_joint,125,0
S,3899,2025-02-28 00:00:00,0.20239450556049976,0.20239450556049976,False,True,fixed_joint,125,0
S,4000,2025-03-04 08:00:00,-0.17558532370142343,-0.17558532370142343,False,True,fixed_joint,125,0
L,4035,2025-03-05 16:00:00,-0.288110787575258,-0.288110787575258,False,True,fixed_joint,125,0
L,4156,2025-03-10 16:00:00,0.0,-0.10300996031005206,True,False,fixed_joint,125,0
L,4250,2025-03-14 16:00:00,-0.3068054428676227,-0.3068054428676227,False,True,fixed_joint,125,0
S,4347,2025-03-18 16:00:00,0.164536155945492,0.164536155945492,False,True,fixed_joint,125,0
S,4347,2025-03-19 00:00:00,0.05805893153587108,0.05805893153587108,False,True,fixed_joint,125,0
S,4394,2025-03-20 16:00:00,0.06182297414327591,0.06182297414327591,False,True,fixed_joint,125,0
S,4546,2025-03-27 00:00:00,-0.08872842717927198,-0.08872842717927198,False,True,fixed_joint,125,0
L,4683,2025-04-01 16:00:00,-0.11486887725464735,-0.11486887725464735,False,True,fixed_joint,125,0
S,4706,2025-04-02 16:00:00,-0.0018089558401804772,-0.0018089558401804772,False,True,fixed_joint,125,0
S,4706,2025-04-03 00:00:00,0.17461729305474694,0.17461729305474694,True,True,fixed_joint,125,0
L,4756,2025-04-04 16:00:00,0.0,0.08371953921007441,True,False,fixed_joint,125,0
L,4841,2025-04-08 08:00:00,0.017321616588758266,0.017321616588758266,False,True,fixed_joint,125,0
S,4859,2025-04-09 00:00:00,-0.05718054314727447,-0.05718054314727447,False,True,fixed_joint,125,0
L,4924,2025-04-11 16:00:00,0.0,0.23428000000000002,True,False,fixed_joint,125,0
S,5027,2025-04-16 00:00:00,0.013404467852578154,0.013404467852578154,False,True,fixed_joint,125,0
L,5066,2025-04-17 16:00:00,-0.20771029437711555,-0.20771029437711555,False,True,fixed_joint,125,0
S,5075,2025-04-18 00:00:00,-0.07225048127115241,-0.07225048127115241,False,True,fixed_joint,125,0
S,5075,2025-04-18 08:00:00,-0.12610867817979313,-0.12610867817979313,False,True,fixed_joint,125,0
L,5096,2025-04-19 00:00:00,0.05939702858873406,0.05939702858873406,False,True,fixed_joint,125,0
L,5194,2025-04-23 00:00:00,-0.33599588129401886,-0.33599588129401886,True,True,fixed_joint,125,0
L,5202,2025-04-23 08:00:00,-0.2674540260599321,-0.2674540260599321,False,True,fixed_joint,125,0
S,5231,2025-04-24 16:00:00,0.2854544464687359,0.2854544464687359,False,True,fixed_joint,125,0
S,5255,2025-04-25 16:00:00,0.3190509789118724,0.3190509789118724,False,True,fixed_joint,125,0
S,5426,2025-05-02 16:00:00,-0.22987671311695063,-0.22987671311695063,False,True,fixed_joint,125,0
L,5550,2025-05-08 00:00:00,0.025547765624999996,0.025547765624999996,False,True,fixed_joint,125,0
S,5556,2025-05-08 00:00:00,0.0,-0.025920000000000002,True,False,fixed_joint,125,0
S,5556,2025-05-08 08:00:00,0.18191416286120668,0.18191416286120668,False,True,fixed_joint,125,0
S,5734,2025-05-15 16:00:00,0.392688634396793,0.392688634396793,True,True,fixed_joint,125,0
S,5865,2025-05-21 00:00:00,0.04692236982511809,0.04692236982511809,False,True,fixed_joint,125,0
S,6046,2025-05-28 16:00:00,0.4002612354004344,0.4002612354004344,False,True,fixed_joint,125,0
S,6084,2025-05-30 00:00:00,0.0,0.3328387404161274,True,False,fixed_joint,125,0
S,6084,2025-05-30 08:00:00,0.29773444623312856,0.29773444623312856,False,True,fixed_joint,125,0
L,6222,2025-06-05 00:00:00,-0.31878104123149575,-0.31878104123149575,False,True,fixed_joint,125,0
L,6274,2025-06-07 00:00:00,-0.10763518254203648,-0.10763518254203648,True,True,fixed_joint,125,0
L,6368,2025-06-11 00:00:00,-0.394062726515422,-0.394062726515422,False,True,fixed_joint,125,0
S,6407,2025-06-12 16:00:00,0.3975508983013346,0.3975508983013346,False,True,fixed_joint,125,0
L,6895,2025-07-03 00:00:00,-0.21338911232090896,-0.21338911232090896,False,True,fixed_joint,125,0
S,6938,2025-07-04 16:00:00,0.26126456666173375,0.26126456666173375,False,True,fixed_joint,125,0
L,7034,2025-07-08 16:00:00,-0.11153152513531406,-0.11153152513531406,False,True,fixed_joint,125,0
L,7065,2025-07-10 00:00:00,-0.25038055208725085,-0.25038055208725085,False,True,fixed_joint,125,0
L,7079,2025-07-10 16:00:00,-0.1126254680487242,-0.1126254680487242,True,True,fixed_joint,125,0
S,7198,2025-07-15 16:00:00,0.4000967862267823,0.4000967862267823,False,True,fixed_joint,125,0
S,7378,2025-07-23 00:00:00,0.40760296914407257,0.40760296914407257,False,True,fixed_joint,125,0
S,7439,2025-07-25 16:00:00,0.4019420623864178,0.4019420623864178,False,True,fixed_joint,125,0
S,7568,2025-07-31 00:00:00,0.062241972416620314,0.062241972416620314,False,True,fixed_joint,125,0
L,7583,2025-07-31 16:00:00,-0.4001364280373687,-0.4001364280373687,False,True,fixed_joint,125,0
S,7595,2025-08-01 00:00:00,-0.04744546563826698,-0.04744546563826698,False,True,fixed_joint,125,0
S,7595,2025-08-01 08:00:00,-0.1471722797543667,-0.1471722797543667,True,True,fixed_joint,125,0
S,7708,2025-08-05 16:00:00,0.0,0.12463965490508781,True,False,fixed_joint,125,0
S,7708,2025-08-06 00:00:00,0.054159480764570174,0.054159480764570174,False,True,fixed_joint,125,0
L,7730,2025-08-06 16:00:00,-0.3281091172031156,-0.3281091172031156,False,True,fixed_joint,125,0
L,7756,2025-08-07 16:00:00,0.0,-0.17140000000000002,True,False,fixed_joint,125,0
L,7786,2025-08-09 00:00:00,-0.3954043585091087,-0.3954043585091087,False,True,fixed_joint,125,0
S,7955,2025-08-16 00:00:00,0.255332073350977,0.255332073350977,True,True,fixed_joint,125,0
S,8093,2025-08-22 00:00:00,0.10647563519907377,0.10647563519907377,False,True,fixed_joint,125,0
L,8263,2025-08-29 00:00:00,-0.08498856361512841,-0.08498856361512841,False,True,fixed_joint,125,0
L,8406,2025-09-04 00:00:00,-0.13067246091691267,-0.13067246091691267,False,True,fixed_joint,125,0
S,8426,2025-09-04 16:00:00,-0.08040638143436372,-0.08040638143436372,False,True,fixed_joint,125,0
S,8426,2025-09-05 00:00:00,-0.0994729573917202,-0.0994729573917202,False,True,fixed_joint,125,0
L,8452,2025-09-05 16:00:00,0.0,0.1382511639840413,True,False,fixed_joint,125,0
L,8594,2025-09-11 16:00:00,-0.4019686411938623,-0.4019686411938623,False,True,fixed_joint,125,0
L,8611,2025-09-12 08:00:00,-0.1945617401182044,-0.1945617401182044,False,True,fixed_joint,125,0
S,8722,2025-09-17 00:00:00,0.08137504062404254,0.08137504062404254,False,True,fixed_joint,125,0
S,8722,2025-09-17 08:00:00,0.09736694155777023,0.09736694155777023,True,True,fixed_joint,125,0
L,8735,2025-09-17 16:00:00,-0.21498356164867588,-0.21498356164867588,False,True,fixed_joint,125,0
S,8784,2025-09-19 16:00:00,-0.03607565566632731,-0.03607565566632731,False,True,fixed_joint,125,0
S,8784,2025-09-20 00:00:00,-0.17009469353961676,-0.17009469353961676,True,True,fixed_joint,125,0
L,8915,2025-09-25 00:00:00,0.14367522034844468,0.14367522034844468,False,True,fixed_joint,125,0
S,8922,2025-09-25 08:00:00,-0.3447131179063796,-0.3447131179063796,False,True,fixed_joint,125,0
L,9077,2025-10-02 00:00:00,0.03000293651034152,0.03000293651034152,False,True,fixed_joint,125,0
L,9092,2025-10-02 08:00:00,0.0,-0.0594828741903195,True,False,fixed_joint,125,0
L,9092,2025-10-02 16:00:00,-0.12209622840042907,-0.12209622840042907,True,True,fixed_joint,125,0
L,9106,2025-10-03 00:00:00,-0.15002499229655494,-0.15002499229655494,False,True,fixed_joint,125,0
S,9219,2025-10-07 16:00:00,0.40080128891821715,0.40080128891821715,False,True,fixed_joint,125,0
S,9219,2025-10-08 00:00:00,0.38653949414673455,0.38653949414673455,True,True,fixed_joint,125,0
S,9240,2025-10-08 16:00:00,0.24256669922081664,0.24256669922081664,False,True,fixed_joint,125,0
S,9263,2025-10-09 16:00:00,-0.009068017121765862,-0.009068017121765862,False,True,fixed_joint,125,0
S,9299,2025-10-11 00:00:00,-0.197350176239156,-0.197350176239156,True,True,fixed_joint,125,0
L,9435,2025-10-16 16:00:00,-0.03032279337091916,-0.03032279337091916,False,True,fixed_joint,125,0
S,9459,2025-10-17 16:00:00,0.22144457772611142,0.22144457772611142,False,True,fixed_joint,125,0
L,9523,2025-10-20 08:00:00,-0.09830942854849135,-0.09830942854849135,False,True,fixed_joint,125,0
S,9582,2025-10-23 00:00:00,0.0957820252735535,0.0957820252735535,False,True,fixed_joint,125,0
L,9603,2025-10-23 16:00:00,-0.16649404600531195,-0.16649404600531195,False,True,fixed_joint,125,0
L,9730,2025-10-29 00:00:00,-0.07077322158823021,-0.07077322158823021,False,True,fixed_joint,125,0
S,9756,2025-10-30 00:00:00,0.0,0.15660000000000002,True,False,fixed_joint,125,0
S,9777,2025-10-31 00:00:00,-0.25282134794940553,-0.25282134794940553,False,True,fixed_joint,125,0
L,9800,2025-11-01 00:00:00,0.05114630166810232,0.05114630166810232,False,True,fixed_joint,125,0
L,9921,2025-11-06 00:00:00,-0.17621797000194403,-0.17621797000194403,False,True,fixed_joint,125,0
S,9939,2025-11-06 16:00:00,0.19917239341045176,0.19917239341045176,False,True,fixed_joint,125,0
S,9939,2025-11-07 00:00:00,0.0027698800664392913,0.0027698800664392913,True,True,fixed_joint,125,0
S,10066,2025-11-12 00:00:00,0.11143455484156002,0.11143455484156002,False,True,fixed_joint,125,0
S,10116,2025-11-14 00:00:00,0.0,0.0928553938968949,True,False,fixed_joint,125,0
L,10202,2025-11-17 16:00:00,-0.401466595094817,-0.401466595094817,False,True,fixed_joint,125,0
L,10231,2025-11-19 00:00:00,-0.24027340101714895,-0.24027340101714895,False,True,fixed_joint,125,0
S,10250,2025-11-19 16:00:00,0.27511121807581046,0.27511121807581046,False,True,fixed_joint,125,0
S,10250,2025-11-20 00:00:00,0.1262888893904933,0.1262888893904933,False,True,fixed_joint,125,0
S,10284,2025-11-21 00:00:00,0.0,0.2715190810044237,True,False,fixed_joint,125,0
S,10397,2025-11-26 00:00:00,0.022425889296527404,0.022425889296527404,False,True,fixed_joint,125,0
S,10422,2025-11-27 00:00:00,0.0759797543244231,0.0759797543244231,False,True,fixed_joint,125,0
S,10449,2025-11-28 00:00:00,0.03977796822234148,0.03977796822234148,False,True,fixed_joint,125,0
L,10563,2025-12-02 16:00:00,-0.22149692041317576,-0.22149692041317576,False,True,fixed_joint,125,0
L,10563,2025-12-03 00:00:00,-0.1773151786095344,-0.1773151786095344,True,True,fixed_joint,125,0
L,10583,2025-12-03 16:00:00,-0.04467376760214692,-0.04467376760214692,True,True,fixed_joint,125,0
S,10618,2025-12-05 00:00:00,0.38965362546105087,0.38965362546105087,False,True,fixed_joint,125,0
S,10642,2025-12-06 00:00:00,0.1958286109124613,0.1958286109124613,False,True,fixed_joint,125,0
S,10787,2025-12-12 00:00:00,0.10530413992003042,0.10530413992003042,False,True,fixed_joint,125,0
S,10787,2025-12-12 08:00:00,-0.010163809813309018,-0.010163809813309018,False,True,fixed_joint,125,0
S,10812,2025-12-13 00:00:00,0.0,-0.009446469807440258,True,False,fixed_joint,125,0
S,10812,2025-12-13 08:00:00,0.004298597785016287,0.004298597785016287,True,True,fixed_joint,125,0
L,10974,2025-12-20 00:00:00,-0.36903346924344366,-0.36903346924344366,True,True,fixed_joint,125,0
S,11067,2025-12-23 16:00:00,0.27206728184743517,0.27206728184743517,False,True,fixed_joint,125,0
S,11094,2025-12-25 00:00:00,0.22565606186963838,0.22565606186963838,False,True,fixed_joint,125,0
L,11107,2025-12-25 08:00:00,-0.26000599256354784,-0.26000599256354784,False,True,fixed_joint,125,0
S,11117,2025-12-26 00:00:00,0.2008447689760527,0.2008447689760527,False,True,fixed_joint,125,0
L,11146,2025-12-27 00:00:00,-0.1351940625073332,-0.1351940625073332,False,True,fixed_joint,125,0
L,11232,2025-12-30 16:00:00,-0.15674193466533992,-0.15674193466533992,False,True,fixed_joint,125,0
L,11243,2025-12-31 00:00:00,-0.39910389957264963,-0.39910389957264963,False,True,fixed_joint,125,0
L,11264,2026-01-01 00:00:00,-0.1403192302564923,-0.1403192302564923,False,True,fixed_joint,125,0
L,11287,2026-01-02 00:00:00,0.02243656278698744,0.02243656278698744,False,True,fixed_joint,125,0
L,11411,2026-01-07 00:00:00,-0.16969234008917589,-0.16969234008917589,False,True,fixed_joint,125,0
S,11451,2026-01-08 16:00:00,0.3085354154961301,0.3085354154961301,False,True,fixed_joint,125,0
S,11451,2026-01-09 00:00:00,0.001959659019520037,0.001959659019520037,True,True,fixed_joint,125,0
L,11570,2026-01-13 16:00:00,-0.3654359707156272,-0.3654359707156272,False,True,fixed_joint,125,0
S,11652,2026-01-17 00:00:00,0.0,0.1106803391928999,True,False,fixed_joint,125,0
S,11652,2026-01-17 08:00:00,0.3380877953074434,0.3380877953074434,False,True,fixed_joint,125,0
S,11731,2026-01-20 08:00:00,0.3445333700403803,0.3445333700403803,False,True,fixed_joint,125,0
S,11769,2026-01-22 00:00:00,0.04560340022935779,0.04560340022935779,False,True,fixed_joint,125,0
S,11813,2026-01-24 00:00:00,0.20352057793315084,0.20352057793315084,False,True,fixed_joint,125,0
L,11891,2026-01-27 00:00:00,-0.05261670597886054,-0.05261670597886054,False,True,fixed_joint,125,0
S,11963,2026-01-30 00:00:00,-0.04583873047898873,-0.04583873047898873,True,True,fixed_joint,125,0
S,12078,2026-02-04 00:00:00,-0.15690272338001848,-0.15690272338001848,False,True,fixed_joint,125,0
S,12106,2026-02-05 00:00:00,-0.23944396203745832,-0.23944396203745832,True,True,fixed_joint,125,0
L,12155,2026-02-07 00:00:00,-0.07412643574967141,-0.07412643574967141,False,True,fixed_joint,125,0
S,12267,2026-02-11 16:00:00,-0.5192276615499508,-0.5192276615499508,False,True,fixed_joint,125,0
S,12267,2026-02-12 00:00:00,-0.4881670410989698,-0.4881670410989698,True,True,fixed_joint,125,0
L,12290,2026-02-12 16:00:00,-0.08952040533622317,-0.08952040533622317,False,True,fixed_joint,125,0
S,12300,2026-02-13 00:00:00,0.0,-0.16413223336795676,True,False,fixed_joint,125,0
L,12317,2026-02-14 00:00:00,-0.17698259417559017,-0.17698259417559017,True,True,fixed_joint,125,0
S,12415,2026-02-18 00:00:00,-0.18949045184721736,-0.18949045184721736,False,True,fixed_joint,125,0
L,12435,2026-02-18 16:00:00,0.15253517570160713,0.15253517570160713,False,True,fixed_joint,125,0
S,12442,2026-02-19 00:00:00,-0.034907921354578056,-0.034907921354578056,False,True,fixed_joint,125,0
S,12466,2026-02-20 00:00:00,-0.31543083392953797,-0.31543083392953797,False,True,fixed_joint,125,0
S,12466,2026-02-20 08:00:00,-0.18817882523265686,-0.18817882523265686,True,True,fixed_joint,125,0
S,12586,2026-02-25 00:00:00,-0.121071801542207,-0.121071801542207,False,True,fixed_joint,125,0
S,12586,2026-02-25 08:00:00,-0.100175256254822,-0.100175256254822,True,True,fixed_joint,125,0
L,12595,2026-02-25 08:00:00,0.09774798619102415,0.09774798619102415,False,True,fixed_joint,125,0
L,12608,2026-02-26 00:00:00,-0.24060305746596816,-0.24060305746596816,True,True,fixed_joint,125,0
S,12635,2026-02-27 00:00:00,0.15566968578981769,0.15566968578981769,False,True,fixed_joint,125,0
L,12731,2026-03-03 00:00:00,0.27868468381611,0.27868468381611,True,True,fixed_joint,125,0
S,12796,2026-03-05 16:00:00,0.0,-0.03348222016232818,True,False,fixed_joint,125,0
S,12796,2026-03-06 00:00:00,-0.058016553471462624,-0.058016553471462624,False,True,fixed_joint,125,0
L,12917,2026-03-11 00:00:00,-0.10804435502792924,-0.10804435502792924,False,True,fixed_joint,125,0
L,12980,2026-03-13 08:00:00,0.0,-0.09056349551288237,True,False,fixed_joint,125,0
S,13132,2026-03-19 16:00:00,0.0,-0.03483953680935459,True,False,fixed_joint,125,0
S,13298,2026-03-26 16:00:00,0.028651371912942796,0.028651371912942796,False,True,fixed_joint,125,0
L,13437,2026-04-01 16:00:00,-0.19275764209450733,-0.19275764209450733,True,True,fixed_joint,125,0
S,13473,2026-04-03 00:00:00,-0.29605870102283977,-0.29605870102283977,False,True,fixed_joint,125,0
S,13497,2026-04-04 00:00:00,-0.0383435693542303,-0.0383435693542303,False,True,fixed_joint,125,0
L,13610,2026-04-08 16:00:00,-0.23472298330965574,-0.23472298330965574,False,True,fixed_joint,125,0
S,13619,2026-04-09 00:00:00,0.2708666536658268,0.2708666536658268,False,True,fixed_joint,125,0
S,13619,2026-04-09 08:00:00,0.1324611856650941,0.1324611856650941,False,True,fixed_joint,125,0
S,13642,2026-04-10 00:00:00,0.07855039945291815,0.07855039945291815,False,True,fixed_joint,125,0
S,13642,2026-04-10 08:00:00,0.0505791459289995,0.0505791459289995,True,True,fixed_joint,125,0
L,13664,2026-04-11 00:00:00,0.01798659153301546,0.01798659153301546,True,True,fixed_joint,125,0
S,13763,2026-04-15 00:00:00,0.14027304853576408,0.14027304853576408,False,True,fixed_joint,125,0
S,13810,2026-04-17 00:00:00,-0.15369298906466985,-0.15369298906466985,False,True,fixed_joint,125,0
S,13929,2026-04-22 00:00:00,-0.14718659320939223,-0.14718659320939223,False,True,fixed_joint,125,0
L,13953,2026-04-23 00:00:00,-0.31172820200927676,-0.31172820200927676,False,True,fixed_joint,125,0
S,13964,2026-04-23 08:00:00,0.0,0.4000016856015912,True,False,fixed_joint,125,0
S,13964,2026-04-23 16:00:00,-0.07834937261908775,-0.07834937261908775,False,True,fixed_joint,125,0
S,14155,2026-05-01 08:00:00,-0.16024073498735075,-0.16024073498735075,False,True,fixed_joint,125,0
S,14155,2026-05-01 16:00:00,-0.07592806977053838,-0.07592806977053838,False,True,fixed_joint,125,0
L,14256,2026-05-05 16:00:00,0.09633277689351354,0.09633277689351354,False,True,fixed_joint,125,0
L,14596,2026-05-19 16:00:00,0.0,-0.22748016284637518,True,False,fixed_joint,125,0
S,14600,2026-05-20 00:00:00,0.14349482988425116,0.14349482988425116,False,True,fixed_joint,125,0
S,14667,2026-05-22 16:00:00,0.12387851626179094,0.12387851626179094,False,True,fixed_joint,125,0
S,14667,2026-05-23 00:00:00,0.23701739804874836,0.23701739804874836,False,True,fixed_joint,125,0
L,14743,2026-05-26 00:00:00,-0.13056923835942708,-0.13056923835942708,False,True,fixed_joint,125,0
S,14794,2026-05-28 00:00:00,0.24472139746285873,0.24472139746285873,False,True,fixed_joint,125,0
S,14968,2026-06-04 08:00:00,0.3077447406527926,0.3077447406527926,False,True,fixed_joint,125,0
S,15093,2026-06-09 16:00:00,0.0014548938628158846,0.0014548938628158846,False,True,fixed_joint,125,0
S,15293,2026-06-18 00:00:00,-0.02961530043781318,-0.02961530043781318,False,True,fixed_joint,125,0
S,15324,2026-06-19 00:00:00,0.0,-0.027643945729563826,True,False,fixed_joint,125,0
S,15324,2026-06-19 08:00:00,0.2665555146229078,0.2665555146229078,False,True,fixed_joint,125,0
L,15412,2026-06-22 16:00:00,0.0,-0.07764,True,False,fixed_joint,125,0
S,15434,2026-06-23 16:00:00,0.01315895678370836,0.01315895678370836,False,True,fixed_joint,125,0
L,15452,2026-06-24 08:00:00,0.0,-0.18315890086413825,True,False,fixed_joint,125,0
L,15452,2026-06-24 16:00:00,-0.08878276527207106,-0.08878276527207106,False,True,fixed_joint,125,0
L,15483,2026-06-25 16:00:00,-0.1716202103514099,-0.1716202103514099,False,True,fixed_joint,125,0
S,15503,2026-06-26 16:00:00,0.0,-0.08162592137034129,True,False,fixed_joint,125,0
L,15670,2026-07-03 16:00:00,-0.40127838834259405,-0.40127838834259405,False,True,fixed_joint,125,0
S,15803,2026-07-09 00:00:00,0.18078535107253277,0.18078535107253277,False,True,fixed_joint,125,0
L,15955,2026-07-15 08:00:00,-0.15415081383665855,-0.15415081383665855,False,True,fixed_joint,125,0
S,15988,2026-07-16 16:00:00,0.0,0.24316733515500374,True,False,fixed_joint,125,0
S,16010,2026-07-17 16:00:00,0.191395711519792,0.191395711519792,False,True,fixed_joint,125,0
S,16010,2026-07-18 00:00:00,0.09805449509381804,0.09805449509381804,True,True,fixed_joint,125,0
L,16101,2026-07-21 16:00:00,-0.16670106690152922,-0.16670106690152922,False,True,fixed_joint,125,0
S,16131,2026-07-22 16:00:00,0.057065636960848425,0.057065636960848425,False,True,fixed_joint,125,0
S,16131,2026-07-23 00:00:00,0.26164210008016486,0.26164210008016486,False,True,fixed_joint,125,0
S,16156,2026-07-23 16:00:00,0.0,-0.13252000000000003,True,False,fixed_joint,125,0
S,16156,2026-07-24 00:00:00,-0.1287130325235949,-0.1287130325235949,False,True,fixed_joint,125,0
L,16180,2026-07-24 16:00:00,0.0,-0.07103999999999999,True,False,fixed_joint,125,0
S,16186,2026-07-25 00:00:00,0.06880413004960065,0.06880413004960065,False,True,fixed_joint,125,0
S,16186,2026-07-25 08:00:00,0.21692610966624448,0.21692610966624448,True,True,fixed_joint,125,0
S,16308,2026-07-30 00:00:00,0.0,0.08573490252351071,True,False,fixed_joint,125,0
S,16308,2026-07-30 08:00:00,0.15568234944516052,0.15568234944516052,False,True,fixed_joint,125,0
L,16327,2026-07-31 00:00:00,-0.07962146158179921,-0.07962146158179921,False,True,fixed_joint,125,0
L,16634,2026-08-12 16:00:00,-0.29161696514518426,-0.29161696514518426,False,True,fixed_joint,125,0
L,16772,2026-08-18 08:00:00,0.0,-0.18531999999999998,True,False,fixed_joint,125,0
L,16846,2026-08-21 16:00:00,-0.40211992108737404,-0.40211992108737404,True,True,fixed_joint,125,0
S,16961,2026-08-26 08:00:00,0.1260941206036341,0.1260941206036341,False,True,fixed_joint,125,0
S,17015,2026-08-28 16:00:00,-0.005329760997603151,-0.005329760997603151,False,True,fixed_joint,125,0
L,17250,2026-09-07 08:00:00,-0.2708064132272221,-0.2708064132272221,False,True,fixed_joint,125,0
S,514,2024-10-10 00:00:00,0.4052937454237942,0.4052937454237942,False,True,fixed_joint,125,2
L,550,2024-10-11 16:00:00,-0.37903458648051375,-0.37903458648051375,False,True,fixed_joint,125,2
L,643,2024-10-15 08:00:00,-0.3968579064269508,-0.3968579064269508,False,True,fixed_joint,125,2
S,650,2024-10-15 16:00:00,0.40324093646724873,0.40324093646724873,False,True,fixed_joint,125,2
S,650,2024-10-16 00:00:00,0.39666930572687165,0.39666930572687165,True,True,fixed_joint,125,2
S,813,2024-10-22 16:00:00,0.40141002010944143,0.40141002010944143,False,True,fixed_joint,125,2
S,844,2024-10-23 16:00:00,0.0,0.40008871821633835,True,False,fixed_joint,125,2
S,844,2024-10-24 00:00:00,0.3904696052065415,0.3904696052065415,True,True,fixed_joint,125,2
S,1054,2024-11-01 16:00:00,0.40049544888810906,0.40049544888810906,False,True,fixed_joint,125,2
L,1156,2024-11-05 16:00:00,0.0,-0.3999351426498086,True,False,fixed_joint,125,2
L,1188,2024-11-07 00:00:00,0.0,-0.3999260091905575,True,False,fixed_joint,125,2
S,1378,2024-11-15 00:00:00,0.3887897412093577,0.3887897412093577,True,True,fixed_joint,125,2
S,1492,2024-11-19 16:00:00,0.0,0.8495299059811962,True,False,fixed_joint,125,2
S,1492,2024-11-20 00:00:00,0.611496843949327,0.611496843949327,False,True,fixed_joint,125,2
L,1636,2024-11-25 16:00:00,0.0,-0.9572113722420361,True,False,fixed_joint,125,2
S,1660,2024-11-26 16:00:00,0.0,0.49089962473769294,True,False,fixed_joint,125,2
S,2001,2024-12-11 00:00:00,0.38807807745520234,0.38807807745520234,True,True,fixed_joint,125,2
L,2019,2024-12-11 16:00:00,-0.39746157159189593,-0.39746157159189593,False,True,fixed_joint,125,2
L,2019,2024-12-12 00:00:00,-0.41205438420419854,-0.41205438420419854,True,True,fixed_joint,125,2
L,2339,2024-12-25 00:00:00,-0.11145816324883993,-0.11145816324883993,False,True,fixed_joint,125,2
S,2381,2024-12-27 00:00:00,0.2505381511640036,0.2505381511640036,False,True,fixed_joint,125,2
S,2691,2025-01-08 16:00:00,0.4056334194750427,0.4056334194750427,False,True,fixed_joint,125,2
S,2691,2025-01-09 00:00:00,0.40472358590716817,0.40472358590716817,False,True,fixed_joint,125,2
L,2830,2025-01-14 16:00:00,-0.30109556152574246,-0.30109556152574246,False,True,fixed_joint,125,2
L,2909,2025-01-18 00:00:00,-0.40162729954376136,-0.40162729954376136,True,True,fixed_joint,125,2
S,3028,2025-01-22 16:00:00,0.0,0.40008245039436563,True,False,fixed_joint,125,2
S,3028,2025-01-23 00:00:00,0.3989322005689282,0.3989322005689282,False,True,fixed_joint,125,2
L,3168,2025-01-28 16:00:00,-0.16146351348193008,-0.16146351348193008,False,True,fixed_joint,125,2
L,3216,2025-01-30 16:00:00,-0.39859659922029284,-0.39859659922029284,False,True,fixed_joint,125,2
S,3395,2025-02-07 00:00:00,-0.3051443134380271,-0.3051443134380271,True,True,fixed_joint,125,2
L,3418,2025-02-08 00:00:00,0.04694440842438888,0.04694440842438888,False,True,fixed_joint,125,2
S,3514,2025-02-12 00:00:00,-0.04998724791581507,-0.04998724791581507,False,True,fixed_joint,125,2
L,3547,2025-02-13 08:00:00,-0.38056988602279546,-0.38056988602279546,False,True,fixed_joint,125,2
S,3560,2025-02-14 00:00:00,0.04096865023880446,0.04096865023880446,False,True,fixed_joint,125,2
S,3732,2025-02-21 00:00:00,0.0,0.256221005750251,True,False,fixed_joint,125,2
S,3732,2025-02-21 08:00:00,0.14433977074806387,0.14433977074806387,False,True,fixed_joint,125,2
S,3899,2025-02-28 00:00:00,0.20243499255901157,0.20243499255901157,False,True,fixed_joint,125,2
S,4000,2025-03-04 08:00:00,-0.17562044779098163,-0.17562044779098163,False,True,fixed_joint,125,2
L,4035,2025-03-05 16:00:00,-0.28805317693987,-0.28805317693987,False,True,fixed_joint,125,2
L,4156,2025-03-10 16:00:00,0.0,-0.10298936243756455,True,False,fixed_joint,125,2
L,4250,2025-03-14 16:00:00,-0.3067440940488129,-0.3067440940488129,False,True,fixed_joint,125,2
S,4347,2025-03-18 16:00:00,0.16456906975944385,0.16456906975944385,False,True,fixed_joint,125,2
S,4347,2025-03-19 00:00:00,0.05807054564500007,0.05807054564500007,False,True,fixed_joint,125,2
S,4394,2025-03-20 16:00:00,0.061835341211518215,0.061835341211518215,False,True,fixed_joint,125,2
S,4546,2025-03-27 00:00:00,-0.08874617641455489,-0.08874617641455489,False,True,fixed_joint,125,2
L,4683,2025-04-01 16:00:00,-0.11484590807303276,-0.11484590807303276,False,True,fixed_joint,125,2
S,4706,2025-04-02 16:00:00,-0.0018093177037212219,-0.0018093177037212219,False,True,fixed_joint,125,2
S,4706,2025-04-03 00:00:00,0.1746522234994469,0.1746522234994469,True,True,fixed_joint,125,2
L,4756,2025-04-04 16:00:00,0.0,0.08370279865034434,True,False,fixed_joint,125,2
L,4841,2025-04-08 08:00:00,0.017318152958166633,0.017318152958166633,False,True,fixed_joint,125,2
S,4859,2025-04-09 00:00:00,-0.057191981543583174,-0.057191981543583174,False,True,fixed_joint,125,2
L,4924,2025-04-11 16:00:00,0.0,0.23423315336932612,True,False,fixed_joint,125,2
S,5027,2025-04-16 00:00:00,0.013407149282434642,0.013407149282434642,False,True,fixed_joint,125,2
L,5066,2025-04-17 16:00:00,-0.20766876062499057,-0.20766876062499057,False,True,fixed_joint,125,2
S,5075,2025-04-18 00:00:00,-0.07226493425800401,-0.07226493425800401,False,True,fixed_joint,125,2
S,5075,2025-04-18 08:00:00,-0.12613390496078528,-0.12613390496078528,False,True,fixed_joint,125,2
L,5096,2025-04-19 00:00:00,0.05938515155842237,0.05938515155842237,False,True,fixed_joint,125,2
S,5231,2025-04-24 16:00:00,0.2855115487784916,0.2855115487784916,False,True,fixed_joint,125,2
S,5255,2025-04-25 16:00:00,0.31911480187224683,0.31911480187224683,False,True,fixed_joint,125,2
S,5426,2025-05-02 16:00:00,-0.2299226976564819,-0.2299226976564819,False,True,fixed_joint,125,2
L,5550,2025-05-08 00:00:00,0.025542657093581285,0.025542657093581285,False,True,fixed_joint,125,2
S,5556,2025-05-08 00:00:00,0.0,-0.025925185037007397,True,False,fixed_joint,125,2
S,5556,2025-05-08 08:00:00,0.18195055297180102,0.18195055297180102,False,True,fixed_joint,125,2
S,5734,2025-05-15 16:00:00,0.3927671878343599,0.3927671878343599,True,True,fixed_joint,125,2
S,5865,2025-05-21 00:00:00,0.04693175617635336,0.04693175617635336,False,True,fixed_joint,125,2
S,6046,2025-05-28 16:00:00,0.4003413036611666,0.4003413036611666,False,True,fixed_joint,125,2
S,6084,2025-05-30 00:00:00,0.0,0.33290532148042346,True,False,fixed_joint,125,2
S,6084,2025-05-30 08:00:00,0.29779400503413533,0.29779400503413533,False,True,fixed_joint,125,2
L,6222,2025-06-05 00:00:00,-0.3187172977719414,-0.3187172977719414,False,True,fixed_joint,125,2
L,6274,2025-06-07 00:00:00,-0.10761365981007448,-0.10761365981007448,True,True,fixed_joint,125,2
L,6368,2025-06-11 00:00:00,-0.39398392972947616,-0.39398392972947616,False,True,fixed_joint,125,2
S,6407,2025-06-12 16:00:00,0.3976304243862118,0.3976304243862118,False,True,fixed_joint,125,2
L,6895,2025-07-03 00:00:00,-0.21334644303230246,-0.21334644303230246,False,True,fixed_joint,125,2
S,6938,2025-07-04 16:00:00,0.2613168300277392,0.2613168300277392,False,True,fixed_joint,125,2
L,7034,2025-07-08 16:00:00,-0.11150922329065593,-0.11150922329065593,False,True,fixed_joint,125,2
L,7065,2025-07-10 00:00:00,-0.2503304859900529,-0.2503304859900529,False,True,fixed_joint,125,2
L,7079,2025-07-10 16:00:00,-0.11260294745923234,-0.11260294745923234,True,True,fixed_joint,125,2
S,7198,2025-07-15 16:00:00,0.4001768215911004,0.4001768215911004,False,True,fixed_joint,125,2
S,7378,2025-07-23 00:00:00,0.4076845060452816,0.4076845060452816,False,True,fixed_joint,125,2
S,7439,2025-07-25 16:00:00,0.4020224668797937,0.4020224668797937,False,True,fixed_joint,125,2
S,7568,2025-07-31 00:00:00,0.06225442330128058,0.06225442330128058,False,True,fixed_joint,125,2
L,7583,2025-07-31 16:00:00,-0.40005641675401793,-0.40005641675401793,False,True,fixed_joint,125,2
S,7595,2025-08-01 00:00:00,-0.047454956629592884,-0.047454956629592884,False,True,fixed_joint,125,2
S,7595,2025-08-01 08:00:00,-0.14720172009838636,-0.14720172009838636,True,True,fixed_joint,125,2
S,7708,2025-08-05 16:00:00,0.0,0.12466458782265234,True,False,fixed_joint,125,2
S,7708,2025-08-06 00:00:00,0.054170314827535676,0.054170314827535676,False,True,fixed_joint,125,2
L,7730,2025-08-06 16:00:00,-0.32804350850141534,-0.32804350850141534,False,True,fixed_joint,125,2
L,7756,2025-08-07 16:00:00,0.0,-0.17136572685462909,True,False,fixed_joint,125,2
L,7786,2025-08-09 00:00:00,-0.3953252934504186,-0.3953252934504186,False,True,fixed_joint,125,2
S,7955,2025-08-16 00:00:00,0.25538314998097317,0.25538314998097317,True,True,fixed_joint,125,2
S,8093,2025-08-22 00:00:00,0.10649693458599097,0.10649693458599097,False,True,fixed_joint,125,2
L,8263,2025-08-29 00:00:00,-0.08497156930126815,-0.08497156930126815,False,True,fixed_joint,125,2
L,8406,2025-09-04 00:00:00,-0.13064633165058254,-0.13064633165058254,False,True,fixed_joint,125,2
S,8426,2025-09-04 16:00:00,-0.08042246592754923,-0.08042246592754923,False,True,fixed_joint,125,2
S,8426,2025-09-05 00:00:00,-0.09949285596291278,-0.09949285596291278,False,True,fixed_joint,125,2
L,8452,2025-09-05 16:00:00,0.0,0.13822351928018528,True,False,fixed_joint,125,2
L,8594,2025-09-11 16:00:00,-0.40188826354115403,-0.40188826354115403,False,True,fixed_joint,125,2
L,8611,2025-09-12 08:00:00,-0.1945228355510942,-0.1945228355510942,False,True,fixed_joint,125,2
S,8722,2025-09-17 00:00:00,0.08139131888782011,0.08139131888782011,False,True,fixed_joint,125,2
S,8722,2025-09-17 08:00:00,0.09738641884153854,0.09738641884153854,True,True,fixed_joint,125,2
L,8735,2025-09-17 16:00:00,-0.2149405735339691,-0.2149405735339691,False,True,fixed_joint,125,2
S,8784,2025-09-19 16:00:00,-0.036082872240775464,-0.036082872240775464,False,True,fixed_joint,125,2
S,8784,2025-09-20 00:00:00,-0.17012871928347345,-0.17012871928347345,True,True,fixed_joint,125,2
L,8915,2025-09-25 00:00:00,0.14364649105023466,0.14364649105023466,False,True,fixed_joint,125,2
S,8922,2025-09-25 08:00:00,-0.34478207432124375,-0.34478207432124375,False,True,fixed_joint,125,2
L,9077,2025-10-02 00:00:00,0.02999693712291694,0.02999693712291694,False,True,fixed_joint,125,2
L,9092,2025-10-02 08:00:00,0.0,-0.05947097999432064,True,False,fixed_joint,125,2
L,9092,2025-10-02 16:00:00,-0.12207181403762156,-0.12207181403762156,True,True,fixed_joint,125,2
L,9106,2025-10-03 00:00:00,-0.14999499329789537,-0.14999499329789537,False,True,fixed_joint,125,2
S,9219,2025-10-07 16:00:00,0.4008814652112594,0.4008814652112594,False,True,fixed_joint,125,2
S,9219,2025-10-08 00:00:00,0.3866168175102365,0.3866168175102365,True,True,fixed_joint,125,2
S,9240,2025-10-08 16:00:00,0.24261522226526971,0.24261522226526971,False,True,fixed_joint,125,2
S,9263,2025-10-09 16:00:00,-0.009069831087983461,-0.009069831087983461,False,True,fixed_joint,125,2
S,9299,2025-10-11 00:00:00,-0.19738965416999,-0.19738965416999,True,True,fixed_joint,125,2
L,9435,2025-10-16 16:00:00,-0.030316730024914182,-0.030316730024914182,False,True,fixed_joint,125,2
S,9459,2025-10-17 16:00:00,0.22148887550121166,0.22148887550121166,False,True,fixed_joint,125,2
L,9523,2025-10-20 08:00:00,-0.09828977059437248,-0.09828977059437248,False,True,fixed_joint,125,2
S,9582,2025-10-23 00:00:00,0.09580118551065563,0.09580118551065563,False,True,fixed_joint,125,2
L,9603,2025-10-23 16:00:00,-0.16646075385454107,-0.16646075385454107,False,True,fixed_joint,125,2
L,9730,2025-10-29 00:00:00,-0.07075906977427535,-0.07075906977427535,False,True,fixed_joint,125,2
S,9756,2025-10-30 00:00:00,0.0,0.15663132626525308,True,False,fixed_joint,125,2
S,9777,2025-10-31 00:00:00,-0.25287192233387235,-0.25287192233387235,False,True,fixed_joint,125,2
L,9800,2025-11-01 00:00:00,0.05113607445321168,0.05113607445321168,False,True,fixed_joint,125,2
L,9921,2025-11-06 00:00:00,-0.17618273345525298,-0.17618273345525298,False,True,fixed_joint,125,2
S,9939,2025-11-06 16:00:00,0.1992122358576233,0.1992122358576233,False,True,fixed_joint,125,2
S,9939,2025-11-07 00:00:00,0.002770434153269945,0.002770434153269945,True,True,fixed_joint,125,2
S,10066,2025-11-12 00:00:00,0.11145684621080218,0.11145684621080218,False,True,fixed_joint,125,2
S,10116,2025-11-14 00:00:00,0.0,0.09287396869063301,True,False,fixed_joint,125,2
L,10202,2025-11-17 16:00:00,-0.4013863178312507,-0.4013863178312507,False,True,fixed_joint,125,2
L,10231,2025-11-19 00:00:00,-0.24022535594595973,-0.24022535594595973,False,True,fixed_joint,125,2
S,10250,2025-11-19 16:00:00,0.2751662513260757,0.2751662513260757,False,True,fixed_joint,125,2
S,10250,2025-11-20 00:00:00,0.12631415222093748,0.12631415222093748,False,True,fixed_joint,125,2
S,10284,2025-11-21 00:00:00,0.0,0.2715733956835604,True,False,fixed_joint,125,2
S,10397,2025-11-26 00:00:00,0.022430375371601727,0.022430375371601727,False,True,fixed_joint,125,2
S,10422,2025-11-27 00:00:00,0.07599495331508611,0.07599495331508611,False,True,fixed_joint,125,2
S,10449,2025-11-28 00:00:00,0.03978592540742296,0.03978592540742296,False,True,fixed_joint,125,2
L,10563,2025-12-02 16:00:00,-0.2214526298871983,-0.2214526298871983,False,True,fixed_joint,125,2
L,10563,2025-12-03 00:00:00,-0.17727972266500144,-0.17727972266500144,True,True,fixed_joint,125,2
L,10583,2025-12-03 16:00:00,-0.04466483463521988,-0.04466483463521988,True,True,fixed_joint,125,2
S,10618,2025-12-05 00:00:00,0.38973157177540596,0.38973157177540596,False,True,fixed_joint,125,2
S,10642,2025-12-06 00:00:00,0.19586778446935516,0.19586778446935516,False,True,fixed_joint,125,2
S,10787,2025-12-12 00:00:00,0.10532520496102261,0.10532520496102261,False,True,fixed_joint,125,2
S,10787,2025-12-12 08:00:00,-0.010165842981905397,-0.010165842981905397,False,True,fixed_joint,125,2
S,10812,2025-12-13 00:00:00,0.0,-0.009448359479336126,True,False,fixed_joint,125,2
S,10812,2025-12-13 08:00:00,0.0042994576765515964,0.0042994576765515964,True,True,fixed_joint,125,2
L,10974,2025-12-20 00:00:00,-0.3689596773079821,-0.3689596773079821,True,True,fixed_joint,125,2
S,11067,2025-12-23 16:00:00,0.27212170618867293,0.27212170618867293,False,True,fixed_joint,125,2
S,11067,2025-12-24 00:00:00,0.10452388162850386,0.10452388162850386,False,True,fixed_joint,125,2
S,11094,2025-12-25 00:00:00,0.2257012021100604,0.2257012021100604,False,True,fixed_joint,125,2
L,11107,2025-12-25 08:00:00,-0.2599540017631952,-0.2599540017631952,False,True,fixed_joint,125,2
S,11117,2025-12-26 00:00:00,0.20088494596524575,0.20088494596524575,False,True,fixed_joint,125,2
L,11146,2025-12-27 00:00:00,-0.13516702910151288,-0.13516702910151288,False,True,fixed_joint,125,2
L,11232,2025-12-30 16:00:00,-0.1567105925468306,-0.1567105925468306,False,True,fixed_joint,125,2
L,11243,2025-12-31 00:00:00,-0.3990240947536989,-0.3990240947536989,False,True,fixed_joint,125,2
L,11264,2026-01-01 00:00:00,-0.14029117202208788,-0.14029117202208788,False,True,fixed_joint,125,2
L,11287,2026-01-02 00:00:00,0.0224320763717131,0.0224320763717131,False,True,fixed_joint,125,2
L,11411,2026-01-07 00:00:00,-0.1696584084074944,-0.1696584084074944,False,True,fixed_joint,125,2
S,11451,2026-01-08 16:00:00,0.30859713492311475,0.30859713492311475,False,True,fixed_joint,125,2
S,11451,2026-01-09 00:00:00,0.0019600510297259825,0.0019600510297259825,True,True,fixed_joint,125,2
L,11570,2026-01-13 16:00:00,-0.36536289813600004,-0.36536289813600004,False,True,fixed_joint,125,2
S,11652,2026-01-17 00:00:00,0.0,0.11070247968883765,True,False,fixed_joint,125,2
S,11652,2026-01-17 08:00:00,0.3381554263927219,0.3381554263927219,False,True,fixed_joint,125,2
S,11731,2026-01-20 08:00:00,0.34460229049848,0.34460229049848,False,True,fixed_joint,125,2
S,11769,2026-01-22 00:00:00,0.04561252273390457,0.04561252273390457,False,True,fixed_joint,125,2
S,11813,2026-01-24 00:00:00,0.2035612901911891,0.2035612901911891,False,True,fixed_joint,125,2
L,11891,2026-01-27 00:00:00,-0.052606184741912164,-0.052606184741912164,False,True,fixed_joint,125,2
S,11963,2026-01-30 00:00:00,-0.045847900059000524,-0.045847900059000524,True,True,fixed_joint,125,2
S,12078,2026-02-04 00:00:00,-0.1569341102020589,-0.1569341102020589,False,True,fixed_joint,125,2
S,12106,2026-02-05 00:00:00,-0.23949186040954026,-0.23949186040954026,True,True,fixed_joint,125,2
L,12155,2026-02-07 00:00:00,-0.07411161342698602,-0.07411161342698602,False,True,fixed_joint,125,2
S,12267,2026-02-11 16:00:00,-0.5193315278555218,-0.5193315278555218,False,True,fixed_joint,125,2
S,12267,2026-02-12 00:00:00,-0.4882646940377773,-0.4882646940377773,True,True,fixed_joint,125,2
L,12290,2026-02-12 16:00:00,-0.08950250483525614,-0.08950250483525614,False,True,fixed_joint,125,2
S,12300,2026-02-13 00:00:00,0.0,-0.16416506638123302,True,False,fixed_joint,125,2
L,12317,2026-02-14 00:00:00,-0.17694720473464326,-0.17694720473464326,True,True,fixed_joint,125,2
S,12415,2026-02-18 00:00:00,-0.1895283575187211,-0.1895283575187211,False,True,fixed_joint,125,2
L,12435,2026-02-18 16:00:00,0.1525046747666538,0.1525046747666538,False,True,fixed_joint,125,2
S,12442,2026-02-19 00:00:00,-0.034914904335445154,-0.034914904335445154,False,True,fixed_joint,125,2
S,12466,2026-02-20 00:00:00,-0.3154939327160811,-0.3154939327160811,False,True,fixed_joint,125,2
S,12466,2026-02-20 08:00:00,-0.18821646852636212,-0.18821646852636212,True,True,fixed_joint,125,2
S,12586,2026-02-25 00:00:00,-0.12109602074635627,-0.12109602074635627,False,True,fixed_joint,125,2
S,12586,2026-02-25 08:00:00,-0.10019529531388478,-0.10019529531388478,True,True,fixed_joint,125,2
L,12595,2026-02-25 08:00:00,0.09772844050292358,0.09772844050292358,False,True,fixed_joint,125,2
L,12608,2026-02-26 00:00:00,-0.24055494647667286,-0.24055494647667286,True,True,fixed_joint,125,2
S,12635,2026-02-27 00:00:00,0.15570082595500867,0.15570082595500867,False,True,fixed_joint,125,2
L,12731,2026-03-03 00:00:00,0.2786289580245051,0.2786289580245051,True,True,fixed_joint,125,2
S,12796,2026-03-05 16:00:00,0.0,-0.03348891794591737,True,False,fixed_joint,125,2
S,12796,2026-03-06 00:00:00,-0.05802815910328329,-0.05802815910328329,False,True,fixed_joint,125,2
L,12917,2026-03-11 00:00:00,-0.10802275047783368,-0.10802275047783368,False,True,fixed_joint,125,2
L,12980,2026-03-13 08:00:00,0.0,-0.09054538643559526,True,False,fixed_joint,125,2
S,13132,2026-03-19 16:00:00,0.0,-0.0348465061105767,True,False,fixed_joint,125,2
S,13298,2026-03-26 16:00:00,0.02865710333360952,0.02865710333360952,False,True,fixed_joint,125,2
L,13437,2026-04-01 16:00:00,-0.19271909827485237,-0.19271909827485237,True,True,fixed_joint,125,2
S,13473,2026-04-03 00:00:00,-0.2961179246077613,-0.2961179246077613,False,True,fixed_joint,125,2
S,13497,2026-04-04 00:00:00,-0.03835123960215073,-0.03835123960215073,False,True,fixed_joint,125,2
L,13610,2026-04-08 16:00:00,-0.23467604810003573,-0.23467604810003573,False,True,fixed_joint,125,2
S,13619,2026-04-09 00:00:00,0.27092083783339344,0.27092083783339344,False,True,fixed_joint,125,2
S,13619,2026-04-09 08:00:00,0.13248768320173446,0.13248768320173446,False,True,fixed_joint,125,2
S,13642,2026-04-10 00:00:00,0.07856611267545326,0.07856611267545326,False,True,fixed_joint,125,2
S,13642,2026-04-10 08:00:00,0.05058926378175586,0.05058926378175586,True,True,fixed_joint,125,2
L,13664,2026-04-11 00:00:00,0.01798299493402866,0.01798299493402866,True,True,fixed_joint,125,2
S,13763,2026-04-15 00:00:00,0.1403011087575156,0.1403011087575156,False,True,fixed_joint,125,2
S,13810,2026-04-17 00:00:00,-0.15372373381143214,-0.15372373381143214,False,True,fixed_joint,125,2
S,13929,2026-04-22 00:00:00,-0.14721603641667555,-0.14721603641667555,False,True,fixed_joint,125,2
L,13953,2026-04-23 00:00:00,-0.3116658688355097,-0.3116658688355097,False,True,fixed_joint,125,2
S,14155,2026-05-01 08:00:00,-0.1602727895452598,-0.1602727895452598,False,True,fixed_joint,125,2
S,14155,2026-05-01 16:00:00,-0.07594325842222283,-0.07594325842222283,False,True,fixed_joint,125,2
L,14256,2026-05-05 16:00:00,0.09631351419067541,0.09631351419067541,False,True,fixed_joint,125,2
L,14596,2026-05-19 16:00:00,0.0,-0.22743467591119298,True,False,fixed_joint,125,2
S,14600,2026-05-20 00:00:00,0.1435235345911694,0.1435235345911694,False,True,fixed_joint,125,2
S,14667,2026-05-22 16:00:00,0.12390329692117519,0.12390329692117519,False,True,fixed_joint,125,2
S,14667,2026-05-23 00:00:00,0.23706481101095056,0.23706481101095056,False,True,fixed_joint,125,2
S,14794,2026-05-28 00:00:00,0.24477035153316534,0.24477035153316534,False,True,fixed_joint,125,2
S,14968,2026-06-04 08:00:00,0.30780630191317526,0.30780630191317526,False,True,fixed_joint,125,2
S,15093,2026-06-09 16:00:00,0.0014551848997958437,0.0014551848997958437,False,True,fixed_joint,125,2
S,15293,2026-06-18 00:00:00,-0.029621224682749726,-0.029621224682749726,False,True,fixed_joint,125,2
S,15324,2026-06-19 00:00:00,0.0,-0.027649475624688762,True,False,fixed_joint,125,2
S,15324,2026-06-19 08:00:00,0.2666088363901858,0.2666088363901858,False,True,fixed_joint,125,2
L,15412,2026-06-22 16:00:00,0.0,-0.077624475104979,True,False,fixed_joint,125,2
S,15434,2026-06-23 16:00:00,0.013161589101528667,0.013161589101528667,False,True,fixed_joint,125,2
L,15452,2026-06-24 08:00:00,0.0,-0.18312227640885648,True,False,fixed_joint,125,2
L,15452,2026-06-24 16:00:00,-0.08876501226961712,-0.08876501226961712,False,True,fixed_joint,125,2
L,15483,2026-06-25 16:00:00,-0.17158589317277537,-0.17158589317277537,False,True,fixed_joint,125,2
S,15503,2026-06-26 16:00:00,0.0,-0.08164224982030535,True,False,fixed_joint,125,2
L,15670,2026-07-03 16:00:00,-0.4011981487128515,-0.4011981487128515,False,True,fixed_joint,125,2
S,15803,2026-07-09 00:00:00,0.18082151537560784,0.18082151537560784,False,True,fixed_joint,125,2
L,15955,2026-07-15 08:00:00,-0.1541199898386908,-0.1541199898386908,False,True,fixed_joint,125,2
S,15988,2026-07-16 16:00:00,0.0,0.24321597835067382,True,False,fixed_joint,125,2
S,16010,2026-07-17 16:00:00,0.19143399831945587,0.19143399831945587,False,True,fixed_joint,125,2
S,16010,2026-07-18 00:00:00,0.09807410991580119,0.09807410991580119,True,True,fixed_joint,125,2
L,16101,2026-07-21 16:00:00,-0.1666677333548582,-0.1666677333548582,False,True,fixed_joint,125,2
S,16131,2026-07-22 16:00:00,0.05707705237132269,0.05707705237132269,False,True,fixed_joint,125,2
S,16131,2026-07-23 00:00:00,0.2616944389679585,0.2616944389679585,False,True,fixed_joint,125,2
S,16156,2026-07-23 16:00:00,0.0,-0.13254650930186038,True,False,fixed_joint,125,2
S,16156,2026-07-24 00:00:00,-0.12873878027965083,-0.12873878027965083,False,True,fixed_joint,125,2
L,16180,2026-07-24 16:00:00,0.0,-0.07102579484103179,True,False,fixed_joint,125,2
S,16186,2026-07-25 00:00:00,0.06881789362832631,0.06881789362832631,False,True,fixed_joint,125,2
S,16186,2026-07-25 08:00:00,0.21696950356695788,0.21696950356695788,True,True,fixed_joint,125,2
S,16308,2026-07-30 00:00:00,0.0,0.08575205293409753,True,False,fixed_joint,125,2
S,16308,2026-07-30 08:00:00,0.15571349214358923,0.15571349214358923,False,True,fixed_joint,125,2
L,16327,2026-07-31 00:00:00,-0.07960554047370448,-0.07960554047370448,False,True,fixed_joint,125,2
L,16634,2026-08-12 16:00:00,-0.2915586534145014,-0.2915586534145014,False,True,fixed_joint,125,2
L,16772,2026-08-18 08:00:00,0.0,-0.18528294341131774,True,False,fixed_joint,125,2
L,16846,2026-08-21 16:00:00,-0.4020395131847372,-0.4020395131847372,True,True,fixed_joint,125,2
S,16961,2026-08-26 08:00:00,0.1261193444725286,0.1261193444725286,False,True,fixed_joint,125,2
S,17015,2026-08-28 16:00:00,-0.005330827163035758,-0.005330827163035758,False,True,fixed_joint,125,2
L,17250,2026-09-07 08:00:00,-0.27075226277466713,-0.27075226277466713,False,True,fixed_joint,125,2
S,514,2024-10-10 00:00:00,0.4054153943718954,0.4054153943718954,False,True,fixed_joint,125,5
L,550,2024-10-11 16:00:00,-0.37892093293134416,-0.37892093293134416,True,True,fixed_joint,125,5
L,562,2024-10-12 00:00:00,-0.2402278843512082,-0.2402278843512082,False,True,fixed_joint,125,5
L,643,2024-10-15 08:00:00,-0.39673890855395916,-0.39673890855395916,False,True,fixed_joint,125,5
S,650,2024-10-15 16:00:00,0.40336196926458756,0.40336196926458756,False,True,fixed_joint,125,5
S,650,2024-10-16 00:00:00,0.3967883660487507,0.3967883660487507,True,True,fixed_joint,125,5
L,680,2024-10-17 00:00:00,-0.39638023677952605,-0.39638023677952605,False,True,fixed_joint,125,5
S,813,2024-10-22 16:00:00,0.40153050335709806,0.40153050335709806,False,True,fixed_joint,125,5
S,844,2024-10-23 16:00:00,0.0,0.4002088048751328,True,False,fixed_joint,125,5
S,844,2024-10-24 00:00:00,0.3905868046878442,0.3905868046878442,True,True,fixed_joint,125,5
S,1054,2024-11-01 16:00:00,0.40061565762714507,0.40061565762714507,False,True,fixed_joint,125,5
L,1156,2024-11-05 16:00:00,0.0,-0.3998152220673049,True,False,fixed_joint,125,5
L,1188,2024-11-07 00:00:00,0.0,-0.39980609134672235,True,False,fixed_joint,125,5
S,1378,2024-11-15 00:00:00,0.3889064364793556,0.3889064364793556,True,True,fixed_joint,125,5
S,1492,2024-11-19 16:00:00,0.0,0.849784892446223,True,False,fixed_joint,125,5
S,1492,2024-11-20 00:00:00,0.6116803847729236,0.6116803847729236,False,True,fixed_joint,125,5
L,1636,2024-11-25 16:00:00,0.0,-0.9569243523403145,True,False,fixed_joint,125,5
S,1660,2024-11-26 16:00:00,0.0,0.49104696829689387,True,False,fixed_joint,125,5
S,2001,2024-12-11 00:00:00,0.388194559119271,0.388194559119271,True,True,fixed_joint,125,5
L,2019,2024-12-11 16:00:00,-0.3973423927098593,-0.3973423927098593,False,True,fixed_joint,125,5
L,2019,2024-12-12 00:00:00,-0.41193082966620614,-0.41193082966620614,True,True,fixed_joint,125,5
L,2339,2024-12-25 00:00:00,-0.1114247425102346,-0.1114247425102346,False,True,fixed_joint,125,5
S,2381,2024-12-27 00:00:00,0.2506133502088752,0.2506133502088752,False,True,fixed_joint,125,5
S,2691,2025-01-08 16:00:00,0.4057551703763358,0.4057551703763358,False,True,fixed_joint,125,5
S,2691,2025-01-09 00:00:00,0.4048450637218476,0.4048450637218476,False,True,fixed_joint,125,5
L,2830,2025-01-14 16:00:00,-0.30100527799904814,-0.30100527799904814,False,True,fixed_joint,125,5
L,2909,2025-01-18 00:00:00,-0.40150687156788617,-0.40150687156788617,True,True,fixed_joint,125,5
S,3028,2025-01-22 16:00:00,0.0,0.40020253517187265,True,False,fixed_joint,125,5
S,3028,2025-01-23 00:00:00,0.3990519400988638,0.3990519400988638,False,True,fixed_joint,125,5
L,3168,2025-01-28 16:00:00,-0.1614150986353088,-0.1614150986353088,False,True,fixed_joint,125,5
L,3216,2025-01-30 16:00:00,-0.3984770800001368,-0.3984770800001368,False,True,fixed_joint,125,5
S,3395,2025-02-07 00:00:00,-0.30523590252660276,-0.30523590252660276,True,True,fixed_joint,125,5
L,3418,2025-02-08 00:00:00,0.046930332140003764,0.046930332140003764,False,True,fixed_joint,125,5
S,3514,2025-02-12 00:00:00,-0.05000225159202792,-0.05000225159202792,False,True,fixed_joint,125,5
L,3547,2025-02-13 08:00:00,-0.38045577211394305,-0.38045577211394305,False,True,fixed_joint,125,5
S,3560,2025-02-14 00:00:00,0.04098094698224782,0.04098094698224782,False,True,fixed_joint,125,5
S,3732,2025-02-21 00:00:00,0.0,0.2562979105043531,True,False,fixed_joint,125,5
S,3732,2025-02-21 08:00:00,0.14438309434108476,0.14438309434108476,False,True,fixed_joint,125,5
S,3899,2025-02-28 00:00:00,0.20249575343721837,0.20249575343721837,False,True,fixed_joint,125,5
S,4000,2025-03-04 08:00:00,-0.17567316028156418,-0.17567316028156418,False,True,fixed_joint,125,5
L,4035,2025-03-05 16:00:00,-0.28796680417317144,-0.28796680417317144,False,True,fixed_joint,125,5
L,4156,2025-03-10 16:00:00,0.0,-0.1029584810695173,True,False,fixed_joint,125,5
L,4250,2025-03-14 16:00:00,-0.30665211680921806,-0.30665211680921806,False,True,fixed_joint,125,5
S,4347,2025-03-18 16:00:00,0.164618465178081,0.164618465178081,False,True,fixed_joint,125,5
S,4347,2025-03-19 00:00:00,0.05808797552363289,0.05808797552363289,False,True,fixed_joint,125,5
S,4394,2025-03-20 16:00:00,0.06185390109382281,0.06185390109382281,False,True,fixed_joint,125,5
S,4546,2025-03-27 00:00:00,-0.08877281358606501,-0.08877281358606501,False,True,fixed_joint,125,5
L,4683,2025-04-01 16:00:00,-0.11481147151888792,-0.11481147151888792,False,True,fixed_joint,125,5
S,4706,2025-04-02 16:00:00,-0.0018098607705657602,-0.0018098607705657602,False,True,fixed_joint,125,5
S,4706,2025-04-03 00:00:00,0.17470464537743569,0.17470464537743569,True,True,fixed_joint,125,5
L,4756,2025-04-04 16:00:00,0.0,0.08367770035989446,True,False,fixed_joint,125,5
L,4841,2025-04-08 08:00:00,0.017312960108703913,0.017312960108703913,False,True,fixed_joint,125,5
S,4859,2025-04-09 00:00:00,-0.05720914772113503,-0.05720914772113503,False,True,fixed_joint,125,5
L,4879,2025-04-10 00:00:00,-0.06357179770993171,-0.06357179770993171,True,True,fixed_joint,125,5
L,4924,2025-04-11 16:00:00,0.0,0.23416291854072965,True,False,fixed_joint,125,5
S,5027,2025-04-16 00:00:00,0.013411173439297803,0.013411173439297803,False,True,fixed_joint,125,5
L,5066,2025-04-17 16:00:00,-0.20760649113154978,-0.20760649113154978,False,True,fixed_joint,125,5
S,5075,2025-04-18 00:00:00,-0.07228662458344412,-0.07228662458344412,False,True,fixed_joint,125,5
S,5075,2025-04-18 08:00:00,-0.126171764061824,-0.126171764061824,False,True,fixed_joint,125,5
L,5096,2025-04-19 00:00:00,0.05936734491627592,0.05936734491627592,False,True,fixed_joint,125,5
L,5194,2025-04-23 00:00:00,-0.33582796731036363,-0.33582796731036363,True,True,fixed_joint,125,5
L,5202,2025-04-23 08:00:00,-0.2673203658769937,-0.2673203658769937,False,True,fixed_joint,125,5
S,5231,2025-04-24 16:00:00,0.28559724509128154,0.28559724509128154,False,True,fixed_joint,125,5
S,5255,2025-04-25 16:00:00,0.3192105842039744,0.3192105842039744,False,True,fixed_joint,125,5
S,5426,2025-05-02 16:00:00,-0.22999170897143634,-0.22999170897143634,False,True,fixed_joint,125,5
L,5550,2025-05-08 00:00:00,0.025534998125937035,0.025534998125937035,False,True,fixed_joint,125,5
S,5556,2025-05-08 00:00:00,0.0,-0.025932966483241622,True,False,fixed_joint,125,5
S,5556,2025-05-08 08:00:00,0.18200516544392864,0.18200516544392864,False,True,fixed_joint,125,5
S,5734,2025-05-15 16:00:00,0.39288507693526054,0.39288507693526054,True,True,fixed_joint,125,5
S,5865,2025-05-21 00:00:00,0.04694584274649133,0.04694584274649133,False,True,fixed_joint,125,5
S,6046,2025-05-28 16:00:00,0.4004614661335012,0.4004614661335012,False,True,fixed_joint,125,5
S,6084,2025-05-30 00:00:00,0.0,0.33300524303764617,True,False,fixed_joint,125,5
S,6084,2025-05-30 08:00:00,0.29788338792709207,0.29788338792709207,False,True,fixed_joint,125,5
L,6222,2025-06-05 00:00:00,-0.31862173036631264,-0.31862173036631264,False,True,fixed_joint,125,5
L,6274,2025-06-07 00:00:00,-0.10758139184611344,-0.10758139184611344,True,True,fixed_joint,125,5
L,6368,2025-06-11 00:00:00,-0.39386579361861274,-0.39386579361861274,False,True,fixed_joint,125,5
S,6407,2025-06-12 16:00:00,0.3977497731879284,0.3977497731879284,False,True,fixed_joint,125,5
L,6895,2025-07-03 00:00:00,-0.21328247108536627,-0.21328247108536627,False,True,fixed_joint,125,5
S,6938,2025-07-04 16:00:00,0.2613952642938806,0.2613952642938806,False,True,fixed_joint,125,5
L,7034,2025-07-08 16:00:00,-0.11147578724169323,-0.11147578724169323,False,True,fixed_joint,125,5
L,7065,2025-07-10 00:00:00,-0.2502554243750634,-0.2502554243750634,False,True,fixed_joint,125,5
L,7079,2025-07-10 16:00:00,-0.1125691834569957,-0.1125691834569957,True,True,fixed_joint,125,5
S,7198,2025-07-15 16:00:00,0.40029693469412925,0.40029693469412925,False,True,fixed_joint,125,5
S,7378,2025-07-23 00:00:00,0.4078068725803627,0.4078068725803627,False,True,fixed_joint,125,5
S,7439,2025-07-25 16:00:00,0.4021431339533944,0.4021431339533944,False,True,fixed_joint,125,5
S,7568,2025-07-31 00:00:00,0.06227310897110587,0.06227310897110587,False,True,fixed_joint,125,5
L,7583,2025-07-31 16:00:00,-0.399936459807465,-0.399936459807465,False,True,fixed_joint,125,5
S,7595,2025-08-01 00:00:00,-0.04746920023838616,-0.04746920023838616,False,True,fixed_joint,125,5
S,7595,2025-08-01 08:00:00,-0.14724590270571952,-0.14724590270571952,True,True,fixed_joint,125,5
S,7708,2025-08-05 16:00:00,0.0,0.12470200590804184,True,False,fixed_joint,125,5
S,7708,2025-08-06 00:00:00,0.05418657405159598,0.05418657405159598,False,True,fixed_joint,125,5
L,7730,2025-08-06 16:00:00,-0.3279451446308002,-0.3279451446308002,False,True,fixed_joint,125,5
L,7756,2025-08-07 16:00:00,0.0,-0.17131434282858568,True,False,fixed_joint,125,5
L,7786,2025-08-09 00:00:00,-0.39520675513154296,-0.39520675513154296,False,True,fixed_joint,125,5
S,7955,2025-08-16 00:00:00,0.2554598032526033,0.2554598032526033,True,True,fixed_joint,125,5
S,8093,2025-08-22 00:00:00,0.10652889964889821,0.10652889964889821,False,True,fixed_joint,125,5
L,8263,2025-08-29 00:00:00,-0.08494609056984348,-0.08494609056984348,False,True,fixed_joint,125,5
L,8406,2025-09-04 00:00:00,-0.13060715733824357,-0.13060715733824357,False,True,fixed_joint,125,5
S,8426,2025-09-04 16:00:00,-0.08044660473673208,-0.08044660473673208,False,True,fixed_joint,125,5
S,8426,2025-09-05 00:00:00,-0.09952271875109572,-0.09952271875109572,False,True,fixed_joint,125,5
L,8452,2025-09-05 16:00:00,0.0,0.13818207294756754,True,False,fixed_joint,125,5
L,8594,2025-09-11 16:00:00,-0.4017677573152047,-0.4017677573152047,False,True,fixed_joint,125,5
L,8611,2025-09-12 08:00:00,-0.1944645078642723,-0.1944645078642723,False,True,fixed_joint,125,5
S,8722,2025-09-17 00:00:00,0.08141574849829168,0.08141574849829168,False,True,fixed_joint,125,5
S,8722,2025-09-17 08:00:00,0.09741564938246146,0.09741564938246146,True,True,fixed_joint,125,5
L,8735,2025-09-17 16:00:00,-0.21487612358688246,-0.21487612358688246,False,True,fixed_joint,125,5
S,8784,2025-09-19 16:00:00,-0.036093702517586104,-0.036093702517586104,False,True,fixed_joint,125,5
S,8784,2025-09-20 00:00:00,-0.17017978343133244,-0.17017978343133244,True,True,fixed_joint,125,5
L,8915,2025-09-25 00:00:00,0.14360341863912515,0.14360341863912515,False,True,fixed_joint,125,5
S,8922,2025-09-25 08:00:00,-0.3448855606867229,-0.3448855606867229,False,True,fixed_joint,125,5
L,9077,2025-10-02 00:00:00,0.029987942539071985,0.029987942539071985,False,True,fixed_joint,125,5
L,9092,2025-10-02 08:00:00,0.0,-0.05945314761651125,True,False,fixed_joint,125,5
L,9092,2025-10-02 16:00:00,-0.12203521079503157,-0.12203521079503157,True,True,fixed_joint,125,5
L,9106,2025-10-03 00:00:00,-0.14995001728791096,-0.14995001728791096,False,True,fixed_joint,125,5
S,9219,2025-10-07 16:00:00,0.40100178981312373,0.40100178981312373,False,True,fixed_joint,125,5
S,9219,2025-10-08 00:00:00,0.386732860577023,0.386732860577023,True,True,fixed_joint,125,5
S,9240,2025-10-08 16:00:00,0.24268804324243787,0.24268804324243787,False,True,fixed_joint,125,5
S,9263,2025-10-09 16:00:00,-0.009072553398465095,-0.009072553398465095,False,True,fixed_joint,125,5
S,9299,2025-10-11 00:00:00,-0.19744890068950074,-0.19744890068950074,True,True,fixed_joint,125,5
L,9435,2025-10-16 16:00:00,-0.030307639551143593,-0.030307639551143593,False,True,fixed_joint,125,5
S,9459,2025-10-17 16:00:00,0.22155535540381333,0.22155535540381333,False,True,fixed_joint,125,5
L,9523,2025-10-20 08:00:00,-0.0982602983992917,-0.0982602983992917,False,True,fixed_joint,125,5
S,9582,2025-10-23 00:00:00,0.09582994024367533,0.09582994024367533,False,True,fixed_joint,125,5
L,9603,2025-10-23 16:00:00,-0.16641084058501948,-0.16641084058501948,False,True,fixed_joint,125,5
L,9730,2025-10-29 00:00:00,-0.07073785266189926,-0.07073785266189926,False,True,fixed_joint,125,5
S,9756,2025-10-30 00:00:00,0.0,0.1566783391695848,True,False,fixed_joint,125,5
S,9777,2025-10-31 00:00:00,-0.2529478218603357,-0.2529478218603357,False,True,fixed_joint,125,5
L,9800,2025-11-01 00:00:00,0.0511207412974536,0.0511207412974536,False,True,fixed_joint,125,5
L,9921,2025-11-06 00:00:00,-0.17612990504941933,-0.17612990504941933,False,True,fixed_joint,125,5
S,9939,2025-11-06 16:00:00,0.19927202942516437,0.19927202942516437,False,True,fixed_joint,125,5
S,9939,2025-11-07 00:00:00,0.002771265699288936,0.002771265699288936,True,True,fixed_joint,125,5
S,10066,2025-11-12 00:00:00,0.11149029999155578,0.11149029999155578,False,True,fixed_joint,125,5
S,10116,2025-11-14 00:00:00,0.0,0.09290184481930454,True,False,fixed_joint,125,5
L,10202,2025-11-17 16:00:00,-0.40126596211376014,-0.40126596211376014,False,True,fixed_joint,125,5
L,10231,2025-11-19 00:00:00,-0.24015332435497147,-0.24015332435497147,False,True,fixed_joint,125,5
S,10250,2025-11-19 16:00:00,0.275248842497059,0.275248842497059,False,True,fixed_joint,125,5
S,10250,2025-11-20 00:00:00,0.1263520654232049,0.1263520654232049,False,True,fixed_joint,125,5
S,10284,2025-11-21 00:00:00,0.0,0.27165490845865303,True,False,fixed_joint,125,5
S,10397,2025-11-26 00:00:00,0.02243710785045263,0.02243710785045263,False,True,fixed_joint,125,5
S,10422,2025-11-27 00:00:00,0.07601776320602609,0.07601776320602609,False,True,fixed_joint,125,5
S,10449,2025-11-28 00:00:00,0.039797867155919445,0.039797867155919445,False,True,fixed_joint,125,5
L,10563,2025-12-02 16:00:00,-0.22138622729952598,-0.22138622729952598,False,True,fixed_joint,125,5
L,10563,2025-12-03 00:00:00,-0.17722656532687095,-0.17722656532687095,True,True,fixed_joint,125,5
L,10583,2025-12-03 16:00:00,-0.04465144188120632,-0.04465144188120632,True,True,fixed_joint,125,5
S,10618,2025-12-05 00:00:00,0.3898485497359188,0.3898485497359188,False,True,fixed_joint,125,5
S,10642,2025-12-06 00:00:00,0.19592657419956108,0.19592657419956108,False,True,fixed_joint,125,5
S,10787,2025-12-12 00:00:00,0.10535681832919501,0.10535681832919501,False,True,fixed_joint,125,5
S,10787,2025-12-12 08:00:00,-0.010168894260439236,-0.010168894260439236,False,True,fixed_joint,125,5
S,10812,2025-12-13 00:00:00,0.0,-0.00945119540514283,True,False,fixed_joint,125,5
S,10812,2025-12-13 08:00:00,0.004300748159095834,0.004300748159095834,True,True,fixed_joint,125,5
L,10974,2025-12-20 00:00:00,-0.36884904472108315,-0.36884904472108315,True,True,fixed_joint,125,5
S,11067,2025-12-23 16:00:00,0.27220338353920476,0.27220338353920476,False,True,fixed_joint,125,5
S,11067,2025-12-24 00:00:00,0.10455525447941784,0.10455525447941784,False,True,fixed_joint,125,5
S,11094,2025-12-25 00:00:00,0.22576894634280975,0.22576894634280975,False,True,fixed_joint,125,5
L,11107,2025-12-25 08:00:00,-0.2598760545362797,-0.2598760545362797,False,True,fixed_joint,125,5
S,11117,2025-12-26 00:00:00,0.20094524159685115,0.20094524159685115,False,True,fixed_joint,125,5
L,11146,2025-12-27 00:00:00,-0.13512649925770434,-0.13512649925770434,False,True,fixed_joint,125,5
L,11232,2025-12-30 16:00:00,-0.15666360286390796,-0.15666360286390796,False,True,fixed_joint,125,5
L,11243,2025-12-31 00:00:00,-0.3989044473489751,-0.3989044473489751,False,True,fixed_joint,125,5
L,11264,2026-01-01 00:00:00,-0.1402491057036405,-0.1402491057036405,False,True,fixed_joint,125,5
L,11287,2026-01-02 00:00:00,0.022425350111931475,0.022425350111931475,False,True,fixed_joint,125,5
L,11411,2026-01-07 00:00:00,-0.1696075363210154,-0.1696075363210154,False,True,fixed_joint,125,5
S,11451,2026-01-08 16:00:00,0.30868976037631823,0.30868976037631823,False,True,fixed_joint,125,5
S,11451,2026-01-09 00:00:00,0.001960639339189632,0.001960639339189632,True,True,fixed_joint,125,5
S,11652,2026-01-17 00:00:00,0.0,0.1107357070464231,True,False,fixed_joint,125,5
S,11652,2026-01-17 08:00:00,0.33825692376932803,0.33825692376932803,False,True,fixed_joint,125,5
S,11731,2026-01-20 08:00:00,0.3447057229018312,0.3447057229018312,False,True,fixed_joint,125,5
S,11769,2026-01-22 00:00:00,0.0456262133360258,0.0456262133360258,False,True,fixed_joint,125,5
S,11813,2026-01-24 00:00:00,0.2036223891277147,0.2036223891277147,False,True,fixed_joint,125,5
S,11963,2026-01-30 00:00:00,-0.04586166130964355,-0.04586166130964355,True,True,fixed_joint,125,5
S,12078,2026-02-04 00:00:00,-0.15698121398701198,-0.15698121398701198,False,True,fixed_joint,125,5
S,12106,2026-02-05 00:00:00,-0.239563743909413,-0.239563743909413,True,True,fixed_joint,125,5
L,12155,2026-02-07 00:00:00,-0.07408939105414436,-0.07408939105414436,False,True,fixed_joint,125,5
S,12267,2026-02-11 16:00:00,-0.5194874052525771,-0.5194874052525771,False,True,fixed_joint,125,5
S,12267,2026-02-12 00:00:00,-0.4884112467223309,-0.4884112467223309,True,True,fixed_joint,125,5
L,12290,2026-02-12 16:00:00,-0.08947566750247193,-0.08947566750247193,False,True,fixed_joint,125,5
S,12300,2026-02-13 00:00:00,0.0,-0.1642143405382259,True,False,fixed_joint,125,5
L,12317,2026-02-14 00:00:00,-0.17689414710203913,-0.17689414710203913,True,True,fixed_joint,125,5
S,12415,2026-02-18 00:00:00,-0.18958524446945207,-0.18958524446945207,False,True,fixed_joint,125,5
L,12435,2026-02-18 16:00:00,0.15245894622849288,0.15245894622849288,False,True,fixed_joint,125,5
S,12442,2026-02-19 00:00:00,-0.03492538404660136,-0.03492538404660136,False,True,fixed_joint,125,5
S,12466,2026-02-20 00:00:00,-0.31558862824365974,-0.31558862824365974,False,True,fixed_joint,125,5
S,12466,2026-02-20 08:00:00,-0.1882729617135136,-0.1882729617135136,True,True,fixed_joint,125,5
S,12586,2026-02-25 00:00:00,-0.12113236772607001,-0.12113236772607001,False,True,fixed_joint,125,5
S,12586,2026-02-25 08:00:00,-0.10022536893929164,-0.10022536893929164,True,True,fixed_joint,125,5
L,12595,2026-02-25 08:00:00,0.09769913662271282,0.09769913662271282,False,True,fixed_joint,125,5
L,12608,2026-02-26 00:00:00,-0.24048281605793925,-0.24048281605793925,True,True,fixed_joint,125,5
S,12635,2026-02-27 00:00:00,0.15574755956960248,0.15574755956960248,False,True,fixed_joint,125,5
L,12731,2026-03-03 00:00:00,0.27854541111055464,0.27854541111055464,True,True,fixed_joint,125,5
S,12796,2026-03-05 16:00:00,0.0,-0.03349896964715176,True,False,fixed_joint,125,5
S,12796,2026-03-06 00:00:00,-0.05804557625959242,-0.05804557625959242,False,True,fixed_joint,125,5
L,12917,2026-03-11 00:00:00,-0.10799035984800524,-0.10799035984800524,False,True,fixed_joint,125,5
L,12980,2026-03-13 08:00:00,0.0,-0.09051823639468504,True,False,fixed_joint,125,5
S,13132,2026-03-19 16:00:00,0.0,-0.03485696529200058,True,False,fixed_joint,125,5
S,13298,2026-03-26 16:00:00,0.02866570476532546,0.02866570476532546,False,True,fixed_joint,125,5
L,13437,2026-04-01 16:00:00,-0.19266131143878792,-0.19266131143878792,True,True,fixed_joint,125,5
S,13473,2026-04-03 00:00:00,-0.29620680442505226,-0.29620680442505226,False,True,fixed_joint,125,5
S,13497,2026-04-04 00:00:00,-0.03836275072959509,-0.03836275072959509,False,True,fixed_joint,125,5
L,13610,2026-04-08 16:00:00,-0.23460568046942104,-0.23460568046942104,False,True,fixed_joint,125,5
S,13619,2026-04-09 00:00:00,0.2710021547431984,0.2710021547431984,False,True,fixed_joint,125,5
S,13619,2026-04-09 08:00:00,0.13252744938978903,0.13252744938978903,False,True,fixed_joint,125,5
S,13642,2026-04-10 00:00:00,0.07858969430006818,0.07858969430006818,False,True,fixed_joint,125,5
S,13642,2026-04-10 08:00:00,0.050604448153076034,0.050604448153076034,True,True,fixed_joint,125,5
L,13664,2026-04-11 00:00:00,0.017977602731649635,0.017977602731649635,True,True,fixed_joint,125,5
S,13763,2026-04-15 00:00:00,0.140343220145837,0.140343220145837,False,True,fixed_joint,125,5
S,13810,2026-04-17 00:00:00,-0.1537698740016707,-0.1537698740016707,False,True,fixed_joint,125,5
L,13953,2026-04-23 00:00:00,-0.3115724158013761,-0.3115724158013761,False,True,fixed_joint,125,5
S,14155,2026-05-01 08:00:00,-0.16032089543506828,-0.16032089543506828,False,True,fixed_joint,125,5
S,14155,2026-05-01 16:00:00,-0.07596605279693684,-0.07596605279693684,False,True,fixed_joint,125,5
L,14256,2026-05-05 16:00:00,0.09628463457622544,0.09628463457622544,False,True,fixed_joint,125,5
L,14596,2026-05-19 16:00:00,0.0,-0.22736647960657191,True,False,fixed_joint,125,5
S,14600,2026-05-20 00:00:00,0.14356661319084657,0.14356661319084657,False,True,fixed_joint,125,5
S,14667,2026-05-22 16:00:00,0.12394048650504347,0.12394048650504347,False,True,fixed_joint,125,5
S,14667,2026-05-23 00:00:00,0.23713596603176423,0.23713596603176423,False,True,fixed_joint,125,5
S,14794,2026-05-28 00:00:00,0.24484381937254499,0.24484381937254499,False,True,fixed_joint,125,5
S,14968,2026-06-04 08:00:00,0.30789868999779146,0.30789868999779146,False,True,fixed_joint,125,5
S,15093,2026-06-09 16:00:00,0.0014556216736527107,0.0014556216736527107,False,True,fixed_joint,125,5
S,15293,2026-06-18 00:00:00,-0.029630115495560955,-0.029630115495560955,False,True,fixed_joint,125,5
S,15324,2026-06-19 00:00:00,0.0,-0.027657774616872258,True,False,fixed_joint,125,5
S,15324,2026-06-19 08:00:00,0.266688859052434,0.266688859052434,False,True,fixed_joint,125,5
L,15412,2026-06-22 16:00:00,0.0,-0.07760119940029986,True,False,fixed_joint,125,5
S,15434,2026-06-23 16:00:00,0.0131655395534851,0.0131655395534851,False,True,fixed_joint,125,5
L,15452,2026-06-24 08:00:00,0.0,-0.183067367180548,True,False,fixed_joint,125,5
L,15452,2026-06-24 16:00:00,-0.08873839607403405,-0.08873839607403405,False,True,fixed_joint,125,5
L,15483,2026-06-25 16:00:00,-0.17153444312984498,-0.17153444312984498,False,True,fixed_joint,125,5
S,15503,2026-06-26 16:00:00,0.0,-0.08166675474771513,True,False,fixed_joint,125,5
L,15670,2026-07-03 16:00:00,-0.4010778494178852,-0.4010778494178852,False,True,fixed_joint,125,5
S,15803,2026-07-09 00:00:00,0.18087578896701623,0.18087578896701623,False,True,fixed_joint,125,5
L,15955,2026-07-15 08:00:00,-0.15407377694818447,-0.15407377694818447,False,True,fixed_joint,125,5
S,15988,2026-07-16 16:00:00,0.0,0.24328897964482615,True,False,fixed_joint,125,5
S,16010,2026-07-17 16:00:00,0.19149145724841624,0.19149145724841624,False,True,fixed_joint,125,5
S,16010,2026-07-18 00:00:00,0.09810354686725169,0.09810354686725169,True,True,fixed_joint,125,5
L,16101,2026-07-21 16:00:00,-0.16661775802251796,-0.16661775802251796,False,True,fixed_joint,125,5
S,16131,2026-07-22 16:00:00,0.057094184052874856,0.057094184052874856,False,True,fixed_joint,125,5
S,16131,2026-07-23 00:00:00,0.26177298657345155,0.26177298657345155,False,True,fixed_joint,125,5
S,16156,2026-07-23 16:00:00,0.0,-0.13258629314657328,True,False,fixed_joint,125,5
S,16156,2026-07-24 00:00:00,-0.128777421234212,-0.128777421234212,False,True,fixed_joint,125,5
L,16180,2026-07-24 16:00:00,0.0,-0.07100449775112444,True,False,fixed_joint,125,5
S,16186,2026-07-25 00:00:00,0.06883854932426278,0.06883854932426278,False,True,fixed_joint,125,5
S,16186,2026-07-25 08:00:00,0.21703462697973439,0.21703462697973439,True,True,fixed_joint,125,5
S,16308,2026-07-30 00:00:00,0.0,0.08577779141922032,True,False,fixed_joint,125,5
S,16308,2026-07-30 08:00:00,0.15576022955994046,0.15576022955994046,False,True,fixed_joint,125,5
L,16327,2026-07-31 00:00:00,-0.07958167074642601,-0.07958167074642601,False,True,fixed_joint,125,5
L,16634,2026-08-12 16:00:00,-0.29147122953041904,-0.29147122953041904,False,True,fixed_joint,125,5
L,16772,2026-08-18 08:00:00,0.0,-0.18522738630684657,True,False,fixed_joint,125,5
L,16846,2026-08-21 16:00:00,-0.4019189616065708,-0.4019189616065708,True,True,fixed_joint,125,5
S,16961,2026-08-26 08:00:00,0.1261571992032357,0.1261571992032357,False,True,fixed_joint,125,5
S,17015,2026-08-28 16:00:00,-0.005332427211208755,-0.005332427211208755,False,True,fixed_joint,125,5
L,17250,2026-09-07 08:00:00,-0.2706710776883779,-0.2706710776883779,False,True,fixed_joint,125,5
S,514,2024-10-10 00:00:00,0.40521268667470944,0.40521268667470944,False,True,fixed_gate_only,100,0
L,550,2024-10-11 16:00:00,-0.3791103933978099,-0.3791103933978099,False,True,fixed_gate_only,100,0
L,643,2024-10-15 08:00:00,-0.39693727800823614,-0.39693727800823614,False,True,fixed_gate_only,100,0
S,650,2024-10-15 16:00:00,0.4031602882799553,0.4031602882799553,False,True,fixed_gate_only,100,0
S,650,2024-10-16 00:00:00,0.3965899718657263,0.3965899718657263,True,True,fixed_gate_only,100,0
S,813,2024-10-22 16:00:00,0.40132973810541955,0.40132973810541955,False,True,fixed_gate_only,100,0
S,844,2024-10-23 16:00:00,0.0,0.40000870047269516,True,False,fixed_gate_only,100,0
S,844,2024-10-24 00:00:00,0.3903915112855002,0.3903915112855002,True,True,fixed_gate_only,100,0
S,1054,2024-11-01 16:00:00,0.4004153497983315,0.4004153497983315,False,True,fixed_gate_only,100,0
L,1156,2024-11-05 16:00:00,0.0,-0.4000151296783386,True,False,fixed_gate_only,100,0
L,1188,2024-11-07 00:00:00,0.0,-0.4000059943923956,True,False,fixed_gate_only,100,0
S,1378,2024-11-15 00:00:00,0.3887119832611159,0.3887119832611159,True,True,fixed_gate_only,100,0
S,1492,2024-11-19 16:00:00,0.0,0.84936,True,False,fixed_gate_only,100,0
S,1492,2024-11-20 00:00:00,0.6113745445805372,0.6113745445805372,False,True,fixed_gate_only,100,0
L,1636,2024-11-25 16:00:00,0.0,-0.9574028145164846,True,False,fixed_gate_only,100,0
S,1660,2024-11-26 16:00:00,0.0,0.49080144481274535,True,False,fixed_gate_only,100,0
L,1687,2024-11-28 00:00:00,-0.6457629247217299,-0.6457629247217299,False,True,fixed_gate_only,100,0
L,1843,2024-12-04 08:00:00,-0.7454401470886075,-0.7454401470886075,False,True,fixed_gate_only,100,0
L,1854,2024-12-05 00:00:00,-0.8140225663619525,-0.8140225663619525,True,True,fixed_gate_only,100,0
L,1878,2024-12-06 00:00:00,-1.2362945188235475,-1.2362945188235475,False,True,fixed_gate_only,100,0
S,2001,2024-12-11 00:00:00,0.3880004618397113,0.3880004618397113,True,True,fixed_gate_only,100,0
L,2019,2024-12-11 16:00:00,-0.39754106390621424,-0.39754106390621424,False,True,fixed_gate_only,100,0
L,2019,2024-12-12 00:00:00,-0.41213679508103923,-0.41213679508103923,True,True,fixed_gate_only,100,0
L,2339,2024-12-25 00:00:00,-0.11148045488148971,-0.11148045488148971,False,True,fixed_gate_only,100,0
S,2381,2024-12-27 00:00:00,0.25048804353377074,0.25048804353377074,False,True,fixed_gate_only,100,0
S,2691,2025-01-08 16:00:00,0.4055522927911477,0.4055522927911477,False,True,fixed_gate_only,100,0
S,2691,2025-01-09 00:00:00,0.4046426411899867,0.4046426411899867,False,True,fixed_gate_only,100,0
L,2830,2025-01-14 16:00:00,-0.30115578063804765,-0.30115578063804765,False,True,fixed_gate_only,100,0
L,2909,2025-01-18 00:00:00,-0.40170762500367013,-0.40170762500367013,True,True,fixed_gate_only,100,0
S,3028,2025-01-22 16:00:00,0.0,0.40000243390428675,True,False,fixed_gate_only,100,0
S,3028,2025-01-23 00:00:00,0.3988524141288144,0.3988524141288144,False,True,fixed_gate_only,100,0
L,3168,2025-01-28 16:00:00,-0.16149580618462647,-0.16149580618462647,False,True,fixed_gate_only,100,0
L,3216,2025-01-30 16:00:00,-0.3986763185401368,-0.3986763185401368,False,True,fixed_gate_only,100,0
S,3395,2025-02-07 00:00:00,-0.30508328457533945,-0.30508328457533945,True,True,fixed_gate_only,100,0
L,3418,2025-02-08 00:00:00,0.046953797306073755,0.046953797306073755,False,True,fixed_gate_only,100,0
S,3514,2025-02-12 00:00:00,-0.0499772504662319,-0.0499772504662319,False,True,fixed_gate_only,100,0
L,3547,2025-02-13 08:00:00,-0.380646,-0.380646,False,True,fixed_gate_only,100,0
S,3560,2025-02-14 00:00:00,0.040960456508756696,0.040960456508756696,False,True,fixed_gate_only,100,0
S,3732,2025-02-21 00:00:00,0.0,0.256169761549101,True,False,fixed_gate_only,100,0
S,3732,2025-02-21 08:00:00,0.14431090279391426,0.14431090279391426,False,True,fixed_gate_only,100,0
S,3899,2025-02-28 00:00:00,0.20239450556049976,0.20239450556049976,False,True,fixed_gate_only,100,0
S,4000,2025-03-04 08:00:00,-0.17558532370142343,-0.17558532370142343,False,True,fixed_gate_only,100,0
L,4035,2025-03-05 16:00:00,-0.288110787575258,-0.288110787575258,False,True,fixed_gate_only,100,0
L,4156,2025-03-10 16:00:00,0.0,-0.10300996031005206,True,False,fixed_gate_only,100,0
L,4250,2025-03-14 16:00:00,-0.3068054428676227,-0.3068054428676227,False,True,fixed_gate_only,100,0
S,4347,2025-03-18 16:00:00,0.164536155945492,0.164536155945492,False,True,fixed_gate_only,100,0
S,4347,2025-03-19 00:00:00,0.05805893153587108,0.05805893153587108,False,True,fixed_gate_only,100,0
S,4394,2025-03-20 16:00:00,0.06182297414327591,0.06182297414327591,False,True,fixed_gate_only,100,0
S,4546,2025-03-27 00:00:00,-0.08872842717927198,-0.08872842717927198,False,True,fixed_gate_only,100,0
L,4683,2025-04-01 16:00:00,-0.11486887725464735,-0.11486887725464735,False,True,fixed_gate_only,100,0
S,4706,2025-04-02 16:00:00,-0.0018089558401804772,-0.0018089558401804772,False,True,fixed_gate_only,100,0
S,4706,2025-04-03 00:00:00,0.17461729305474694,0.17461729305474694,True,True,fixed_gate_only,100,0
L,4756,2025-04-04 16:00:00,0.0,0.08371953921007441,True,False,fixed_gate_only,100,0
L,4841,2025-04-08 08:00:00,0.017321616588758266,0.017321616588758266,False,True,fixed_gate_only,100,0
S,4859,2025-04-09 00:00:00,-0.05718054314727447,-0.05718054314727447,False,True,fixed_gate_only,100,0
L,4924,2025-04-11 16:00:00,0.0,0.23428000000000002,True,False,fixed_gate_only,100,0
S,5027,2025-04-16 00:00:00,0.013404467852578154,0.013404467852578154,False,True,fixed_gate_only,100,0
L,5066,2025-04-17 16:00:00,-0.20771029437711555,-0.20771029437711555,False,True,fixed_gate_only,100,0
L,5096,2025-04-19 00:00:00,0.05939702858873406,0.05939702858873406,False,True,fixed_gate_only,100,0
L,5194,2025-04-23 00:00:00,-0.33599588129401886,-0.33599588129401886,True,True,fixed_gate_only,100,0
L,5202,2025-04-23 08:00:00,-0.2674540260599321,-0.2674540260599321,False,True,fixed_gate_only,100,0
S,5231,2025-04-24 16:00:00,0.2854544464687359,0.2854544464687359,False,True,fixed_gate_only,100,0
S,5255,2025-04-25 16:00:00,0.3190509789118724,0.3190509789118724,False,True,fixed_gate_only,100,0
S,5426,2025-05-02 16:00:00,-0.22987671311695063,-0.22987671311695063,False,True,fixed_gate_only,100,0
S,5426,2025-05-03 00:00:00,-0.023639781691621686,-0.023639781691621686,True,True,fixed_gate_only,100,0
L,5550,2025-05-08 00:00:00,0.025547765624999996,0.025547765624999996,True,True,fixed_gate_only,100,0
L,5595,2025-05-09 16:00:00,-0.41919909217443724,-0.41919909217443724,True,True,fixed_gate_only,100,0
S,5734,2025-05-15 16:00:00,0.392688634396793,0.392688634396793,True,True,fixed_gate_only,100,0
S,5865,2025-05-21 00:00:00,0.04692236982511809,0.04692236982511809,False,True,fixed_gate_only,100,0
L,5908,2025-05-22 16:00:00,0.0,-0.3999104163740649,True,False,fixed_gate_only,100,0
S,6046,2025-05-28 16:00:00,0.4002612354004344,0.4002612354004344,False,True,fixed_gate_only,100,0
S,6084,2025-05-30 00:00:00,0.0,0.3328387404161274,True,False,fixed_gate_only,100,0
S,6084,2025-05-30 08:00:00,0.29773444623312856,0.29773444623312856,False,True,fixed_gate_only,100,0
L,6222,2025-06-05 00:00:00,-0.31878104123149575,-0.31878104123149575,False,True,fixed_gate_only,100,0
L,6274,2025-06-07 00:00:00,-0.10763518254203648,-0.10763518254203648,True,True,fixed_gate_only,100,0
L,6368,2025-06-11 00:00:00,-0.394062726515422,-0.394062726515422,False,True,fixed_gate_only,100,0
S,6407,2025-06-12 16:00:00,0.3975508983013346,0.3975508983013346,False,True,fixed_gate_only,100,0
L,6895,2025-07-03 00:00:00,-0.21338911232090896,-0.21338911232090896,False,True,fixed_gate_only,100,0
S,6938,2025-07-04 16:00:00,0.26126456666173375,0.26126456666173375,False,True,fixed_gate_only,100,0
L,7034,2025-07-08 16:00:00,-0.11153152513531406,-0.11153152513531406,False,True,fixed_gate_only,100,0
L,7065,2025-07-10 00:00:00,-0.25038055208725085,-0.25038055208725085,False,True,fixed_gate_only,100,0
L,7079,2025-07-10 16:00:00,-0.1126254680487242,-0.1126254680487242,True,True,fixed_gate_only,100,0
L,7106,2025-07-11 16:00:00,-0.39526615399980025,-0.39526615399980025,False,True,fixed_gate_only,100,0
S,7198,2025-07-15 16:00:00,0.4000967862267823,0.4000967862267823,False,True,fixed_gate_only,100,0
S,7378,2025-07-23 00:00:00,0.40760296914407257,0.40760296914407257,False,True,fixed_gate_only,100,0
S,7439,2025-07-25 16:00:00,0.4019420623864178,0.4019420623864178,False,True,fixed_gate_only,100,0
L,7539,2025-07-29 16:00:00,-0.4050996282391914,-0.4050996282391914,False,True,fixed_gate_only,100,0
S,7568,2025-07-31 00:00:00,0.062241972416620314,0.062241972416620314,False,True,fixed_gate_only,100,0
L,7583,2025-07-31 16:00:00,-0.4001364280373687,-0.4001364280373687,False,True,fixed_gate_only,100,0
S,7708,2025-08-05 16:00:00,0.0,0.12463965490508781,True,False,fixed_gate_only,100,0
S,7708,2025-08-06 00:00:00,0.054159480764570174,0.054159480764570174,False,True,fixed_gate_only,100,0
L,7730,2025-08-06 16:00:00,-0.3281091172031156,-0.3281091172031156,False,True,fixed_gate_only,100,0
L,7756,2025-08-07 16:00:00,0.0,-0.17140000000000002,True,False,fixed_gate_only,100,0
L,7786,2025-08-09 00:00:00,-0.3954043585091087,-0.3954043585091087,False,True,fixed_gate_only,100,0
S,7955,2025-08-16 00:00:00,0.255332073350977,0.255332073350977,True,True,fixed_gate_only,100,0
L,8069,2025-08-21 00:00:00,-0.3642269065114339,-0.3642269065114339,True,True,fixed_gate_only,100,0
L,8263,2025-08-29 00:00:00,-0.08498856361512841,-0.08498856361512841,False,True,fixed_gate_only,100,0
L,8406,2025-09-04 00:00:00,-0.13067246091691267,-0.13067246091691267,False,True,fixed_gate_only,100,0
S,8426,2025-09-04 16:00:00,-0.08040638143436372,-0.08040638143436372,False,True,fixed_gate_only,100,0
S,8426,2025-09-05 00:00:00,-0.0994729573917202,-0.0994729573917202,False,True,fixed_gate_only,100,0
L,8452,2025-09-05 16:00:00,0.0,0.1382511639840413,True,False,fixed_gate_only,100,0
L,8594,2025-09-11 16:00:00,-0.4019686411938623,-0.4019686411938623,False,True,fixed_gate_only,100,0
L,8611,2025-09-12 08:00:00,-0.1945617401182044,-0.1945617401182044,False,True,fixed_gate_only,100,0
S,8722,2025-09-17 00:00:00,0.08137504062404254,0.08137504062404254,False,True,fixed_gate_only,100,0
S,8722,2025-09-17 08:00:00,0.09736694155777023,0.09736694155777023,True,True,fixed_gate_only,100,0
L,8735,2025-09-17 16:00:00,-0.21498356164867588,-0.21498356164867588,False,True,fixed_gate_only,100,0
S,8784,2025-09-19 16:00:00,-0.03607565566632731,-0.03607565566632731,False,True,fixed_gate_only,100,0
S,8784,2025-09-20 00:00:00,-0.17009469353961676,-0.17009469353961676,True,True,fixed_gate_only,100,0
L,8915,2025-09-25 00:00:00,0.14367522034844468,0.14367522034844468,False,True,fixed_gate_only,100,0
S,8922,2025-09-25 08:00:00,-0.3447131179063796,-0.3447131179063796,False,True,fixed_gate_only,100,0
L,9077,2025-10-02 00:00:00,0.03000293651034152,0.03000293651034152,False,True,fixed_gate_only,100,0
L,9092,2025-10-02 08:00:00,0.0,-0.0594828741903195,True,False,fixed_gate_only,100,0
L,9092,2025-10-02 16:00:00,-0.12209622840042907,-0.12209622840042907,True,True,fixed_gate_only,100,0
L,9106,2025-10-03 00:00:00,-0.15002499229655494,-0.15002499229655494,False,True,fixed_gate_only,100,0
S,9219,2025-10-07 16:00:00,0.40080128891821715,0.40080128891821715,False,True,fixed_gate_only,100,0
S,9219,2025-10-08 00:00:00,0.38653949414673455,0.38653949414673455,True,True,fixed_gate_only,100,0
S,9240,2025-10-08 16:00:00,0.24256669922081664,0.24256669922081664,False,True,fixed_gate_only,100,0
S,9263,2025-10-09 16:00:00,-0.009068017121765862,-0.009068017121765862,False,True,fixed_gate_only,100,0
S,9299,2025-10-11 00:00:00,-0.197350176239156,-0.197350176239156,True,True,fixed_gate_only,100,0
L,9435,2025-10-16 16:00:00,-0.03032279337091916,-0.03032279337091916,False,True,fixed_gate_only,100,0
S,9459,2025-10-17 16:00:00,0.22144457772611142,0.22144457772611142,False,True,fixed_gate_only,100,0
L,9523,2025-10-20 08:00:00,-0.09830942854849135,-0.09830942854849135,False,True,fixed_gate_only,100,0
S,9582,2025-10-23 00:00:00,0.0957820252735535,0.0957820252735535,False,True,fixed_gate_only,100,0
L,9603,2025-10-23 16:00:00,-0.16649404600531195,-0.16649404600531195,False,True,fixed_gate_only,100,0
S,9719,2025-10-28 16:00:00,0.18557764336167237,0.18557764336167237,False,True,fixed_gate_only,100,0
L,9730,2025-10-29 00:00:00,-0.07077322158823021,-0.07077322158823021,False,True,fixed_gate_only,100,0
S,9756,2025-10-30 00:00:00,0.0,0.15660000000000002,True,False,fixed_gate_only,100,0
S,9777,2025-10-31 00:00:00,-0.25282134794940553,-0.25282134794940553,False,True,fixed_gate_only,100,0
L,9800,2025-11-01 00:00:00,0.05114630166810232,0.05114630166810232,False,True,fixed_gate_only,100,0
L,9921,2025-11-06 00:00:00,-0.17621797000194403,-0.17621797000194403,False,True,fixed_gate_only,100,0
S,9939,2025-11-06 16:00:00,0.19917239341045176,0.19917239341045176,False,True,fixed_gate_only,100,0
S,9939,2025-11-07 00:00:00,0.0027698800664392913,0.0027698800664392913,True,True,fixed_gate_only,100,0
S,10066,2025-11-12 00:00:00,0.11143455484156002,0.11143455484156002,False,True,fixed_gate_only,100,0
S,10116,2025-11-14 00:00:00,0.0,0.0928553938968949,True,False,fixed_gate_only,100,0
L,10202,2025-11-17 16:00:00,-0.401466595094817,-0.401466595094817,False,True,fixed_gate_only,100,0
L,10231,2025-11-19 00:00:00,-0.24027340101714895,-0.24027340101714895,False,True,fixed_gate_only,100,0
S,10250,2025-11-19 16:00:00,0.27511121807581046,0.27511121807581046,False,True,fixed_gate_only,100,0
S,10250,2025-11-20 00:00:00,0.1262888893904933,0.1262888893904933,False,True,fixed_gate_only,100,0
S,10284,2025-11-21 00:00:00,0.0,0.2715190810044237,True,False,fixed_gate_only,100,0
S,10397,2025-11-26 00:00:00,0.022425889296527404,0.022425889296527404,False,True,fixed_gate_only,100,0
S,10422,2025-11-27 00:00:00,0.0759797543244231,0.0759797543244231,False,True,fixed_gate_only,100,0
S,10449,2025-11-28 00:00:00,0.03977796822234148,0.03977796822234148,False,True,fixed_gate_only,100,0
L,10563,2025-12-02 16:00:00,-0.22149692041317576,-0.22149692041317576,False,True,fixed_gate_only,100,0
L,10563,2025-12-03 00:00:00,-0.1773151786095344,-0.1773151786095344,True,True,fixed_gate_only,100,0
L,10583,2025-12-03 16:00:00,-0.04467376760214692,-0.04467376760214692,True,True,fixed_gate_only,100,0
S,10618,2025-12-05 00:00:00,0.38965362546105087,0.38965362546105087,False,True,fixed_gate_only,100,0
S,10642,2025-12-06 00:00:00,0.1958286109124613,0.1958286109124613,False,True,fixed_gate_only,100,0
S,10787,2025-12-12 00:00:00,0.10530413992003042,0.10530413992003042,False,True,fixed_gate_only,100,0
S,10787,2025-12-12 08:00:00,-0.010163809813309018,-0.010163809813309018,False,True,fixed_gate_only,100,0
S,10812,2025-12-13 00:00:00,0.0,-0.009446469807440258,True,False,fixed_gate_only,100,0
S,10812,2025-12-13 08:00:00,0.004298597785016287,0.004298597785016287,False,True,fixed_gate_only,100,0
L,10974,2025-12-20 00:00:00,-0.36903346924344366,-0.36903346924344366,True,True,fixed_gate_only,100,0
S,11067,2025-12-23 16:00:00,0.27206728184743517,0.27206728184743517,False,True,fixed_gate_only,100,0
S,11094,2025-12-25 00:00:00,0.22565606186963838,0.22565606186963838,False,True,fixed_gate_only,100,0
L,11107,2025-12-25 08:00:00,-0.26000599256354784,-0.26000599256354784,False,True,fixed_gate_only,100,0
S,11117,2025-12-26 00:00:00,0.2008447689760527,0.2008447689760527,False,True,fixed_gate_only,100,0
L,11146,2025-12-27 00:00:00,-0.1351940625073332,-0.1351940625073332,False,True,fixed_gate_only,100,0
L,11232,2025-12-30 16:00:00,-0.15674193466533992,-0.15674193466533992,False,True,fixed_gate_only,100,0
L,11243,2025-12-31 00:00:00,-0.39910389957264963,-0.39910389957264963,False,True,fixed_gate_only,100,0
L,11264,2026-01-01 00:00:00,-0.1403192302564923,-0.1403192302564923,False,True,fixed_gate_only,100,0
L,11287,2026-01-02 00:00:00,0.02243656278698744,0.02243656278698744,False,True,fixed_gate_only,100,0
L,11411,2026-01-07 00:00:00,-0.16969234008917589,-0.16969234008917589,False,True,fixed_gate_only,100,0
S,11451,2026-01-08 16:00:00,0.3085354154961301,0.3085354154961301,False,True,fixed_gate_only,100,0
S,11451,2026-01-09 00:00:00,0.001959659019520037,0.001959659019520037,False,True,fixed_gate_only,100,0
L,11570,2026-01-13 16:00:00,-0.3654359707156272,-0.3654359707156272,False,True,fixed_gate_only,100,0
S,11652,2026-01-17 00:00:00,0.0,0.1106803391928999,True,False,fixed_gate_only,100,0
S,11652,2026-01-17 08:00:00,0.3380877953074434,0.3380877953074434,False,True,fixed_gate_only,100,0
S,11731,2026-01-20 08:00:00,0.3445333700403803,0.3445333700403803,False,True,fixed_gate_only,100,0
S,11769,2026-01-22 00:00:00,0.04560340022935779,0.04560340022935779,False,True,fixed_gate_only,100,0
S,11813,2026-01-24 00:00:00,0.20352057793315084,0.20352057793315084,False,True,fixed_gate_only,100,0
L,11891,2026-01-27 00:00:00,-0.05261670597886054,-0.05261670597886054,False,True,fixed_gate_only,100,0
S,11963,2026-01-30 00:00:00,-0.04583873047898873,-0.04583873047898873,True,True,fixed_gate_only,100,0
S,12078,2026-02-04 00:00:00,-0.15690272338001848,-0.15690272338001848,False,True,fixed_gate_only,100,0
S,12106,2026-02-05 00:00:00,-0.23944396203745832,-0.23944396203745832,True,True,fixed_gate_only,100,0
L,12155,2026-02-07 00:00:00,-0.07412643574967141,-0.07412643574967141,False,True,fixed_gate_only,100,0
S,12267,2026-02-11 16:00:00,-0.5192276615499508,-0.5192276615499508,False,True,fixed_gate_only,100,0
S,12267,2026-02-12 00:00:00,-0.4881670410989698,-0.4881670410989698,True,True,fixed_gate_only,100,0
L,12290,2026-02-12 16:00:00,-0.08952040533622317,-0.08952040533622317,False,True,fixed_gate_only,100,0
S,12300,2026-02-13 00:00:00,0.0,-0.16413223336795676,True,False,fixed_gate_only,100,0
L,12317,2026-02-14 00:00:00,-0.17698259417559017,-0.17698259417559017,True,True,fixed_gate_only,100,0
L,12435,2026-02-18 16:00:00,0.15253517570160713,0.15253517570160713,False,True,fixed_gate_only,100,0
S,12442,2026-02-19 00:00:00,-0.034907921354578056,-0.034907921354578056,False,True,fixed_gate_only,100,0
S,12466,2026-02-20 00:00:00,-0.31543083392953797,-0.31543083392953797,False,True,fixed_gate_only,100,0
S,12466,2026-02-20 08:00:00,-0.18817882523265686,-0.18817882523265686,True,True,fixed_gate_only,100,0
S,12586,2026-02-25 00:00:00,-0.121071801542207,-0.121071801542207,False,True,fixed_gate_only,100,0
S,12586,2026-02-25 08:00:00,-0.100175256254822,-0.100175256254822,True,True,fixed_gate_only,100,0
L,12595,2026-02-25 08:00:00,0.09774798619102415,0.09774798619102415,False,True,fixed_gate_only,100,0
L,12608,2026-02-26 00:00:00,-0.24060305746596816,-0.24060305746596816,True,True,fixed_gate_only,100,0
S,12635,2026-02-27 00:00:00,0.15566968578981769,0.15566968578981769,False,True,fixed_gate_only,100,0
L,12731,2026-03-03 00:00:00,0.27868468381611,0.27868468381611,True,True,fixed_gate_only,100,0
S,12796,2026-03-05 16:00:00,0.0,-0.03348222016232818,True,False,fixed_gate_only,100,0
S,12796,2026-03-06 00:00:00,-0.058016553471462624,-0.058016553471462624,False,True,fixed_gate_only,100,0
L,12917,2026-03-11 00:00:00,-0.10804435502792924,-0.10804435502792924,False,True,fixed_gate_only,100,0
L,12980,2026-03-13 08:00:00,0.0,-0.09056349551288237,True,False,fixed_gate_only,100,0
S,13132,2026-03-19 16:00:00,0.0,-0.03483953680935459,True,False,fixed_gate_only,100,0
S,13298,2026-03-26 16:00:00,0.028651371912942796,0.028651371912942796,False,True,fixed_gate_only,100,0
L,13437,2026-04-01 16:00:00,-0.19275764209450733,-0.19275764209450733,True,True,fixed_gate_only,100,0
S,13473,2026-04-03 00:00:00,-0.29605870102283977,-0.29605870102283977,False,True,fixed_gate_only,100,0
S,13497,2026-04-04 00:00:00,-0.0383435693542303,-0.0383435693542303,False,True,fixed_gate_only,100,0
S,13591,2026-04-08 00:00:00,0.041063877151610174,0.041063877151610174,False,True,fixed_gate_only,100,0
L,13610,2026-04-08 16:00:00,-0.23472298330965574,-0.23472298330965574,False,True,fixed_gate_only,100,0
S,13642,2026-04-10 00:00:00,0.07855039945291815,0.07855039945291815,False,True,fixed_gate_only,100,0
S,13642,2026-04-10 08:00:00,0.0505791459289995,0.0505791459289995,True,True,fixed_gate_only,100,0
L,13755,2026-04-14 16:00:00,-0.40081445445884306,-0.40081445445884306,False,True,fixed_gate_only,100,0
L,13953,2026-04-23 00:00:00,-0.31172820200927676,-0.31172820200927676,False,True,fixed_gate_only,100,0
L,14256,2026-05-05 16:00:00,0.09633277689351354,0.09633277689351354,False,True,fixed_gate_only,100,0
L,14596,2026-05-19 16:00:00,0.0,-0.22748016284637518,True,False,fixed_gate_only,100,0
S,14600,2026-05-20 00:00:00,0.14349482988425116,0.14349482988425116,False,True,fixed_gate_only,100,0
S,14667,2026-05-22 16:00:00,0.12387851626179094,0.12387851626179094,False,True,fixed_gate_only,100,0
S,14667,2026-05-23 00:00:00,0.23701739804874836,0.23701739804874836,False,True,fixed_gate_only,100,0
L,14743,2026-05-26 00:00:00,-0.13056923835942708,-0.13056923835942708,False,True,fixed_gate_only,100,0
S,14794,2026-05-28 00:00:00,0.24472139746285873,0.24472139746285873,False,True,fixed_gate_only,100,0
S,14968,2026-06-04 08:00:00,0.3077447406527926,0.3077447406527926,False,True,fixed_gate_only,100,0
S,15093,2026-06-09 16:00:00,0.0014548938628158846,0.0014548938628158846,False,True,fixed_gate_only,100,0
S,15293,2026-06-18 00:00:00,-0.02961530043781318,-0.02961530043781318,False,True,fixed_gate_only,100,0
S,15324,2026-06-19 00:00:00,0.0,-0.027643945729563826,True,False,fixed_gate_only,100,0
S,15324,2026-06-19 08:00:00,0.2665555146229078,0.2665555146229078,False,True,fixed_gate_only,100,0
L,15412,2026-06-22 16:00:00,0.0,-0.07764,True,False,fixed_gate_only,100,0
S,15434,2026-06-23 16:00:00,0.01315895678370836,0.01315895678370836,False,True,fixed_gate_only,100,0
L,15452,2026-06-24 08:00:00,0.0,-0.18315890086413825,True,False,fixed_gate_only,100,0
L,15452,2026-06-24 16:00:00,-0.08878276527207106,-0.08878276527207106,False,True,fixed_gate_only,100,0
L,15483,2026-06-25 16:00:00,-0.1716202103514099,-0.1716202103514099,False,True,fixed_gate_only,100,0
S,15490,2026-06-26 00:00:00,-0.332263630034938,-0.332263630034938,False,True,fixed_gate_only,100,0
S,15490,2026-06-26 08:00:00,-0.06789386015705819,-0.06789386015705819,True,True,fixed_gate_only,100,0
L,15670,2026-07-03 16:00:00,-0.40127838834259405,-0.40127838834259405,False,True,fixed_gate_only,100,0
S,15803,2026-07-09 00:00:00,0.18078535107253277,0.18078535107253277,False,True,fixed_gate_only,100,0
L,15955,2026-07-15 08:00:00,-0.15415081383665855,-0.15415081383665855,False,True,fixed_gate_only,100,0
S,15988,2026-07-16 16:00:00,0.0,0.24316733515500374,True,False,fixed_gate_only,100,0
S,16010,2026-07-17 16:00:00,0.191395711519792,0.191395711519792,False,True,fixed_gate_only,100,0
S,16010,2026-07-18 00:00:00,0.09805449509381804,0.09805449509381804,True,True,fixed_gate_only,100,0
L,16101,2026-07-21 16:00:00,-0.16670106690152922,-0.16670106690152922,False,True,fixed_gate_only,100,0
S,16131,2026-07-22 16:00:00,0.057065636960848425,0.057065636960848425,False,True,fixed_gate_only,100,0
S,16131,2026-07-23 00:00:00,0.26164210008016486,0.26164210008016486,False,True,fixed_gate_only,100,0
S,16156,2026-07-23 16:00:00,0.0,-0.13252000000000003,True,False,fixed_gate_only,100,0
S,16156,2026-07-24 00:00:00,-0.1287130325235949,-0.1287130325235949,False,True,fixed_gate_only,100,0
L,16180,2026-07-24 16:00:00,0.0,-0.07103999999999999,True,False,fixed_gate_only,100,0
S,16186,2026-07-25 00:00:00,0.06880413004960065,0.06880413004960065,False,True,fixed_gate_only,100,0
S,16186,2026-07-25 08:00:00,0.21692610966624448,0.21692610966624448,True,True,fixed_gate_only,100,0
S,16308,2026-07-30 00:00:00,0.0,0.08573490252351071,True,False,fixed_gate_only,100,0
S,16308,2026-07-30 08:00:00,0.15568234944516052,0.15568234944516052,False,True,fixed_gate_only,100,0
L,16327,2026-07-31 00:00:00,-0.07962146158179921,-0.07962146158179921,False,True,fixed_gate_only,100,0
L,16634,2026-08-12 16:00:00,-0.29161696514518426,-0.29161696514518426,False,True,fixed_gate_only,100,0
L,16772,2026-08-18 08:00:00,0.0,-0.18531999999999998,True,False,fixed_gate_only,100,0
L,16846,2026-08-21 16:00:00,-0.40211992108737404,-0.40211992108737404,True,True,fixed_gate_only,100,0
S,16961,2026-08-26 08:00:00,0.1260941206036341,0.1260941206036341,False,True,fixed_gate_only,100,0
S,17015,2026-08-28 16:00:00,-0.005329760997603151,-0.005329760997603151,False,True,fixed_gate_only,100,0
L,17250,2026-09-07 08:00:00,-0.2708064132272221,-0.2708064132272221,False,True,fixed_gate_only,100,0
S,514,2024-10-10 00:00:00,0.4052937454237942,0.4052937454237942,False,True,fixed_gate_only,100,2
L,550,2024-10-11 16:00:00,-0.37903458648051375,-0.37903458648051375,False,True,fixed_gate_only,100,2
L,643,2024-10-15 08:00:00,-0.3968579064269508,-0.3968579064269508,False,True,fixed_gate_only,100,2
S,650,2024-10-15 16:00:00,0.40324093646724873,0.40324093646724873,False,True,fixed_gate_only,100,2
S,650,2024-10-16 00:00:00,0.39666930572687165,0.39666930572687165,True,True,fixed_gate_only,100,2
S,813,2024-10-22 16:00:00,0.40141002010944143,0.40141002010944143,False,True,fixed_gate_only,100,2
S,844,2024-10-23 16:00:00,0.0,0.40008871821633835,True,False,fixed_gate_only,100,2
S,844,2024-10-24 00:00:00,0.3904696052065415,0.3904696052065415,True,True,fixed_gate_only,100,2
S,1054,2024-11-01 16:00:00,0.40049544888810906,0.40049544888810906,False,True,fixed_gate_only,100,2
L,1156,2024-11-05 16:00:00,0.0,-0.3999351426498086,True,False,fixed_gate_only,100,2
L,1188,2024-11-07 00:00:00,0.0,-0.3999260091905575,True,False,fixed_gate_only,100,2
S,1378,2024-11-15 00:00:00,0.3887897412093577,0.3887897412093577,True,True,fixed_gate_only,100,2
S,1492,2024-11-19 16:00:00,0.0,0.8495299059811962,True,False,fixed_gate_only,100,2
S,1492,2024-11-20 00:00:00,0.611496843949327,0.611496843949327,False,True,fixed_gate_only,100,2
L,1636,2024-11-25 16:00:00,0.0,-0.9572113722420361,True,False,fixed_gate_only,100,2
S,1660,2024-11-26 16:00:00,0.0,0.49089962473769294,True,False,fixed_gate_only,100,2
L,1687,2024-11-28 00:00:00,-0.6456337979621374,-0.6456337979621374,False,True,fixed_gate_only,100,2
L,1843,2024-12-04 08:00:00,-0.7452910888708334,-0.7452910888708334,False,True,fixed_gate_only,100,2
L,1854,2024-12-05 00:00:00,-0.813859794403072,-0.813859794403072,True,True,fixed_gate_only,100,2
L,1878,2024-12-06 00:00:00,-1.2360473093616753,-1.2360473093616753,False,True,fixed_gate_only,100,2
S,2001,2024-12-11 00:00:00,0.38807807745520234,0.38807807745520234,True,True,fixed_gate_only,100,2
L,2019,2024-12-11 16:00:00,-0.39746157159189593,-0.39746157159189593,False,True,fixed_gate_only,100,2
L,2019,2024-12-12 00:00:00,-0.41205438420419854,-0.41205438420419854,True,True,fixed_gate_only,100,2
L,2339,2024-12-25 00:00:00,-0.11145816324883993,-0.11145816324883993,False,True,fixed_gate_only,100,2
S,2381,2024-12-27 00:00:00,0.2505381511640036,0.2505381511640036,False,True,fixed_gate_only,100,2
S,2691,2025-01-08 16:00:00,0.4056334194750427,0.4056334194750427,False,True,fixed_gate_only,100,2
S,2691,2025-01-09 00:00:00,0.40472358590716817,0.40472358590716817,False,True,fixed_gate_only,100,2
L,2830,2025-01-14 16:00:00,-0.30109556152574246,-0.30109556152574246,False,True,fixed_gate_only,100,2
L,2909,2025-01-18 00:00:00,-0.40162729954376136,-0.40162729954376136,True,True,fixed_gate_only,100,2
S,3028,2025-01-22 16:00:00,0.0,0.40008245039436563,True,False,fixed_gate_only,100,2
S,3028,2025-01-23 00:00:00,0.3989322005689282,0.3989322005689282,False,True,fixed_gate_only,100,2
L,3168,2025-01-28 16:00:00,-0.16146351348193008,-0.16146351348193008,False,True,fixed_gate_only,100,2
L,3216,2025-01-30 16:00:00,-0.39859659922029284,-0.39859659922029284,False,True,fixed_gate_only,100,2
S,3395,2025-02-07 00:00:00,-0.3051443134380271,-0.3051443134380271,True,True,fixed_gate_only,100,2
L,3418,2025-02-08 00:00:00,0.04694440842438888,0.04694440842438888,False,True,fixed_gate_only,100,2
S,3514,2025-02-12 00:00:00,-0.04998724791581507,-0.04998724791581507,False,True,fixed_gate_only,100,2
L,3547,2025-02-13 08:00:00,-0.38056988602279546,-0.38056988602279546,False,True,fixed_gate_only,100,2
S,3560,2025-02-14 00:00:00,0.04096865023880446,0.04096865023880446,False,True,fixed_gate_only,100,2
S,3732,2025-02-21 00:00:00,0.0,0.256221005750251,True,False,fixed_gate_only,100,2
S,3732,2025-02-21 08:00:00,0.14433977074806387,0.14433977074806387,False,True,fixed_gate_only,100,2
S,3899,2025-02-28 00:00:00,0.20243499255901157,0.20243499255901157,False,True,fixed_gate_only,100,2
S,4000,2025-03-04 08:00:00,-0.17562044779098163,-0.17562044779098163,False,True,fixed_gate_only,100,2
L,4035,2025-03-05 16:00:00,-0.28805317693987,-0.28805317693987,False,True,fixed_gate_only,100,2
L,4156,2025-03-10 16:00:00,0.0,-0.10298936243756455,True,False,fixed_gate_only,100,2
L,4250,2025-03-14 16:00:00,-0.3067440940488129,-0.3067440940488129,False,True,fixed_gate_only,100,2
S,4347,2025-03-18 16:00:00,0.16456906975944385,0.16456906975944385,False,True,fixed_gate_only,100,2
S,4347,2025-03-19 00:00:00,0.05807054564500007,0.05807054564500007,False,True,fixed_gate_only,100,2
S,4394,2025-03-20 16:00:00,0.061835341211518215,0.061835341211518215,False,True,fixed_gate_only,100,2
S,4546,2025-03-27 00:00:00,-0.08874617641455489,-0.08874617641455489,False,True,fixed_gate_only,100,2
L,4683,2025-04-01 16:00:00,-0.11484590807303276,-0.11484590807303276,False,True,fixed_gate_only,100,2
S,4706,2025-04-02 16:00:00,-0.0018093177037212219,-0.0018093177037212219,False,True,fixed_gate_only,100,2
S,4706,2025-04-03 00:00:00,0.1746522234994469,0.1746522234994469,True,True,fixed_gate_only,100,2
L,4756,2025-04-04 16:00:00,0.0,0.08370279865034434,True,False,fixed_gate_only,100,2
L,4841,2025-04-08 08:00:00,0.017318152958166633,0.017318152958166633,False,True,fixed_gate_only,100,2
S,4859,2025-04-09 00:00:00,-0.057191981543583174,-0.057191981543583174,False,True,fixed_gate_only,100,2
L,4924,2025-04-11 16:00:00,0.0,0.23423315336932612,True,False,fixed_gate_only,100,2
S,5027,2025-04-16 00:00:00,0.013407149282434642,0.013407149282434642,False,True,fixed_gate_only,100,2
L,5066,2025-04-17 16:00:00,-0.20766876062499057,-0.20766876062499057,False,True,fixed_gate_only,100,2
L,5096,2025-04-19 00:00:00,0.05938515155842237,0.05938515155842237,False,True,fixed_gate_only,100,2
S,5231,2025-04-24 16:00:00,0.2855115487784916,0.2855115487784916,False,True,fixed_gate_only,100,2
S,5255,2025-04-25 16:00:00,0.31911480187224683,0.31911480187224683,False,True,fixed_gate_only,100,2
S,5426,2025-05-02 16:00:00,-0.2299226976564819,-0.2299226976564819,False,True,fixed_gate_only,100,2
S,5426,2025-05-03 00:00:00,-0.02364451059374043,-0.02364451059374043,True,True,fixed_gate_only,100,2
L,5550,2025-05-08 00:00:00,0.025542657093581285,0.025542657093581285,True,True,fixed_gate_only,100,2
L,5595,2025-05-09 16:00:00,-0.4191152691206131,-0.4191152691206131,True,True,fixed_gate_only,100,2
S,5734,2025-05-15 16:00:00,0.3927671878343599,0.3927671878343599,True,True,fixed_gate_only,100,2
S,5865,2025-05-21 00:00:00,0.04693175617635336,0.04693175617635336,False,True,fixed_gate_only,100,2
L,5908,2025-05-22 16:00:00,0.0,-0.39983045028400804,True,False,fixed_gate_only,100,2
S,6046,2025-05-28 16:00:00,0.4003413036611666,0.4003413036611666,False,True,fixed_gate_only,100,2
S,6084,2025-05-30 00:00:00,0.0,0.33290532148042346,True,False,fixed_gate_only,100,2
S,6084,2025-05-30 08:00:00,0.29779400503413533,0.29779400503413533,False,True,fixed_gate_only,100,2
L,6222,2025-06-05 00:00:00,-0.3187172977719414,-0.3187172977719414,False,True,fixed_gate_only,100,2
L,6274,2025-06-07 00:00:00,-0.10761365981007448,-0.10761365981007448,True,True,fixed_gate_only,100,2
L,6368,2025-06-11 00:00:00,-0.39398392972947616,-0.39398392972947616,False,True,fixed_gate_only,100,2
S,6407,2025-06-12 16:00:00,0.3976304243862118,0.3976304243862118,False,True,fixed_gate_only,100,2
L,6895,2025-07-03 00:00:00,-0.21334644303230246,-0.21334644303230246,False,True,fixed_gate_only,100,2
S,6938,2025-07-04 16:00:00,0.2613168300277392,0.2613168300277392,False,True,fixed_gate_only,100,2
L,7034,2025-07-08 16:00:00,-0.11150922329065593,-0.11150922329065593,False,True,fixed_gate_only,100,2
L,7065,2025-07-10 00:00:00,-0.2503304859900529,-0.2503304859900529,False,True,fixed_gate_only,100,2
L,7079,2025-07-10 16:00:00,-0.11260294745923234,-0.11260294745923234,True,True,fixed_gate_only,100,2
L,7106,2025-07-11 16:00:00,-0.39518711657648503,-0.39518711657648503,False,True,fixed_gate_only,100,2
S,7198,2025-07-15 16:00:00,0.4001768215911004,0.4001768215911004,False,True,fixed_gate_only,100,2
S,7378,2025-07-23 00:00:00,0.4076845060452816,0.4076845060452816,False,True,fixed_gate_only,100,2
S,7439,2025-07-25 16:00:00,0.4020224668797937,0.4020224668797937,False,True,fixed_gate_only,100,2
L,7539,2025-07-29 16:00:00,-0.40501862451428855,-0.40501862451428855,False,True,fixed_gate_only,100,2
S,7568,2025-07-31 00:00:00,0.06225442330128058,0.06225442330128058,False,True,fixed_gate_only,100,2
L,7583,2025-07-31 16:00:00,-0.40005641675401793,-0.40005641675401793,False,True,fixed_gate_only,100,2
S,7708,2025-08-05 16:00:00,0.0,0.12466458782265234,True,False,fixed_gate_only,100,2
S,7708,2025-08-06 00:00:00,0.054170314827535676,0.054170314827535676,False,True,fixed_gate_only,100,2
L,7730,2025-08-06 16:00:00,-0.32804350850141534,-0.32804350850141534,False,True,fixed_gate_only,100,2
L,7756,2025-08-07 16:00:00,0.0,-0.17136572685462909,True,False,fixed_gate_only,100,2
L,7786,2025-08-09 00:00:00,-0.3953252934504186,-0.3953252934504186,False,True,fixed_gate_only,100,2
S,7955,2025-08-16 00:00:00,0.25538314998097317,0.25538314998097317,True,True,fixed_gate_only,100,2
L,8069,2025-08-21 00:00:00,-0.36415407569629465,-0.36415407569629465,True,True,fixed_gate_only,100,2
L,8263,2025-08-29 00:00:00,-0.08497156930126815,-0.08497156930126815,False,True,fixed_gate_only,100,2
L,8406,2025-09-04 00:00:00,-0.13064633165058254,-0.13064633165058254,False,True,fixed_gate_only,100,2
S,8426,2025-09-04 16:00:00,-0.08042246592754923,-0.08042246592754923,False,True,fixed_gate_only,100,2
S,8426,2025-09-05 00:00:00,-0.09949285596291278,-0.09949285596291278,False,True,fixed_gate_only,100,2
L,8452,2025-09-05 16:00:00,0.0,0.13822351928018528,True,False,fixed_gate_only,100,2
L,8594,2025-09-11 16:00:00,-0.40188826354115403,-0.40188826354115403,False,True,fixed_gate_only,100,2
L,8611,2025-09-12 08:00:00,-0.1945228355510942,-0.1945228355510942,False,True,fixed_gate_only,100,2
S,8722,2025-09-17 00:00:00,0.08139131888782011,0.08139131888782011,False,True,fixed_gate_only,100,2
S,8722,2025-09-17 08:00:00,0.09738641884153854,0.09738641884153854,True,True,fixed_gate_only,100,2
L,8735,2025-09-17 16:00:00,-0.2149405735339691,-0.2149405735339691,False,True,fixed_gate_only,100,2
S,8784,2025-09-19 16:00:00,-0.036082872240775464,-0.036082872240775464,False,True,fixed_gate_only,100,2
S,8784,2025-09-20 00:00:00,-0.17012871928347345,-0.17012871928347345,True,True,fixed_gate_only,100,2
L,8915,2025-09-25 00:00:00,0.14364649105023466,0.14364649105023466,False,True,fixed_gate_only,100,2
S,8922,2025-09-25 08:00:00,-0.34478207432124375,-0.34478207432124375,False,True,fixed_gate_only,100,2
L,9077,2025-10-02 00:00:00,0.02999693712291694,0.02999693712291694,False,True,fixed_gate_only,100,2
L,9092,2025-10-02 08:00:00,0.0,-0.05947097999432064,True,False,fixed_gate_only,100,2
L,9092,2025-10-02 16:00:00,-0.12207181403762156,-0.12207181403762156,True,True,fixed_gate_only,100,2
L,9106,2025-10-03 00:00:00,-0.14999499329789537,-0.14999499329789537,False,True,fixed_gate_only,100,2
S,9219,2025-10-07 16:00:00,0.4008814652112594,0.4008814652112594,False,True,fixed_gate_only,100,2
S,9219,2025-10-08 00:00:00,0.3866168175102365,0.3866168175102365,True,True,fixed_gate_only,100,2
S,9240,2025-10-08 16:00:00,0.24261522226526971,0.24261522226526971,False,True,fixed_gate_only,100,2
S,9263,2025-10-09 16:00:00,-0.009069831087983461,-0.009069831087983461,False,True,fixed_gate_only,100,2
S,9299,2025-10-11 00:00:00,-0.19738965416999,-0.19738965416999,True,True,fixed_gate_only,100,2
L,9435,2025-10-16 16:00:00,-0.030316730024914182,-0.030316730024914182,False,True,fixed_gate_only,100,2
S,9459,2025-10-17 16:00:00,0.22148887550121166,0.22148887550121166,False,True,fixed_gate_only,100,2
L,9523,2025-10-20 08:00:00,-0.09828977059437248,-0.09828977059437248,False,True,fixed_gate_only,100,2
S,9582,2025-10-23 00:00:00,0.09580118551065563,0.09580118551065563,False,True,fixed_gate_only,100,2
L,9603,2025-10-23 16:00:00,-0.16646075385454107,-0.16646075385454107,False,True,fixed_gate_only,100,2
S,9719,2025-10-28 16:00:00,0.18561476631493534,0.18561476631493534,False,True,fixed_gate_only,100,2
L,9730,2025-10-29 00:00:00,-0.07075906977427535,-0.07075906977427535,False,True,fixed_gate_only,100,2
S,9756,2025-10-30 00:00:00,0.0,0.15663132626525308,True,False,fixed_gate_only,100,2
S,9777,2025-10-31 00:00:00,-0.25287192233387235,-0.25287192233387235,False,True,fixed_gate_only,100,2
L,9800,2025-11-01 00:00:00,0.05113607445321168,0.05113607445321168,False,True,fixed_gate_only,100,2
L,9921,2025-11-06 00:00:00,-0.17618273345525298,-0.17618273345525298,False,True,fixed_gate_only,100,2
S,9939,2025-11-06 16:00:00,0.1992122358576233,0.1992122358576233,False,True,fixed_gate_only,100,2
S,9939,2025-11-07 00:00:00,0.002770434153269945,0.002770434153269945,True,True,fixed_gate_only,100,2
S,10066,2025-11-12 00:00:00,0.11145684621080218,0.11145684621080218,False,True,fixed_gate_only,100,2
S,10116,2025-11-14 00:00:00,0.0,0.09287396869063301,True,False,fixed_gate_only,100,2
L,10202,2025-11-17 16:00:00,-0.4013863178312507,-0.4013863178312507,False,True,fixed_gate_only,100,2
L,10231,2025-11-19 00:00:00,-0.24022535594595973,-0.24022535594595973,False,True,fixed_gate_only,100,2
S,10250,2025-11-19 16:00:00,0.2751662513260757,0.2751662513260757,False,True,fixed_gate_only,100,2
S,10250,2025-11-20 00:00:00,0.12631415222093748,0.12631415222093748,False,True,fixed_gate_only,100,2
S,10284,2025-11-21 00:00:00,0.0,0.2715733956835604,True,False,fixed_gate_only,100,2
S,10397,2025-11-26 00:00:00,0.022430375371601727,0.022430375371601727,False,True,fixed_gate_only,100,2
S,10422,2025-11-27 00:00:00,0.07599495331508611,0.07599495331508611,False,True,fixed_gate_only,100,2
S,10449,2025-11-28 00:00:00,0.03978592540742296,0.03978592540742296,False,True,fixed_gate_only,100,2
L,10563,2025-12-02 16:00:00,-0.2214526298871983,-0.2214526298871983,False,True,fixed_gate_only,100,2
L,10563,2025-12-03 00:00:00,-0.17727972266500144,-0.17727972266500144,True,True,fixed_gate_only,100,2
L,10583,2025-12-03 16:00:00,-0.04466483463521988,-0.04466483463521988,True,True,fixed_gate_only,100,2
S,10618,2025-12-05 00:00:00,0.38973157177540596,0.38973157177540596,False,True,fixed_gate_only,100,2
S,10642,2025-12-06 00:00:00,0.19586778446935516,0.19586778446935516,False,True,fixed_gate_only,100,2
S,10787,2025-12-12 00:00:00,0.10532520496102261,0.10532520496102261,False,True,fixed_gate_only,100,2
S,10787,2025-12-12 08:00:00,-0.010165842981905397,-0.010165842981905397,False,True,fixed_gate_only,100,2
S,10812,2025-12-13 00:00:00,0.0,-0.009448359479336126,True,False,fixed_gate_only,100,2
S,10812,2025-12-13 08:00:00,0.0042994576765515964,0.0042994576765515964,False,True,fixed_gate_only,100,2
L,10974,2025-12-20 00:00:00,-0.3689596773079821,-0.3689596773079821,True,True,fixed_gate_only,100,2
S,11067,2025-12-23 16:00:00,0.27212170618867293,0.27212170618867293,False,True,fixed_gate_only,100,2
S,11067,2025-12-24 00:00:00,0.10452388162850386,0.10452388162850386,False,True,fixed_gate_only,100,2
S,11094,2025-12-25 00:00:00,0.2257012021100604,0.2257012021100604,False,True,fixed_gate_only,100,2
L,11107,2025-12-25 08:00:00,-0.2599540017631952,-0.2599540017631952,False,True,fixed_gate_only,100,2
S,11117,2025-12-26 00:00:00,0.20088494596524575,0.20088494596524575,False,True,fixed_gate_only,100,2
L,11146,2025-12-27 00:00:00,-0.13516702910151288,-0.13516702910151288,False,True,fixed_gate_only,100,2
L,11232,2025-12-30 16:00:00,-0.1567105925468306,-0.1567105925468306,False,True,fixed_gate_only,100,2
L,11243,2025-12-31 00:00:00,-0.3990240947536989,-0.3990240947536989,False,True,fixed_gate_only,100,2
L,11264,2026-01-01 00:00:00,-0.14029117202208788,-0.14029117202208788,False,True,fixed_gate_only,100,2
L,11287,2026-01-02 00:00:00,0.0224320763717131,0.0224320763717131,False,True,fixed_gate_only,100,2
L,11411,2026-01-07 00:00:00,-0.1696584084074944,-0.1696584084074944,False,True,fixed_gate_only,100,2
S,11451,2026-01-08 16:00:00,0.30859713492311475,0.30859713492311475,False,True,fixed_gate_only,100,2
S,11451,2026-01-09 00:00:00,0.0019600510297259825,0.0019600510297259825,False,True,fixed_gate_only,100,2
L,11570,2026-01-13 16:00:00,-0.36536289813600004,-0.36536289813600004,False,True,fixed_gate_only,100,2
S,11652,2026-01-17 00:00:00,0.0,0.11070247968883765,True,False,fixed_gate_only,100,2
S,11652,2026-01-17 08:00:00,0.3381554263927219,0.3381554263927219,False,True,fixed_gate_only,100,2
S,11731,2026-01-20 08:00:00,0.34460229049848,0.34460229049848,False,True,fixed_gate_only,100,2
S,11769,2026-01-22 00:00:00,0.04561252273390457,0.04561252273390457,False,True,fixed_gate_only,100,2
S,11813,2026-01-24 00:00:00,0.2035612901911891,0.2035612901911891,False,True,fixed_gate_only,100,2
S,11963,2026-01-30 00:00:00,-0.045847900059000524,-0.045847900059000524,True,True,fixed_gate_only,100,2
S,12078,2026-02-04 00:00:00,-0.1569341102020589,-0.1569341102020589,False,True,fixed_gate_only,100,2
S,12106,2026-02-05 00:00:00,-0.23949186040954026,-0.23949186040954026,True,True,fixed_gate_only,100,2
L,12155,2026-02-07 00:00:00,-0.07411161342698602,-0.07411161342698602,False,True,fixed_gate_only,100,2
S,12267,2026-02-11 16:00:00,-0.5193315278555218,-0.5193315278555218,False,True,fixed_gate_only,100,2
S,12267,2026-02-12 00:00:00,-0.4882646940377773,-0.4882646940377773,True,True,fixed_gate_only,100,2
L,12290,2026-02-12 16:00:00,-0.08950250483525614,-0.08950250483525614,False,True,fixed_gate_only,100,2
S,12300,2026-02-13 00:00:00,0.0,-0.16416506638123302,True,False,fixed_gate_only,100,2
L,12317,2026-02-14 00:00:00,-0.17694720473464326,-0.17694720473464326,True,True,fixed_gate_only,100,2
L,12435,2026-02-18 16:00:00,0.1525046747666538,0.1525046747666538,False,True,fixed_gate_only,100,2
S,12442,2026-02-19 00:00:00,-0.034914904335445154,-0.034914904335445154,False,True,fixed_gate_only,100,2
S,12466,2026-02-20 00:00:00,-0.3154939327160811,-0.3154939327160811,False,True,fixed_gate_only,100,2
S,12466,2026-02-20 08:00:00,-0.18821646852636212,-0.18821646852636212,True,True,fixed_gate_only,100,2
S,12586,2026-02-25 00:00:00,-0.12109602074635627,-0.12109602074635627,False,True,fixed_gate_only,100,2
S,12586,2026-02-25 08:00:00,-0.10019529531388478,-0.10019529531388478,True,True,fixed_gate_only,100,2
L,12595,2026-02-25 08:00:00,0.09772844050292358,0.09772844050292358,False,True,fixed_gate_only,100,2
L,12608,2026-02-26 00:00:00,-0.24055494647667286,-0.24055494647667286,True,True,fixed_gate_only,100,2
S,12635,2026-02-27 00:00:00,0.15570082595500867,0.15570082595500867,False,True,fixed_gate_only,100,2
L,12731,2026-03-03 00:00:00,0.2786289580245051,0.2786289580245051,True,True,fixed_gate_only,100,2
S,12796,2026-03-05 16:00:00,0.0,-0.03348891794591737,True,False,fixed_gate_only,100,2
S,12796,2026-03-06 00:00:00,-0.05802815910328329,-0.05802815910328329,False,True,fixed_gate_only,100,2
L,12917,2026-03-11 00:00:00,-0.10802275047783368,-0.10802275047783368,False,True,fixed_gate_only,100,2
L,12980,2026-03-13 08:00:00,0.0,-0.09054538643559526,True,False,fixed_gate_only,100,2
S,13132,2026-03-19 16:00:00,0.0,-0.0348465061105767,True,False,fixed_gate_only,100,2
S,13298,2026-03-26 16:00:00,0.02865710333360952,0.02865710333360952,False,True,fixed_gate_only,100,2
L,13437,2026-04-01 16:00:00,-0.19271909827485237,-0.19271909827485237,True,True,fixed_gate_only,100,2
S,13473,2026-04-03 00:00:00,-0.2961179246077613,-0.2961179246077613,False,True,fixed_gate_only,100,2
S,13497,2026-04-04 00:00:00,-0.03835123960215073,-0.03835123960215073,False,True,fixed_gate_only,100,2
S,13591,2026-04-08 00:00:00,0.041072091569924155,0.041072091569924155,False,True,fixed_gate_only,100,2
L,13610,2026-04-08 16:00:00,-0.23467604810003573,-0.23467604810003573,False,True,fixed_gate_only,100,2
L,13664,2026-04-11 00:00:00,0.01798299493402866,0.01798299493402866,True,True,fixed_gate_only,100,2
L,13755,2026-04-14 16:00:00,-0.4007343075973236,-0.4007343075973236,False,True,fixed_gate_only,100,2
L,13953,2026-04-23 00:00:00,-0.3116658688355097,-0.3116658688355097,False,True,fixed_gate_only,100,2
L,14256,2026-05-05 16:00:00,0.09631351419067541,0.09631351419067541,False,True,fixed_gate_only,100,2
L,14596,2026-05-19 16:00:00,0.0,-0.22743467591119298,True,False,fixed_gate_only,100,2
S,14600,2026-05-20 00:00:00,0.1435235345911694,0.1435235345911694,False,True,fixed_gate_only,100,2
S,14667,2026-05-22 16:00:00,0.12390329692117519,0.12390329692117519,False,True,fixed_gate_only,100,2
S,14667,2026-05-23 00:00:00,0.23706481101095056,0.23706481101095056,False,True,fixed_gate_only,100,2
S,14794,2026-05-28 00:00:00,0.24477035153316534,0.24477035153316534,False,True,fixed_gate_only,100,2
S,14968,2026-06-04 08:00:00,0.30780630191317526,0.30780630191317526,False,True,fixed_gate_only,100,2
S,15093,2026-06-09 16:00:00,0.0014551848997958437,0.0014551848997958437,False,True,fixed_gate_only,100,2
S,15293,2026-06-18 00:00:00,-0.029621224682749726,-0.029621224682749726,False,True,fixed_gate_only,100,2
S,15324,2026-06-19 00:00:00,0.0,-0.027649475624688762,True,False,fixed_gate_only,100,2
S,15324,2026-06-19 08:00:00,0.2666088363901858,0.2666088363901858,False,True,fixed_gate_only,100,2
L,15412,2026-06-22 16:00:00,0.0,-0.077624475104979,True,False,fixed_gate_only,100,2
S,15434,2026-06-23 16:00:00,0.013161589101528667,0.013161589101528667,False,True,fixed_gate_only,100,2
L,15452,2026-06-24 08:00:00,0.0,-0.18312227640885648,True,False,fixed_gate_only,100,2
L,15452,2026-06-24 16:00:00,-0.08876501226961712,-0.08876501226961712,False,True,fixed_gate_only,100,2
L,15483,2026-06-25 16:00:00,-0.17158589317277537,-0.17158589317277537,False,True,fixed_gate_only,100,2
S,15490,2026-06-26 00:00:00,-0.33233009605414876,-0.33233009605414876,False,True,fixed_gate_only,100,2
S,15490,2026-06-26 08:00:00,-0.06790744164538726,-0.06790744164538726,True,True,fixed_gate_only,100,2
L,15670,2026-07-03 16:00:00,-0.4011981487128515,-0.4011981487128515,False,True,fixed_gate_only,100,2
S,15803,2026-07-09 00:00:00,0.18082151537560784,0.18082151537560784,False,True,fixed_gate_only,100,2
L,15955,2026-07-15 08:00:00,-0.1541199898386908,-0.1541199898386908,False,True,fixed_gate_only,100,2
S,15988,2026-07-16 16:00:00,0.0,0.24321597835067382,True,False,fixed_gate_only,100,2
S,16010,2026-07-17 16:00:00,0.19143399831945587,0.19143399831945587,False,True,fixed_gate_only,100,2
S,16010,2026-07-18 00:00:00,0.09807410991580119,0.09807410991580119,True,True,fixed_gate_only,100,2
L,16101,2026-07-21 16:00:00,-0.1666677333548582,-0.1666677333548582,False,True,fixed_gate_only,100,2
S,16131,2026-07-22 16:00:00,0.05707705237132269,0.05707705237132269,False,True,fixed_gate_only,100,2
S,16131,2026-07-23 00:00:00,0.2616944389679585,0.2616944389679585,False,True,fixed_gate_only,100,2
S,16156,2026-07-23 16:00:00,0.0,-0.13254650930186038,True,False,fixed_gate_only,100,2
S,16156,2026-07-24 00:00:00,-0.12873878027965083,-0.12873878027965083,False,True,fixed_gate_only,100,2
L,16180,2026-07-24 16:00:00,0.0,-0.07102579484103179,True,False,fixed_gate_only,100,2
S,16186,2026-07-25 00:00:00,0.06881789362832631,0.06881789362832631,False,True,fixed_gate_only,100,2
S,16186,2026-07-25 08:00:00,0.21696950356695788,0.21696950356695788,True,True,fixed_gate_only,100,2
S,16308,2026-07-30 00:00:00,0.0,0.08575205293409753,True,False,fixed_gate_only,100,2
S,16308,2026-07-30 08:00:00,0.15571349214358923,0.15571349214358923,False,True,fixed_gate_only,100,2
L,16327,2026-07-31 00:00:00,-0.07960554047370448,-0.07960554047370448,False,True,fixed_gate_only,100,2
L,16634,2026-08-12 16:00:00,-0.2915586534145014,-0.2915586534145014,False,True,fixed_gate_only,100,2
L,16772,2026-08-18 08:00:00,0.0,-0.18528294341131774,True,False,fixed_gate_only,100,2
L,16846,2026-08-21 16:00:00,-0.4020395131847372,-0.4020395131847372,True,True,fixed_gate_only,100,2
S,16961,2026-08-26 08:00:00,0.1261193444725286,0.1261193444725286,False,True,fixed_gate_only,100,2
S,17015,2026-08-28 16:00:00,-0.005330827163035758,-0.005330827163035758,False,True,fixed_gate_only,100,2
L,17250,2026-09-07 08:00:00,-0.27075226277466713,-0.27075226277466713,False,True,fixed_gate_only,100,2
S,514,2024-10-10 00:00:00,0.4054153943718954,0.4054153943718954,False,True,fixed_gate_only,100,5
L,550,2024-10-11 16:00:00,-0.37892093293134416,-0.37892093293134416,True,True,fixed_gate_only,100,5
L,562,2024-10-12 00:00:00,-0.2402278843512082,-0.2402278843512082,False,True,fixed_gate_only,100,5
L,643,2024-10-15 08:00:00,-0.39673890855395916,-0.39673890855395916,False,True,fixed_gate_only,100,5
S,650,2024-10-15 16:00:00,0.40336196926458756,0.40336196926458756,False,True,fixed_gate_only,100,5
S,650,2024-10-16 00:00:00,0.3967883660487507,0.3967883660487507,True,True,fixed_gate_only,100,5
L,680,2024-10-17 00:00:00,-0.39638023677952605,-0.39638023677952605,False,True,fixed_gate_only,100,5
S,813,2024-10-22 16:00:00,0.40153050335709806,0.40153050335709806,False,True,fixed_gate_only,100,5
S,844,2024-10-23 16:00:00,0.0,0.4002088048751328,True,False,fixed_gate_only,100,5
S,844,2024-10-24 00:00:00,0.3905868046878442,0.3905868046878442,True,True,fixed_gate_only,100,5
S,1054,2024-11-01 16:00:00,0.40061565762714507,0.40061565762714507,False,True,fixed_gate_only,100,5
L,1156,2024-11-05 16:00:00,0.0,-0.3998152220673049,True,False,fixed_gate_only,100,5
L,1188,2024-11-07 00:00:00,0.0,-0.39980609134672235,True,False,fixed_gate_only,100,5
S,1378,2024-11-15 00:00:00,0.3889064364793556,0.3889064364793556,True,True,fixed_gate_only,100,5
S,1492,2024-11-19 16:00:00,0.0,0.849784892446223,True,False,fixed_gate_only,100,5
S,1492,2024-11-20 00:00:00,0.6116803847729236,0.6116803847729236,False,True,fixed_gate_only,100,5
L,1636,2024-11-25 16:00:00,0.0,-0.9569243523403145,True,False,fixed_gate_only,100,5
S,1660,2024-11-26 16:00:00,0.0,0.49104696829689387,True,False,fixed_gate_only,100,5
L,1687,2024-11-28 00:00:00,-0.6454402046194201,-0.6454402046194201,False,True,fixed_gate_only,100,5
L,1843,2024-12-04 08:00:00,-0.7450676132819665,-0.7450676132819665,False,True,fixed_gate_only,100,5
L,1854,2024-12-05 00:00:00,-0.8136157584827111,-0.8136157584827111,True,True,fixed_gate_only,100,5
L,1878,2024-12-06 00:00:00,-1.2356766804833057,-1.2356766804833057,False,True,fixed_gate_only,100,5
S,2001,2024-12-11 00:00:00,0.388194559119271,0.388194559119271,True,True,fixed_gate_only,100,5
L,2019,2024-12-11 16:00:00,-0.3973423927098593,-0.3973423927098593,False,True,fixed_gate_only,100,5
L,2019,2024-12-12 00:00:00,-0.41193082966620614,-0.41193082966620614,True,True,fixed_gate_only,100,5
L,2339,2024-12-25 00:00:00,-0.1114247425102346,-0.1114247425102346,False,True,fixed_gate_only,100,5
S,2381,2024-12-27 00:00:00,0.2506133502088752,0.2506133502088752,False,True,fixed_gate_only,100,5
S,2691,2025-01-08 16:00:00,0.4057551703763358,0.4057551703763358,False,True,fixed_gate_only,100,5
S,2691,2025-01-09 00:00:00,0.4048450637218476,0.4048450637218476,False,True,fixed_gate_only,100,5
L,2830,2025-01-14 16:00:00,-0.30100527799904814,-0.30100527799904814,False,True,fixed_gate_only,100,5
L,2909,2025-01-18 00:00:00,-0.40150687156788617,-0.40150687156788617,True,True,fixed_gate_only,100,5
S,3028,2025-01-22 16:00:00,0.0,0.40020253517187265,True,False,fixed_gate_only,100,5
S,3028,2025-01-23 00:00:00,0.3990519400988638,0.3990519400988638,False,True,fixed_gate_only,100,5
L,3168,2025-01-28 16:00:00,-0.1614150986353088,-0.1614150986353088,False,True,fixed_gate_only,100,5
L,3216,2025-01-30 16:00:00,-0.3984770800001368,-0.3984770800001368,False,True,fixed_gate_only,100,5
S,3395,2025-02-07 00:00:00,-0.30523590252660276,-0.30523590252660276,True,True,fixed_gate_only,100,5
L,3418,2025-02-08 00:00:00,0.046930332140003764,0.046930332140003764,False,True,fixed_gate_only,100,5
S,3514,2025-02-12 00:00:00,-0.05000225159202792,-0.05000225159202792,False,True,fixed_gate_only,100,5
L,3547,2025-02-13 08:00:00,-0.38045577211394305,-0.38045577211394305,False,True,fixed_gate_only,100,5
S,3560,2025-02-14 00:00:00,0.04098094698224782,0.04098094698224782,False,True,fixed_gate_only,100,5
S,3732,2025-02-21 00:00:00,0.0,0.2562979105043531,True,False,fixed_gate_only,100,5
S,3732,2025-02-21 08:00:00,0.14438309434108476,0.14438309434108476,False,True,fixed_gate_only,100,5
S,3899,2025-02-28 00:00:00,0.20249575343721837,0.20249575343721837,False,True,fixed_gate_only,100,5
S,4000,2025-03-04 08:00:00,-0.17567316028156418,-0.17567316028156418,False,True,fixed_gate_only,100,5
L,4035,2025-03-05 16:00:00,-0.28796680417317144,-0.28796680417317144,False,True,fixed_gate_only,100,5
L,4156,2025-03-10 16:00:00,0.0,-0.1029584810695173,True,False,fixed_gate_only,100,5
L,4250,2025-03-14 16:00:00,-0.30665211680921806,-0.30665211680921806,False,True,fixed_gate_only,100,5
S,4347,2025-03-18 16:00:00,0.164618465178081,0.164618465178081,False,True,fixed_gate_only,100,5
S,4347,2025-03-19 00:00:00,0.05808797552363289,0.05808797552363289,False,True,fixed_gate_only,100,5
S,4394,2025-03-20 16:00:00,0.06185390109382281,0.06185390109382281,False,True,fixed_gate_only,100,5
S,4546,2025-03-27 00:00:00,-0.08877281358606501,-0.08877281358606501,False,True,fixed_gate_only,100,5
L,4683,2025-04-01 16:00:00,-0.11481147151888792,-0.11481147151888792,False,True,fixed_gate_only,100,5
S,4706,2025-04-02 16:00:00,-0.0018098607705657602,-0.0018098607705657602,False,True,fixed_gate_only,100,5
S,4706,2025-04-03 00:00:00,0.17470464537743569,0.17470464537743569,True,True,fixed_gate_only,100,5
L,4756,2025-04-04 16:00:00,0.0,0.08367770035989446,True,False,fixed_gate_only,100,5
L,4841,2025-04-08 08:00:00,0.017312960108703913,0.017312960108703913,False,True,fixed_gate_only,100,5
S,4859,2025-04-09 00:00:00,-0.05720914772113503,-0.05720914772113503,False,True,fixed_gate_only,100,5
L,4879,2025-04-10 00:00:00,-0.06357179770993171,-0.06357179770993171,True,True,fixed_gate_only,100,5
L,4924,2025-04-11 16:00:00,0.0,0.23416291854072965,True,False,fixed_gate_only,100,5
S,5027,2025-04-16 00:00:00,0.013411173439297803,0.013411173439297803,False,True,fixed_gate_only,100,5
L,5066,2025-04-17 16:00:00,-0.20760649113154978,-0.20760649113154978,False,True,fixed_gate_only,100,5
L,5096,2025-04-19 00:00:00,0.05936734491627592,0.05936734491627592,False,True,fixed_gate_only,100,5
L,5194,2025-04-23 00:00:00,-0.33582796731036363,-0.33582796731036363,True,True,fixed_gate_only,100,5
L,5202,2025-04-23 08:00:00,-0.2673203658769937,-0.2673203658769937,False,True,fixed_gate_only,100,5
S,5231,2025-04-24 16:00:00,0.28559724509128154,0.28559724509128154,False,True,fixed_gate_only,100,5
S,5255,2025-04-25 16:00:00,0.3192105842039744,0.3192105842039744,False,True,fixed_gate_only,100,5
S,5426,2025-05-02 16:00:00,-0.22999170897143634,-0.22999170897143634,False,True,fixed_gate_only,100,5
S,5426,2025-05-03 00:00:00,-0.02365160749536937,-0.02365160749536937,True,True,fixed_gate_only,100,5
L,5550,2025-05-08 00:00:00,0.025534998125937035,0.025534998125937035,True,True,fixed_gate_only,100,5
L,5595,2025-05-09 16:00:00,-0.41898959737574937,-0.41898959737574937,True,True,fixed_gate_only,100,5
S,5734,2025-05-15 16:00:00,0.39288507693526054,0.39288507693526054,True,True,fixed_gate_only,100,5
S,5865,2025-05-21 00:00:00,0.04694584274649133,0.04694584274649133,False,True,fixed_gate_only,100,5
L,5908,2025-05-22 16:00:00,0.0,-0.39971056109351816,True,False,fixed_gate_only,100,5
S,6046,2025-05-28 16:00:00,0.4004614661335012,0.4004614661335012,False,True,fixed_gate_only,100,5
S,6084,2025-05-30 00:00:00,0.0,0.33300524303764617,True,False,fixed_gate_only,100,5
S,6084,2025-05-30 08:00:00,0.29788338792709207,0.29788338792709207,False,True,fixed_gate_only,100,5
L,6222,2025-06-05 00:00:00,-0.31862173036631264,-0.31862173036631264,False,True,fixed_gate_only,100,5
L,6274,2025-06-07 00:00:00,-0.10758139184611344,-0.10758139184611344,True,True,fixed_gate_only,100,5
L,6368,2025-06-11 00:00:00,-0.39386579361861274,-0.39386579361861274,False,True,fixed_gate_only,100,5
S,6407,2025-06-12 16:00:00,0.3977497731879284,0.3977497731879284,False,True,fixed_gate_only,100,5
L,6895,2025-07-03 00:00:00,-0.21328247108536627,-0.21328247108536627,False,True,fixed_gate_only,100,5
S,6938,2025-07-04 16:00:00,0.2613952642938806,0.2613952642938806,False,True,fixed_gate_only,100,5
L,7034,2025-07-08 16:00:00,-0.11147578724169323,-0.11147578724169323,False,True,fixed_gate_only,100,5
L,7065,2025-07-10 00:00:00,-0.2502554243750634,-0.2502554243750634,False,True,fixed_gate_only,100,5
L,7079,2025-07-10 16:00:00,-0.1125691834569957,-0.1125691834569957,True,True,fixed_gate_only,100,5
L,7106,2025-07-11 16:00:00,-0.39506861968995527,-0.39506861968995527,False,True,fixed_gate_only,100,5
S,7198,2025-07-15 16:00:00,0.40029693469412925,0.40029693469412925,False,True,fixed_gate_only,100,5
S,7378,2025-07-23 00:00:00,0.4078068725803627,0.4078068725803627,False,True,fixed_gate_only,100,5
S,7439,2025-07-25 16:00:00,0.4021431339533944,0.4021431339533944,False,True,fixed_gate_only,100,5
L,7539,2025-07-29 16:00:00,-0.4048971796493667,-0.4048971796493667,False,True,fixed_gate_only,100,5
S,7568,2025-07-31 00:00:00,0.06227310897110587,0.06227310897110587,False,True,fixed_gate_only,100,5
L,7583,2025-07-31 16:00:00,-0.399936459807465,-0.399936459807465,False,True,fixed_gate_only,100,5
S,7708,2025-08-05 16:00:00,0.0,0.12470200590804184,True,False,fixed_gate_only,100,5
S,7708,2025-08-06 00:00:00,0.05418657405159598,0.05418657405159598,False,True,fixed_gate_only,100,5
L,7730,2025-08-06 16:00:00,-0.3279451446308002,-0.3279451446308002,False,True,fixed_gate_only,100,5
L,7756,2025-08-07 16:00:00,0.0,-0.17131434282858568,True,False,fixed_gate_only,100,5
L,7786,2025-08-09 00:00:00,-0.39520675513154296,-0.39520675513154296,False,True,fixed_gate_only,100,5
S,7955,2025-08-16 00:00:00,0.2554598032526033,0.2554598032526033,True,True,fixed_gate_only,100,5
L,8069,2025-08-21 00:00:00,-0.3640448840693992,-0.3640448840693992,True,True,fixed_gate_only,100,5
L,8263,2025-08-29 00:00:00,-0.08494609056984348,-0.08494609056984348,False,True,fixed_gate_only,100,5
L,8406,2025-09-04 00:00:00,-0.13060715733824357,-0.13060715733824357,False,True,fixed_gate_only,100,5
S,8426,2025-09-04 16:00:00,-0.08044660473673208,-0.08044660473673208,False,True,fixed_gate_only,100,5
S,8426,2025-09-05 00:00:00,-0.09952271875109572,-0.09952271875109572,False,True,fixed_gate_only,100,5
L,8452,2025-09-05 16:00:00,0.0,0.13818207294756754,True,False,fixed_gate_only,100,5
L,8594,2025-09-11 16:00:00,-0.4017677573152047,-0.4017677573152047,False,True,fixed_gate_only,100,5
L,8611,2025-09-12 08:00:00,-0.1944645078642723,-0.1944645078642723,False,True,fixed_gate_only,100,5
S,8722,2025-09-17 00:00:00,0.08141574849829168,0.08141574849829168,False,True,fixed_gate_only,100,5
S,8722,2025-09-17 08:00:00,0.09741564938246146,0.09741564938246146,True,True,fixed_gate_only,100,5
L,8735,2025-09-17 16:00:00,-0.21487612358688246,-0.21487612358688246,False,True,fixed_gate_only,100,5
S,8784,2025-09-19 16:00:00,-0.036093702517586104,-0.036093702517586104,False,True,fixed_gate_only,100,5
S,8784,2025-09-20 00:00:00,-0.17017978343133244,-0.17017978343133244,True,True,fixed_gate_only,100,5
L,8915,2025-09-25 00:00:00,0.14360341863912515,0.14360341863912515,False,True,fixed_gate_only,100,5
S,8922,2025-09-25 08:00:00,-0.3448855606867229,-0.3448855606867229,False,True,fixed_gate_only,100,5
L,9077,2025-10-02 00:00:00,0.029987942539071985,0.029987942539071985,False,True,fixed_gate_only,100,5
L,9092,2025-10-02 08:00:00,0.0,-0.05945314761651125,True,False,fixed_gate_only,100,5
L,9092,2025-10-02 16:00:00,-0.12203521079503157,-0.12203521079503157,True,True,fixed_gate_only,100,5
L,9106,2025-10-03 00:00:00,-0.14995001728791096,-0.14995001728791096,False,True,fixed_gate_only,100,5
S,9219,2025-10-07 16:00:00,0.40100178981312373,0.40100178981312373,False,True,fixed_gate_only,100,5
S,9219,2025-10-08 00:00:00,0.386732860577023,0.386732860577023,True,True,fixed_gate_only,100,5
S,9240,2025-10-08 16:00:00,0.24268804324243787,0.24268804324243787,False,True,fixed_gate_only,100,5
S,9263,2025-10-09 16:00:00,-0.009072553398465095,-0.009072553398465095,False,True,fixed_gate_only,100,5
S,9299,2025-10-11 00:00:00,-0.19744890068950074,-0.19744890068950074,True,True,fixed_gate_only,100,5
L,9435,2025-10-16 16:00:00,-0.030307639551143593,-0.030307639551143593,False,True,fixed_gate_only,100,5
S,9459,2025-10-17 16:00:00,0.22155535540381333,0.22155535540381333,False,True,fixed_gate_only,100,5
L,9523,2025-10-20 08:00:00,-0.0982602983992917,-0.0982602983992917,False,True,fixed_gate_only,100,5
S,9582,2025-10-23 00:00:00,0.09582994024367533,0.09582994024367533,False,True,fixed_gate_only,100,5
L,9603,2025-10-23 16:00:00,-0.16641084058501948,-0.16641084058501948,False,True,fixed_gate_only,100,5
S,9719,2025-10-28 16:00:00,0.18567047860097285,0.18567047860097285,False,True,fixed_gate_only,100,5
L,9730,2025-10-29 00:00:00,-0.07073785266189926,-0.07073785266189926,False,True,fixed_gate_only,100,5
S,9756,2025-10-30 00:00:00,0.0,0.1566783391695848,True,False,fixed_gate_only,100,5
S,9777,2025-10-31 00:00:00,-0.2529478218603357,-0.2529478218603357,False,True,fixed_gate_only,100,5
L,9800,2025-11-01 00:00:00,0.0511207412974536,0.0511207412974536,False,True,fixed_gate_only,100,5
L,9921,2025-11-06 00:00:00,-0.17612990504941933,-0.17612990504941933,False,True,fixed_gate_only,100,5
S,9939,2025-11-06 16:00:00,0.19927202942516437,0.19927202942516437,False,True,fixed_gate_only,100,5
S,9939,2025-11-07 00:00:00,0.002771265699288936,0.002771265699288936,True,True,fixed_gate_only,100,5
S,10066,2025-11-12 00:00:00,0.11149029999155578,0.11149029999155578,False,True,fixed_gate_only,100,5
S,10116,2025-11-14 00:00:00,0.0,0.09290184481930454,True,False,fixed_gate_only,100,5
L,10202,2025-11-17 16:00:00,-0.40126596211376014,-0.40126596211376014,False,True,fixed_gate_only,100,5
L,10231,2025-11-19 00:00:00,-0.24015332435497147,-0.24015332435497147,False,True,fixed_gate_only,100,5
S,10250,2025-11-19 16:00:00,0.275248842497059,0.275248842497059,False,True,fixed_gate_only,100,5
S,10250,2025-11-20 00:00:00,0.1263520654232049,0.1263520654232049,False,True,fixed_gate_only,100,5
S,10284,2025-11-21 00:00:00,0.0,0.27165490845865303,True,False,fixed_gate_only,100,5
S,10397,2025-11-26 00:00:00,0.02243710785045263,0.02243710785045263,False,True,fixed_gate_only,100,5
S,10422,2025-11-27 00:00:00,0.07601776320602609,0.07601776320602609,False,True,fixed_gate_only,100,5
S,10449,2025-11-28 00:00:00,0.039797867155919445,0.039797867155919445,False,True,fixed_gate_only,100,5
L,10563,2025-12-02 16:00:00,-0.22138622729952598,-0.22138622729952598,False,True,fixed_gate_only,100,5
L,10563,2025-12-03 00:00:00,-0.17722656532687095,-0.17722656532687095,True,True,fixed_gate_only,100,5
L,10583,2025-12-03 16:00:00,-0.04465144188120632,-0.04465144188120632,True,True,fixed_gate_only,100,5
S,10618,2025-12-05 00:00:00,0.3898485497359188,0.3898485497359188,False,True,fixed_gate_only,100,5
S,10642,2025-12-06 00:00:00,0.19592657419956108,0.19592657419956108,False,True,fixed_gate_only,100,5
S,10787,2025-12-12 00:00:00,0.10535681832919501,0.10535681832919501,False,True,fixed_gate_only,100,5
S,10787,2025-12-12 08:00:00,-0.010168894260439236,-0.010168894260439236,False,True,fixed_gate_only,100,5
S,10812,2025-12-13 00:00:00,0.0,-0.00945119540514283,True,False,fixed_gate_only,100,5
S,10812,2025-12-13 08:00:00,0.004300748159095834,0.004300748159095834,False,True,fixed_gate_only,100,5
L,10974,2025-12-20 00:00:00,-0.36884904472108315,-0.36884904472108315,True,True,fixed_gate_only,100,5
S,11067,2025-12-23 16:00:00,0.27220338353920476,0.27220338353920476,False,True,fixed_gate_only,100,5
S,11067,2025-12-24 00:00:00,0.10455525447941784,0.10455525447941784,False,True,fixed_gate_only,100,5
S,11094,2025-12-25 00:00:00,0.22576894634280975,0.22576894634280975,False,True,fixed_gate_only,100,5
L,11107,2025-12-25 08:00:00,-0.2598760545362797,-0.2598760545362797,False,True,fixed_gate_only,100,5
S,11117,2025-12-26 00:00:00,0.20094524159685115,0.20094524159685115,False,True,fixed_gate_only,100,5
L,11146,2025-12-27 00:00:00,-0.13512649925770434,-0.13512649925770434,False,True,fixed_gate_only,100,5
L,11232,2025-12-30 16:00:00,-0.15666360286390796,-0.15666360286390796,False,True,fixed_gate_only,100,5
L,11243,2025-12-31 00:00:00,-0.3989044473489751,-0.3989044473489751,False,True,fixed_gate_only,100,5
L,11264,2026-01-01 00:00:00,-0.1402491057036405,-0.1402491057036405,False,True,fixed_gate_only,100,5
L,11287,2026-01-02 00:00:00,0.022425350111931475,0.022425350111931475,False,True,fixed_gate_only,100,5
L,11411,2026-01-07 00:00:00,-0.1696075363210154,-0.1696075363210154,False,True,fixed_gate_only,100,5
S,11451,2026-01-08 16:00:00,0.30868976037631823,0.30868976037631823,False,True,fixed_gate_only,100,5
S,11451,2026-01-09 00:00:00,0.001960639339189632,0.001960639339189632,False,True,fixed_gate_only,100,5
S,11652,2026-01-17 00:00:00,0.0,0.1107357070464231,True,False,fixed_gate_only,100,5
S,11652,2026-01-17 08:00:00,0.33825692376932803,0.33825692376932803,False,True,fixed_gate_only,100,5
S,11731,2026-01-20 08:00:00,0.3447057229018312,0.3447057229018312,False,True,fixed_gate_only,100,5
S,11769,2026-01-22 00:00:00,0.0456262133360258,0.0456262133360258,False,True,fixed_gate_only,100,5
S,11813,2026-01-24 00:00:00,0.2036223891277147,0.2036223891277147,False,True,fixed_gate_only,100,5
S,11963,2026-01-30 00:00:00,-0.04586166130964355,-0.04586166130964355,True,True,fixed_gate_only,100,5
S,12078,2026-02-04 00:00:00,-0.15698121398701198,-0.15698121398701198,False,True,fixed_gate_only,100,5
S,12106,2026-02-05 00:00:00,-0.239563743909413,-0.239563743909413,True,True,fixed_gate_only,100,5
L,12155,2026-02-07 00:00:00,-0.07408939105414436,-0.07408939105414436,False,True,fixed_gate_only,100,5
S,12267,2026-02-11 16:00:00,-0.5194874052525771,-0.5194874052525771,False,True,fixed_gate_only,100,5
S,12267,2026-02-12 00:00:00,-0.4884112467223309,-0.4884112467223309,True,True,fixed_gate_only,100,5
L,12290,2026-02-12 16:00:00,-0.08947566750247193,-0.08947566750247193,False,True,fixed_gate_only,100,5
S,12300,2026-02-13 00:00:00,0.0,-0.1642143405382259,True,False,fixed_gate_only,100,5
L,12317,2026-02-14 00:00:00,-0.17689414710203913,-0.17689414710203913,True,True,fixed_gate_only,100,5
L,12435,2026-02-18 16:00:00,0.15245894622849288,0.15245894622849288,False,True,fixed_gate_only,100,5
S,12442,2026-02-19 00:00:00,-0.03492538404660136,-0.03492538404660136,False,True,fixed_gate_only,100,5
S,12466,2026-02-20 00:00:00,-0.31558862824365974,-0.31558862824365974,False,True,fixed_gate_only,100,5
S,12466,2026-02-20 08:00:00,-0.1882729617135136,-0.1882729617135136,True,True,fixed_gate_only,100,5
S,12586,2026-02-25 00:00:00,-0.12113236772607001,-0.12113236772607001,False,True,fixed_gate_only,100,5
S,12586,2026-02-25 08:00:00,-0.10022536893929164,-0.10022536893929164,True,True,fixed_gate_only,100,5
L,12595,2026-02-25 08:00:00,0.09769913662271282,0.09769913662271282,False,True,fixed_gate_only,100,5
L,12608,2026-02-26 00:00:00,-0.24048281605793925,-0.24048281605793925,True,True,fixed_gate_only,100,5
S,12635,2026-02-27 00:00:00,0.15574755956960248,0.15574755956960248,False,True,fixed_gate_only,100,5
L,12731,2026-03-03 00:00:00,0.27854541111055464,0.27854541111055464,True,True,fixed_gate_only,100,5
S,12796,2026-03-05 16:00:00,0.0,-0.03349896964715176,True,False,fixed_gate_only,100,5
S,12796,2026-03-06 00:00:00,-0.05804557625959242,-0.05804557625959242,False,True,fixed_gate_only,100,5
L,12917,2026-03-11 00:00:00,-0.10799035984800524,-0.10799035984800524,False,True,fixed_gate_only,100,5
L,12980,2026-03-13 08:00:00,0.0,-0.09051823639468504,True,False,fixed_gate_only,100,5
S,13132,2026-03-19 16:00:00,0.0,-0.03485696529200058,True,False,fixed_gate_only,100,5
S,13298,2026-03-26 16:00:00,0.02866570476532546,0.02866570476532546,False,True,fixed_gate_only,100,5
L,13437,2026-04-01 16:00:00,-0.19266131143878792,-0.19266131143878792,True,True,fixed_gate_only,100,5
S,13473,2026-04-03 00:00:00,-0.29620680442505226,-0.29620680442505226,False,True,fixed_gate_only,100,5
S,13497,2026-04-04 00:00:00,-0.03836275072959509,-0.03836275072959509,False,True,fixed_gate_only,100,5
S,13591,2026-04-08 00:00:00,0.041084419361290814,0.041084419361290814,False,True,fixed_gate_only,100,5
L,13610,2026-04-08 16:00:00,-0.23460568046942104,-0.23460568046942104,False,True,fixed_gate_only,100,5
L,13664,2026-04-11 00:00:00,0.017977602731649635,0.017977602731649635,True,True,fixed_gate_only,100,5
L,13755,2026-04-14 16:00:00,-0.40061414738515055,-0.40061414738515055,False,True,fixed_gate_only,100,5
L,13953,2026-04-23 00:00:00,-0.3115724158013761,-0.3115724158013761,False,True,fixed_gate_only,100,5
L,14256,2026-05-05 16:00:00,0.09628463457622544,0.09628463457622544,False,True,fixed_gate_only,100,5
L,14596,2026-05-19 16:00:00,0.0,-0.22736647960657191,True,False,fixed_gate_only,100,5
S,14600,2026-05-20 00:00:00,0.14356661319084657,0.14356661319084657,False,True,fixed_gate_only,100,5
S,14667,2026-05-22 16:00:00,0.12394048650504347,0.12394048650504347,False,True,fixed_gate_only,100,5
S,14667,2026-05-23 00:00:00,0.23713596603176423,0.23713596603176423,False,True,fixed_gate_only,100,5
S,14794,2026-05-28 00:00:00,0.24484381937254499,0.24484381937254499,False,True,fixed_gate_only,100,5
S,14968,2026-06-04 08:00:00,0.30789868999779146,0.30789868999779146,False,True,fixed_gate_only,100,5
S,15093,2026-06-09 16:00:00,0.0014556216736527107,0.0014556216736527107,False,True,fixed_gate_only,100,5
S,15293,2026-06-18 00:00:00,-0.029630115495560955,-0.029630115495560955,False,True,fixed_gate_only,100,5
S,15324,2026-06-19 00:00:00,0.0,-0.027657774616872258,True,False,fixed_gate_only,100,5
S,15324,2026-06-19 08:00:00,0.266688859052434,0.266688859052434,False,True,fixed_gate_only,100,5
L,15412,2026-06-22 16:00:00,0.0,-0.07760119940029986,True,False,fixed_gate_only,100,5
S,15434,2026-06-23 16:00:00,0.0131655395534851,0.0131655395534851,False,True,fixed_gate_only,100,5
L,15452,2026-06-24 08:00:00,0.0,-0.183067367180548,True,False,fixed_gate_only,100,5
L,15452,2026-06-24 16:00:00,-0.08873839607403405,-0.08873839607403405,False,True,fixed_gate_only,100,5
L,15483,2026-06-25 16:00:00,-0.17153444312984498,-0.17153444312984498,False,True,fixed_gate_only,100,5
S,15490,2026-06-26 00:00:00,-0.3324298449574167,-0.3324298449574167,False,True,fixed_gate_only,100,5
S,15490,2026-06-26 08:00:00,-0.06792782406909274,-0.06792782406909274,True,True,fixed_gate_only,100,5
L,15670,2026-07-03 16:00:00,-0.4010778494178852,-0.4010778494178852,False,True,fixed_gate_only,100,5
S,15803,2026-07-09 00:00:00,0.18087578896701623,0.18087578896701623,False,True,fixed_gate_only,100,5
L,15955,2026-07-15 08:00:00,-0.15407377694818447,-0.15407377694818447,False,True,fixed_gate_only,100,5
S,15988,2026-07-16 16:00:00,0.0,0.24328897964482615,True,False,fixed_gate_only,100,5
S,16010,2026-07-17 16:00:00,0.19149145724841624,0.19149145724841624,False,True,fixed_gate_only,100,5
S,16010,2026-07-18 00:00:00,0.09810354686725169,0.09810354686725169,True,True,fixed_gate_only,100,5
L,16101,2026-07-21 16:00:00,-0.16661775802251796,-0.16661775802251796,False,True,fixed_gate_only,100,5
S,16131,2026-07-22 16:00:00,0.057094184052874856,0.057094184052874856,False,True,fixed_gate_only,100,5
S,16131,2026-07-23 00:00:00,0.26177298657345155,0.26177298657345155,False,True,fixed_gate_only,100,5
S,16156,2026-07-23 16:00:00,0.0,-0.13258629314657328,True,False,fixed_gate_only,100,5
S,16156,2026-07-24 00:00:00,-0.128777421234212,-0.128777421234212,False,True,fixed_gate_only,100,5
L,16180,2026-07-24 16:00:00,0.0,-0.07100449775112444,True,False,fixed_gate_only,100,5
S,16186,2026-07-25 00:00:00,0.06883854932426278,0.06883854932426278,False,True,fixed_gate_only,100,5
S,16186,2026-07-25 08:00:00,0.21703462697973439,0.21703462697973439,True,True,fixed_gate_only,100,5
S,16308,2026-07-30 00:00:00,0.0,0.08577779141922032,True,False,fixed_gate_only,100,5
S,16308,2026-07-30 08:00:00,0.15576022955994046,0.15576022955994046,False,True,fixed_gate_only,100,5
L,16327,2026-07-31 00:00:00,-0.07958167074642601,-0.07958167074642601,False,True,fixed_gate_only,100,5
L,16634,2026-08-12 16:00:00,-0.29147122953041904,-0.29147122953041904,False,True,fixed_gate_only,100,5
L,16772,2026-08-18 08:00:00,0.0,-0.18522738630684657,True,False,fixed_gate_only,100,5
L,16846,2026-08-21 16:00:00,-0.4019189616065708,-0.4019189616065708,True,True,fixed_gate_only,100,5
S,16961,2026-08-26 08:00:00,0.1261571992032357,0.1261571992032357,False,True,fixed_gate_only,100,5
S,17015,2026-08-28 16:00:00,-0.005332427211208755,-0.005332427211208755,False,True,fixed_gate_only,100,5
L,17250,2026-09-07 08:00:00,-0.2706710776883779,-0.2706710776883779,False,True,fixed_gate_only,100,5
S,514,2024-10-10 00:00:00,0.40521268667470944,0.40521268667470944,False,True,scaled_joint,150,0
L,550,2024-10-11 16:00:00,-0.3791103933978099,-0.3791103933978099,False,True,scaled_joint,150,0
L,643,2024-10-15 08:00:00,-0.39693727800823614,-0.39693727800823614,False,True,scaled_joint,150,0
S,813,2024-10-22 16:00:00,0.40132973810541955,0.40132973810541955,False,True,scaled_joint,150,0
S,844,2024-10-23 16:00:00,0.0,0.40000870047269516,True,False,scaled_joint,150,0
S,844,2024-10-24 00:00:00,0.3903915112855002,0.3903915112855002,True,True,scaled_joint,150,0
S,1054,2024-11-01 16:00:00,0.4004153497983315,0.4004153497983315,False,True,scaled_joint,150,0
L,1156,2024-11-05 16:00:00,0.0,-0.4000151296783386,True,False,scaled_joint,150,0
L,1188,2024-11-07 00:00:00,0.0,-0.4000059943923956,True,False,scaled_joint,150,0
S,1378,2024-11-15 00:00:00,0.3887119832611159,0.3887119832611159,True,True,scaled_joint,150,0
S,1492,2024-11-19 16:00:00,0.0,0.84936,True,False,scaled_joint,150,0
S,1492,2024-11-20 00:00:00,0.6113745445805372,0.6113745445805372,False,True,scaled_joint,150,0
L,1636,2024-11-25 16:00:00,0.0,-0.9574028145164846,True,False,scaled_joint,150,0
S,1660,2024-11-26 16:00:00,0.0,0.49080144481274535,True,False,scaled_joint,150,0
L,1687,2024-11-28 00:00:00,-0.6457629247217299,-0.6457629247217299,False,True,scaled_joint,150,0
S,2001,2024-12-11 00:00:00,0.3880004618397113,0.3880004618397113,True,True,scaled_joint,150,0
L,2019,2024-12-11 16:00:00,-0.39754106390621424,-0.39754106390621424,False,True,scaled_joint,150,0
L,2019,2024-12-12 00:00:00,-0.41213679508103923,-0.41213679508103923,True,True,scaled_joint,150,0
L,2339,2024-12-25 00:00:00,-0.11148045488148971,-0.11148045488148971,False,True,scaled_joint,150,0
S,2381,2024-12-27 00:00:00,0.25048804353377074,0.25048804353377074,False,True,scaled_joint,150,0
S,2525,2025-01-02 00:00:00,0.40198166599531715,0.40198166599531715,False,True,scaled_joint,150,0
S,2691,2025-01-08 16:00:00,0.4055522927911477,0.4055522927911477,False,True,scaled_joint,150,0
S,2691,2025-01-09 00:00:00,0.4046426411899867,0.4046426411899867,False,True,scaled_joint,150,0
L,2830,2025-01-14 16:00:00,-0.30115578063804765,-0.30115578063804765,False,True,scaled_joint,150,0
L,2909,2025-01-18 00:00:00,-0.40170762500367013,-0.40170762500367013,True,True,scaled_joint,150,0
S,3034,2025-01-23 00:00:00,0.3992873067504842,0.3992873067504842,False,True,scaled_joint,150,0
S,3034,2025-01-23 08:00:00,0.39496485264914777,0.39496485264914777,False,True,scaled_joint,150,0
L,3168,2025-01-28 16:00:00,-0.16149580618462647,-0.16149580618462647,False,True,scaled_joint,150,0
L,3216,2025-01-30 16:00:00,-0.3986763185401368,-0.3986763185401368,False,True,scaled_joint,150,0
S,3395,2025-02-07 00:00:00,-0.30508328457533945,-0.30508328457533945,True,True,scaled_joint,150,0
L,3418,2025-02-08 00:00:00,0.046953797306073755,0.046953797306073755,False,True,scaled_joint,150,0
S,3514,2025-02-12 00:00:00,-0.0499772504662319,-0.0499772504662319,False,True,scaled_joint,150,0
L,3547,2025-02-13 08:00:00,-0.380646,-0.380646,False,True,scaled_joint,150,0
S,3560,2025-02-14 00:00:00,0.040960456508756696,0.040960456508756696,False,True,scaled_joint,150,0
S,3899,2025-02-28 00:00:00,0.20239450556049976,0.20239450556049976,False,True,scaled_joint,150,0
S,4000,2025-03-04 08:00:00,-0.17558532370142343,-0.17558532370142343,False,True,scaled_joint,150,0
L,4035,2025-03-05 16:00:00,-0.288110787575258,-0.288110787575258,False,True,scaled_joint,150,0
L,4156,2025-03-10 16:00:00,0.0,-0.10300996031005206,True,False,scaled_joint,150,0
L,4250,2025-03-14 16:00:00,-0.3068054428676227,-0.3068054428676227,False,True,scaled_joint,150,0
S,4347,2025-03-18 16:00:00,0.164536155945492,0.164536155945492,False,True,scaled_joint,150,0
S,4347,2025-03-19 00:00:00,0.05805893153587108,0.05805893153587108,False,True,scaled_joint,150,0
S,4394,2025-03-20 16:00:00,0.06182297414327591,0.06182297414327591,False,True,scaled_joint,150,0
S,4546,2025-03-27 00:00:00,-0.08872842717927198,-0.08872842717927198,False,True,scaled_joint,150,0
L,4683,2025-04-01 16:00:00,-0.11486887725464735,-0.11486887725464735,False,True,scaled_joint,150,0
S,4706,2025-04-02 16:00:00,-0.0018089558401804772,-0.0018089558401804772,False,True,scaled_joint,150,0
S,4706,2025-04-03 00:00:00,0.17461729305474694,0.17461729305474694,True,True,scaled_joint,150,0
L,4756,2025-04-04 16:00:00,0.0,0.08371953921007441,True,False,scaled_joint,150,0
L,4841,2025-04-08 08:00:00,0.017321616588758266,0.017321616588758266,False,True,scaled_joint,150,0
S,4859,2025-04-09 00:00:00,-0.05718054314727447,-0.05718054314727447,False,True,scaled_joint,150,0
L,4924,2025-04-11 16:00:00,0.0,0.23428000000000002,True,False,scaled_joint,150,0
S,5027,2025-04-16 00:00:00,0.013404467852578154,0.013404467852578154,False,True,scaled_joint,150,0
L,5066,2025-04-17 16:00:00,-0.20771029437711555,-0.20771029437711555,False,True,scaled_joint,150,0
S,5075,2025-04-18 00:00:00,-0.07225048127115241,-0.07225048127115241,False,True,scaled_joint,150,0
S,5075,2025-04-18 08:00:00,-0.12610867817979313,-0.12610867817979313,False,True,scaled_joint,150,0
L,5096,2025-04-19 00:00:00,0.05939702858873406,0.05939702858873406,False,True,scaled_joint,150,0
L,5194,2025-04-23 00:00:00,-0.33599588129401886,-0.33599588129401886,True,True,scaled_joint,150,0
L,5202,2025-04-23 08:00:00,-0.2674540260599321,-0.2674540260599321,False,True,scaled_joint,150,0
S,5231,2025-04-24 16:00:00,0.2854544464687359,0.2854544464687359,False,True,scaled_joint,150,0
S,5255,2025-04-25 16:00:00,0.3190509789118724,0.3190509789118724,False,True,scaled_joint,150,0
S,5426,2025-05-02 16:00:00,-0.22987671311695063,-0.22987671311695063,False,True,scaled_joint,150,0
L,5550,2025-05-08 00:00:00,0.025547765624999996,0.025547765624999996,False,True,scaled_joint,150,0
S,5734,2025-05-15 16:00:00,0.392688634396793,0.392688634396793,True,True,scaled_joint,150,0
S,5865,2025-05-21 00:00:00,0.04692236982511809,0.04692236982511809,False,True,scaled_joint,150,0
S,6054,2025-05-29 00:00:00,0.4000030464932958,0.4000030464932958,False,True,scaled_joint,150,0
S,6084,2025-05-30 00:00:00,0.0,0.3328387404161274,True,False,scaled_joint,150,0
S,6084,2025-05-30 08:00:00,0.29773444623312856,0.29773444623312856,False,True,scaled_joint,150,0
L,6222,2025-06-05 00:00:00,-0.31878104123149575,-0.31878104123149575,False,True,scaled_joint,150,0
L,6274,2025-06-07 00:00:00,-0.10763518254203648,-0.10763518254203648,True,True,scaled_joint,150,0
L,6368,2025-06-11 00:00:00,-0.394062726515422,-0.394062726515422,False,True,scaled_joint,150,0
S,6425,2025-06-13 08:00:00,-0.05495164400658896,-0.05495164400658896,False,True,scaled_joint,150,0
S,6539,2025-06-18 00:00:00,0.2193323889904666,0.2193323889904666,True,True,scaled_joint,150,0
L,6895,2025-07-03 00:00:00,-0.21338911232090896,-0.21338911232090896,False,True,scaled_joint,150,0
S,6938,2025-07-04 16:00:00,0.26126456666173375,0.26126456666173375,False,True,scaled_joint,150,0
L,7034,2025-07-08 16:00:00,-0.11153152513531406,-0.11153152513531406,False,True,scaled_joint,150,0
L,7065,2025-07-10 00:00:00,-0.25038055208725085,-0.25038055208725085,False,True,scaled_joint,150,0
L,7079,2025-07-10 16:00:00,-0.1126254680487242,-0.1126254680487242,True,True,scaled_joint,150,0
L,7106,2025-07-11 16:00:00,-0.39526615399980025,-0.39526615399980025,False,True,scaled_joint,150,0
S,7198,2025-07-15 16:00:00,0.4000967862267823,0.4000967862267823,False,True,scaled_joint,150,0
S,7378,2025-07-23 00:00:00,0.40760296914407257,0.40760296914407257,False,True,scaled_joint,150,0
S,7439,2025-07-25 16:00:00,0.4019420623864178,0.4019420623864178,False,True,scaled_joint,150,0
S,7568,2025-07-31 00:00:00,0.062241972416620314,0.062241972416620314,False,True,scaled_joint,150,0
L,7583,2025-07-31 16:00:00,-0.4001364280373687,-0.4001364280373687,False,True,scaled_joint,150,0
S,7595,2025-08-01 00:00:00,-0.04744546563826698,-0.04744546563826698,False,True,scaled_joint,150,0
S,7595,2025-08-01 08:00:00,-0.1471722797543667,-0.1471722797543667,True,True,scaled_joint,150,0
S,7708,2025-08-05 16:00:00,0.0,0.12463965490508781,True,False,scaled_joint,150,0
S,7708,2025-08-06 00:00:00,0.054159480764570174,0.054159480764570174,False,True,scaled_joint,150,0
L,7730,2025-08-06 16:00:00,-0.3281091172031156,-0.3281091172031156,False,True,scaled_joint,150,0
L,7756,2025-08-07 16:00:00,0.0,-0.17140000000000002,True,False,scaled_joint,150,0
L,7786,2025-08-09 00:00:00,-0.3954043585091087,-0.3954043585091087,False,True,scaled_joint,150,0
S,7955,2025-08-16 00:00:00,0.255332073350977,0.255332073350977,True,True,scaled_joint,150,0
S,8093,2025-08-22 00:00:00,0.10647563519907377,0.10647563519907377,False,True,scaled_joint,150,0
L,8263,2025-08-29 00:00:00,-0.08498856361512841,-0.08498856361512841,False,True,scaled_joint,150,0
L,8406,2025-09-04 00:00:00,-0.13067246091691267,-0.13067246091691267,False,True,scaled_joint,150,0
S,8426,2025-09-04 16:00:00,-0.08040638143436372,-0.08040638143436372,False,True,scaled_joint,150,0
S,8426,2025-09-05 00:00:00,-0.0994729573917202,-0.0994729573917202,False,True,scaled_joint,150,0
L,8452,2025-09-05 16:00:00,0.0,0.1382511639840413,True,False,scaled_joint,150,0
L,8594,2025-09-11 16:00:00,-0.4019686411938623,-0.4019686411938623,False,True,scaled_joint,150,0
L,8611,2025-09-12 08:00:00,-0.1945617401182044,-0.1945617401182044,False,True,scaled_joint,150,0
S,8722,2025-09-17 00:00:00,0.08137504062404254,0.08137504062404254,False,True,scaled_joint,150,0
S,8722,2025-09-17 08:00:00,0.09736694155777023,0.09736694155777023,True,True,scaled_joint,150,0
L,8735,2025-09-17 16:00:00,-0.21498356164867588,-0.21498356164867588,False,True,scaled_joint,150,0
S,8784,2025-09-19 16:00:00,-0.03607565566632731,-0.03607565566632731,False,True,scaled_joint,150,0
S,8784,2025-09-20 00:00:00,-0.17009469353961676,-0.17009469353961676,True,True,scaled_joint,150,0
L,8915,2025-09-25 00:00:00,0.14367522034844468,0.14367522034844468,False,True,scaled_joint,150,0
S,8922,2025-09-25 08:00:00,-0.3447131179063796,-0.3447131179063796,False,True,scaled_joint,150,0
L,9077,2025-10-02 00:00:00,0.03000293651034152,0.03000293651034152,False,True,scaled_joint,150,0
L,9092,2025-10-02 08:00:00,0.0,-0.0594828741903195,True,False,scaled_joint,150,0
L,9092,2025-10-02 16:00:00,-0.12209622840042907,-0.12209622840042907,True,True,scaled_joint,150,0
L,9106,2025-10-03 00:00:00,-0.15002499229655494,-0.15002499229655494,False,True,scaled_joint,150,0
L,9202,2025-10-07 00:00:00,-0.40298944230365275,-0.40298944230365275,False,True,scaled_joint,150,0
S,9219,2025-10-07 16:00:00,0.40080128891821715,0.40080128891821715,False,True,scaled_joint,150,0
S,9219,2025-10-08 00:00:00,0.38653949414673455,0.38653949414673455,True,True,scaled_joint,150,0
S,9240,2025-10-08 16:00:00,0.24256669922081664,0.24256669922081664,False,True,scaled_joint,150,0
S,9263,2025-10-09 16:00:00,-0.009068017121765862,-0.009068017121765862,False,True,scaled_joint,150,0
S,9299,2025-10-11 00:00:00,-0.197350176239156,-0.197350176239156,True,True,scaled_joint,150,0
L,9435,2025-10-16 16:00:00,-0.03032279337091916,-0.03032279337091916,False,True,scaled_joint,150,0
S,9459,2025-10-17 16:00:00,0.22144457772611142,0.22144457772611142,False,True,scaled_joint,150,0
L,9523,2025-10-20 08:00:00,-0.09830942854849135,-0.09830942854849135,False,True,scaled_joint,150,0
S,9582,2025-10-23 00:00:00,0.0957820252735535,0.0957820252735535,False,True,scaled_joint,150,0
L,9603,2025-10-23 16:00:00,-0.16649404600531195,-0.16649404600531195,False,True,scaled_joint,150,0
L,9730,2025-10-29 00:00:00,-0.07077322158823021,-0.07077322158823021,False,True,scaled_joint,150,0
S,9777,2025-10-31 00:00:00,-0.25282134794940553,-0.25282134794940553,False,True,scaled_joint,150,0
L,9800,2025-11-01 00:00:00,0.05114630166810232,0.05114630166810232,False,True,scaled_joint,150,0
L,9921,2025-11-06 00:00:00,-0.17621797000194403,-0.17621797000194403,False,True,scaled_joint,150,0
S,9939,2025-11-06 16:00:00,0.19917239341045176,0.19917239341045176,False,True,scaled_joint,150,0
S,9939,2025-11-07 00:00:00,0.0027698800664392913,0.0027698800664392913,True,True,scaled_joint,150,0
S,10066,2025-11-12 00:00:00,0.11143455484156002,0.11143455484156002,False,True,scaled_joint,150,0
S,10116,2025-11-14 00:00:00,0.0,0.0928553938968949,True,False,scaled_joint,150,0
L,10202,2025-11-17 16:00:00,-0.401466595094817,-0.401466595094817,False,True,scaled_joint,150,0
L,10231,2025-11-19 00:00:00,-0.24027340101714895,-0.24027340101714895,False,True,scaled_joint,150,0
S,10250,2025-11-19 16:00:00,0.27511121807581046,0.27511121807581046,False,True,scaled_joint,150,0
S,10250,2025-11-20 00:00:00,0.1262888893904933,0.1262888893904933,False,True,scaled_joint,150,0
S,10284,2025-11-21 00:00:00,0.0,0.2715190810044237,True,False,scaled_joint,150,0
S,10397,2025-11-26 00:00:00,0.022425889296527404,0.022425889296527404,False,True,scaled_joint,150,0
S,10422,2025-11-27 00:00:00,0.0759797543244231,0.0759797543244231,False,True,scaled_joint,150,0
S,10449,2025-11-28 00:00:00,0.03977796822234148,0.03977796822234148,False,True,scaled_joint,150,0
L,10563,2025-12-02 16:00:00,-0.22149692041317576,-0.22149692041317576,False,True,scaled_joint,150,0
L,10563,2025-12-03 00:00:00,-0.1773151786095344,-0.1773151786095344,True,True,scaled_joint,150,0
L,10583,2025-12-03 16:00:00,-0.04467376760214692,-0.04467376760214692,True,True,scaled_joint,150,0
S,10618,2025-12-05 00:00:00,0.38965362546105087,0.38965362546105087,False,True,scaled_joint,150,0
S,10642,2025-12-06 00:00:00,0.1958286109124613,0.1958286109124613,False,True,scaled_joint,150,0
S,10787,2025-12-12 00:00:00,0.10530413992003042,0.10530413992003042,False,True,scaled_joint,150,0
S,10787,2025-12-12 08:00:00,-0.010163809813309018,-0.010163809813309018,False,True,scaled_joint,150,0
S,10812,2025-12-13 00:00:00,0.0,-0.009446469807440258,True,False,scaled_joint,150,0
S,10812,2025-12-13 08:00:00,0.004298597785016287,0.004298597785016287,False,True,scaled_joint,150,0
L,10974,2025-12-20 00:00:00,-0.36903346924344366,-0.36903346924344366,True,True,scaled_joint,150,0
S,11067,2025-12-23 16:00:00,0.27206728184743517,0.27206728184743517,False,True,scaled_joint,150,0
S,11094,2025-12-25 00:00:00,0.22565606186963838,0.22565606186963838,False,True,scaled_joint,150,0
L,11107,2025-12-25 08:00:00,-0.26000599256354784,-0.26000599256354784,False,True,scaled_joint,150,0
S,11117,2025-12-26 00:00:00,0.2008447689760527,0.2008447689760527,False,True,scaled_joint,150,0
L,11146,2025-12-27 00:00:00,-0.1351940625073332,-0.1351940625073332,False,True,scaled_joint,150,0
L,11232,2025-12-30 16:00:00,-0.15674193466533992,-0.15674193466533992,False,True,scaled_joint,150,0
L,11243,2025-12-31 00:00:00,-0.39910389957264963,-0.39910389957264963,False,True,scaled_joint,150,0
L,11264,2026-01-01 00:00:00,-0.1403192302564923,-0.1403192302564923,False,True,scaled_joint,150,0
L,11287,2026-01-02 00:00:00,0.02243656278698744,0.02243656278698744,False,True,scaled_joint,150,0
L,11411,2026-01-07 00:00:00,-0.16969234008917589,-0.16969234008917589,False,True,scaled_joint,150,0
S,11451,2026-01-08 16:00:00,0.3085354154961301,0.3085354154961301,False,True,scaled_joint,150,0
S,11451,2026-01-09 00:00:00,0.001959659019520037,0.001959659019520037,False,True,scaled_joint,150,0
L,11570,2026-01-13 16:00:00,-0.3654359707156272,-0.3654359707156272,False,True,scaled_joint,150,0
S,11731,2026-01-20 08:00:00,0.3445333700403803,0.3445333700403803,False,True,scaled_joint,150,0
S,11769,2026-01-22 00:00:00,0.04560340022935779,0.04560340022935779,False,True,scaled_joint,150,0
L,11891,2026-01-27 00:00:00,-0.05261670597886054,-0.05261670597886054,False,True,scaled_joint,150,0
S,11963,2026-01-30 00:00:00,-0.04583873047898873,-0.04583873047898873,True,True,scaled_joint,150,0
S,12078,2026-02-04 00:00:00,-0.15690272338001848,-0.15690272338001848,False,True,scaled_joint,150,0
S,12106,2026-02-05 00:00:00,-0.23944396203745832,-0.23944396203745832,True,True,scaled_joint,150,0
L,12155,2026-02-07 00:00:00,-0.07412643574967141,-0.07412643574967141,False,True,scaled_joint,150,0
S,12267,2026-02-11 16:00:00,-0.5192276615499508,-0.5192276615499508,False,True,scaled_joint,150,0
S,12267,2026-02-12 00:00:00,-0.4881670410989698,-0.4881670410989698,True,True,scaled_joint,150,0
L,12290,2026-02-12 16:00:00,-0.08952040533622317,-0.08952040533622317,False,True,scaled_joint,150,0
S,12300,2026-02-13 00:00:00,0.0,-0.16413223336795676,True,False,scaled_joint,150,0
L,12317,2026-02-14 00:00:00,-0.17698259417559017,-0.17698259417559017,True,True,scaled_joint,150,0
S,12415,2026-02-18 00:00:00,-0.18949045184721736,-0.18949045184721736,False,True,scaled_joint,150,0
L,12435,2026-02-18 16:00:00,0.15253517570160713,0.15253517570160713,False,True,scaled_joint,150,0
S,12442,2026-02-19 00:00:00,-0.034907921354578056,-0.034907921354578056,False,True,scaled_joint,150,0
S,12586,2026-02-25 00:00:00,-0.121071801542207,-0.121071801542207,False,True,scaled_joint,150,0
S,12586,2026-02-25 08:00:00,-0.100175256254822,-0.100175256254822,True,True,scaled_joint,150,0
L,12595,2026-02-25 08:00:00,0.09774798619102415,0.09774798619102415,False,True,scaled_joint,150,0
L,12608,2026-02-26 00:00:00,-0.24060305746596816,-0.24060305746596816,True,True,scaled_joint,150,0
S,12635,2026-02-27 00:00:00,0.15566968578981769,0.15566968578981769,False,True,scaled_joint,150,0
L,12731,2026-03-03 00:00:00,0.27868468381611,0.27868468381611,True,True,scaled_joint,150,0
S,12796,2026-03-05 16:00:00,0.0,-0.03348222016232818,True,False,scaled_joint,150,0
S,12796,2026-03-06 00:00:00,-0.058016553471462624,-0.058016553471462624,False,True,scaled_joint,150,0
L,12917,2026-03-11 00:00:00,-0.10804435502792924,-0.10804435502792924,False,True,scaled_joint,150,0
S,12935,2026-03-11 16:00:00,-0.0029389322803553804,-0.0029389322803553804,False,True,scaled_joint,150,0
L,12980,2026-03-13 08:00:00,0.0,-0.09056349551288237,True,False,scaled_joint,150,0
S,13132,2026-03-19 16:00:00,0.0,-0.03483953680935459,True,False,scaled_joint,150,0
L,13437,2026-04-01 16:00:00,-0.19275764209450733,-0.19275764209450733,True,True,scaled_joint,150,0
S,13473,2026-04-03 00:00:00,-0.29605870102283977,-0.29605870102283977,False,True,scaled_joint,150,0
S,13497,2026-04-04 00:00:00,-0.0383435693542303,-0.0383435693542303,False,True,scaled_joint,150,0
L,13610,2026-04-08 16:00:00,-0.23472298330965574,-0.23472298330965574,False,True,scaled_joint,150,0
S,13629,2026-04-09 16:00:00,-0.059663893016072334,-0.059663893016072334,False,True,scaled_joint,150,0
L,13664,2026-04-11 00:00:00,0.01798659153301546,0.01798659153301546,True,True,scaled_joint,150,0
L,13755,2026-04-14 16:00:00,-0.40081445445884306,-0.40081445445884306,False,True,scaled_joint,150,0
S,13763,2026-04-15 00:00:00,0.14027304853576408,0.14027304853576408,False,True,scaled_joint,150,0
S,13810,2026-04-17 00:00:00,-0.15369298906466985,-0.15369298906466985,False,True,scaled_joint,150,0
S,13929,2026-04-22 00:00:00,-0.14718659320939223,-0.14718659320939223,False,True,scaled_joint,150,0
L,13953,2026-04-23 00:00:00,-0.31172820200927676,-0.31172820200927676,False,True,scaled_joint,150,0
S,13964,2026-04-23 08:00:00,0.0,0.4000016856015912,True,False,scaled_joint,150,0
S,13964,2026-04-23 16:00:00,-0.07834937261908775,-0.07834937261908775,False,True,scaled_joint,150,0
L,14256,2026-05-05 16:00:00,0.09633277689351354,0.09633277689351354,False,True,scaled_joint,150,0
L,14596,2026-05-19 16:00:00,0.0,-0.22748016284637518,True,False,scaled_joint,150,0
S,14600,2026-05-20 00:00:00,0.14349482988425116,0.14349482988425116,False,True,scaled_joint,150,0
S,14667,2026-05-22 16:00:00,0.12387851626179094,0.12387851626179094,False,True,scaled_joint,150,0
S,14667,2026-05-23 00:00:00,0.23701739804874836,0.23701739804874836,False,True,scaled_joint,150,0
L,14743,2026-05-26 00:00:00,-0.13056923835942708,-0.13056923835942708,False,True,scaled_joint,150,0
S,14794,2026-05-28 00:00:00,0.24472139746285873,0.24472139746285873,False,True,scaled_joint,150,0
S,14968,2026-06-04 08:00:00,0.3077447406527926,0.3077447406527926,False,True,scaled_joint,150,0
S,15093,2026-06-09 16:00:00,0.0014548938628158846,0.0014548938628158846,False,True,scaled_joint,150,0
S,15324,2026-06-19 00:00:00,0.0,-0.027643945729563826,True,False,scaled_joint,150,0
S,15324,2026-06-19 08:00:00,0.2665555146229078,0.2665555146229078,False,True,scaled_joint,150,0
L,15412,2026-06-22 16:00:00,0.0,-0.07764,True,False,scaled_joint,150,0
S,15434,2026-06-23 16:00:00,0.01315895678370836,0.01315895678370836,False,True,scaled_joint,150,0
L,15452,2026-06-24 08:00:00,0.0,-0.18315890086413825,True,False,scaled_joint,150,0
L,15452,2026-06-24 16:00:00,-0.08878276527207106,-0.08878276527207106,False,True,scaled_joint,150,0
L,15483,2026-06-25 16:00:00,-0.1716202103514099,-0.1716202103514099,False,True,scaled_joint,150,0
L,15670,2026-07-03 16:00:00,-0.40127838834259405,-0.40127838834259405,False,True,scaled_joint,150,0
S,15803,2026-07-09 00:00:00,0.18078535107253277,0.18078535107253277,False,True,scaled_joint,150,0
L,15955,2026-07-15 08:00:00,-0.15415081383665855,-0.15415081383665855,False,True,scaled_joint,150,0
S,15988,2026-07-16 16:00:00,0.0,0.24316733515500374,True,False,scaled_joint,150,0
S,16010,2026-07-17 16:00:00,0.191395711519792,0.191395711519792,False,True,scaled_joint,150,0
S,16010,2026-07-18 00:00:00,0.09805449509381804,0.09805449509381804,True,True,scaled_joint,150,0
L,16101,2026-07-21 16:00:00,-0.16670106690152922,-0.16670106690152922,False,True,scaled_joint,150,0
S,16131,2026-07-22 16:00:00,0.057065636960848425,0.057065636960848425,False,True,scaled_joint,150,0
S,16131,2026-07-23 00:00:00,0.26164210008016486,0.26164210008016486,False,True,scaled_joint,150,0
S,16156,2026-07-23 16:00:00,0.0,-0.13252000000000003,True,False,scaled_joint,150,0
S,16156,2026-07-24 00:00:00,-0.1287130325235949,-0.1287130325235949,False,True,scaled_joint,150,0
L,16180,2026-07-24 16:00:00,0.0,-0.07103999999999999,True,False,scaled_joint,150,0
S,16186,2026-07-25 00:00:00,0.06880413004960065,0.06880413004960065,False,True,scaled_joint,150,0
S,16186,2026-07-25 08:00:00,0.21692610966624448,0.21692610966624448,True,True,scaled_joint,150,0
S,16270,2026-07-28 16:00:00,-0.14689557328193203,-0.14689557328193203,False,True,scaled_joint,150,0
L,16327,2026-07-31 00:00:00,-0.07962146158179921,-0.07962146158179921,False,True,scaled_joint,150,0
L,16634,2026-08-12 16:00:00,-0.29161696514518426,-0.29161696514518426,False,True,scaled_joint,150,0
L,16772,2026-08-18 08:00:00,0.0,-0.18531999999999998,True,False,scaled_joint,150,0
L,16846,2026-08-21 16:00:00,-0.40211992108737404,-0.40211992108737404,True,True,scaled_joint,150,0
S,16961,2026-08-26 08:00:00,0.1260941206036341,0.1260941206036341,False,True,scaled_joint,150,0
S,17015,2026-08-28 16:00:00,-0.005329760997603151,-0.005329760997603151,False,True,scaled_joint,150,0
L,17250,2026-09-07 08:00:00,-0.2708064132272221,-0.2708064132272221,False,True,scaled_joint,150,0
S,514,2024-10-10 00:00:00,0.4052937454237942,0.4052937454237942,False,True,scaled_joint,150,2
L,550,2024-10-11 16:00:00,-0.37903458648051375,-0.37903458648051375,False,True,scaled_joint,150,2
L,643,2024-10-15 08:00:00,-0.3968579064269508,-0.3968579064269508,False,True,scaled_joint,150,2
S,813,2024-10-22 16:00:00,0.40141002010944143,0.40141002010944143,False,True,scaled_joint,150,2
S,844,2024-10-23 16:00:00,0.0,0.40008871821633835,True,False,scaled_joint,150,2
S,844,2024-10-24 00:00:00,0.3904696052065415,0.3904696052065415,True,True,scaled_joint,150,2
S,1054,2024-11-01 16:00:00,0.40049544888810906,0.40049544888810906,False,True,scaled_joint,150,2
L,1156,2024-11-05 16:00:00,0.0,-0.3999351426498086,True,False,scaled_joint,150,2
L,1188,2024-11-07 00:00:00,0.0,-0.3999260091905575,True,False,scaled_joint,150,2
S,1378,2024-11-15 00:00:00,0.3887897412093577,0.3887897412093577,True,True,scaled_joint,150,2
S,1492,2024-11-19 16:00:00,0.0,0.8495299059811962,True,False,scaled_joint,150,2
S,1492,2024-11-20 00:00:00,0.611496843949327,0.611496843949327,False,True,scaled_joint,150,2
L,1636,2024-11-25 16:00:00,0.0,-0.9572113722420361,True,False,scaled_joint,150,2
S,1660,2024-11-26 16:00:00,0.0,0.49089962473769294,True,False,scaled_joint,150,2
L,1687,2024-11-28 00:00:00,-0.6456337979621374,-0.6456337979621374,False,True,scaled_joint,150,2
S,2001,2024-12-11 00:00:00,0.38807807745520234,0.38807807745520234,True,True,scaled_joint,150,2
L,2019,2024-12-11 16:00:00,-0.39746157159189593,-0.39746157159189593,False,True,scaled_joint,150,2
L,2019,2024-12-12 00:00:00,-0.41205438420419854,-0.41205438420419854,True,True,scaled_joint,150,2
L,2339,2024-12-25 00:00:00,-0.11145816324883993,-0.11145816324883993,False,True,scaled_joint,150,2
S,2381,2024-12-27 00:00:00,0.2505381511640036,0.2505381511640036,False,True,scaled_joint,150,2
S,2525,2025-01-02 00:00:00,0.40206207841099934,0.40206207841099934,False,True,scaled_joint,150,2
S,2691,2025-01-08 16:00:00,0.4056334194750427,0.4056334194750427,False,True,scaled_joint,150,2
S,2691,2025-01-09 00:00:00,0.40472358590716817,0.40472358590716817,False,True,scaled_joint,150,2
L,2830,2025-01-14 16:00:00,-0.30109556152574246,-0.30109556152574246,False,True,scaled_joint,150,2
L,2909,2025-01-18 00:00:00,-0.40162729954376136,-0.40162729954376136,True,True,scaled_joint,150,2
S,3034,2025-01-23 00:00:00,0.3993671801865215,0.3993671801865215,False,True,scaled_joint,150,2
S,3034,2025-01-23 08:00:00,0.39504386142143205,0.39504386142143205,False,True,scaled_joint,150,2
L,3168,2025-01-28 16:00:00,-0.16146351348193008,-0.16146351348193008,False,True,scaled_joint,150,2
L,3216,2025-01-30 16:00:00,-0.39859659922029284,-0.39859659922029284,False,True,scaled_joint,150,2
S,3395,2025-02-07 00:00:00,-0.3051443134380271,-0.3051443134380271,True,True,scaled_joint,150,2
L,3418,2025-02-08 00:00:00,0.04694440842438888,0.04694440842438888,False,True,scaled_joint,150,2
S,3514,2025-02-12 00:00:00,-0.04998724791581507,-0.04998724791581507,False,True,scaled_joint,150,2
L,3547,2025-02-13 08:00:00,-0.38056988602279546,-0.38056988602279546,False,True,scaled_joint,150,2
S,3560,2025-02-14 00:00:00,0.04096865023880446,0.04096865023880446,False,True,scaled_joint,150,2
S,3899,2025-02-28 00:00:00,0.20243499255901157,0.20243499255901157,False,True,scaled_joint,150,2
S,4000,2025-03-04 08:00:00,-0.17562044779098163,-0.17562044779098163,False,True,scaled_joint,150,2
L,4035,2025-03-05 16:00:00,-0.28805317693987,-0.28805317693987,False,True,scaled_joint,150,2
L,4156,2025-03-10 16:00:00,0.0,-0.10298936243756455,True,False,scaled_joint,150,2
L,4250,2025-03-14 16:00:00,-0.3067440940488129,-0.3067440940488129,False,True,scaled_joint,150,2
S,4347,2025-03-18 16:00:00,0.16456906975944385,0.16456906975944385,False,True,scaled_joint,150,2
S,4347,2025-03-19 00:00:00,0.05807054564500007,0.05807054564500007,False,True,scaled_joint,150,2
S,4394,2025-03-20 16:00:00,0.061835341211518215,0.061835341211518215,False,True,scaled_joint,150,2
S,4546,2025-03-27 00:00:00,-0.08874617641455489,-0.08874617641455489,False,True,scaled_joint,150,2
L,4683,2025-04-01 16:00:00,-0.11484590807303276,-0.11484590807303276,False,True,scaled_joint,150,2
S,4706,2025-04-02 16:00:00,-0.0018093177037212219,-0.0018093177037212219,False,True,scaled_joint,150,2
S,4706,2025-04-03 00:00:00,0.1746522234994469,0.1746522234994469,True,True,scaled_joint,150,2
L,4756,2025-04-04 16:00:00,0.0,0.08370279865034434,True,False,scaled_joint,150,2
L,4841,2025-04-08 08:00:00,0.017318152958166633,0.017318152958166633,False,True,scaled_joint,150,2
S,4859,2025-04-09 00:00:00,-0.057191981543583174,-0.057191981543583174,False,True,scaled_joint,150,2
L,4924,2025-04-11 16:00:00,0.0,0.23423315336932612,True,False,scaled_joint,150,2
S,5027,2025-04-16 00:00:00,0.013407149282434642,0.013407149282434642,False,True,scaled_joint,150,2
L,5066,2025-04-17 16:00:00,-0.20766876062499057,-0.20766876062499057,False,True,scaled_joint,150,2
S,5075,2025-04-18 00:00:00,-0.07226493425800401,-0.07226493425800401,False,True,scaled_joint,150,2
S,5075,2025-04-18 08:00:00,-0.12613390496078528,-0.12613390496078528,False,True,scaled_joint,150,2
L,5096,2025-04-19 00:00:00,0.05938515155842237,0.05938515155842237,False,True,scaled_joint,150,2
S,5231,2025-04-24 16:00:00,0.2855115487784916,0.2855115487784916,False,True,scaled_joint,150,2
S,5255,2025-04-25 16:00:00,0.31911480187224683,0.31911480187224683,False,True,scaled_joint,150,2
S,5426,2025-05-02 16:00:00,-0.2299226976564819,-0.2299226976564819,False,True,scaled_joint,150,2
L,5550,2025-05-08 00:00:00,0.025542657093581285,0.025542657093581285,False,True,scaled_joint,150,2
S,5734,2025-05-15 16:00:00,0.3927671878343599,0.3927671878343599,True,True,scaled_joint,150,2
S,5865,2025-05-21 00:00:00,0.04693175617635336,0.04693175617635336,False,True,scaled_joint,150,2
S,6054,2025-05-29 00:00:00,0.400083063105917,0.400083063105917,False,True,scaled_joint,150,2
S,6084,2025-05-30 00:00:00,0.0,0.33290532148042346,True,False,scaled_joint,150,2
S,6084,2025-05-30 08:00:00,0.29779400503413533,0.29779400503413533,False,True,scaled_joint,150,2
L,6222,2025-06-05 00:00:00,-0.3187172977719414,-0.3187172977719414,False,True,scaled_joint,150,2
L,6274,2025-06-07 00:00:00,-0.10761365981007448,-0.10761365981007448,True,True,scaled_joint,150,2
L,6368,2025-06-11 00:00:00,-0.39398392972947616,-0.39398392972947616,False,True,scaled_joint,150,2
S,6425,2025-06-13 08:00:00,-0.054962636533895735,-0.054962636533895735,False,True,scaled_joint,150,2
S,6539,2025-06-18 00:00:00,0.21937626424331524,0.21937626424331524,True,True,scaled_joint,150,2
L,6895,2025-07-03 00:00:00,-0.21334644303230246,-0.21334644303230246,False,True,scaled_joint,150,2
S,6938,2025-07-04 16:00:00,0.2613168300277392,0.2613168300277392,False,True,scaled_joint,150,2
L,7034,2025-07-08 16:00:00,-0.11150922329065593,-0.11150922329065593,False,True,scaled_joint,150,2
L,7065,2025-07-10 00:00:00,-0.2503304859900529,-0.2503304859900529,False,True,scaled_joint,150,2
L,7079,2025-07-10 16:00:00,-0.11260294745923234,-0.11260294745923234,True,True,scaled_joint,150,2
L,7106,2025-07-11 16:00:00,-0.39518711657648503,-0.39518711657648503,False,True,scaled_joint,150,2
S,7198,2025-07-15 16:00:00,0.4001768215911004,0.4001768215911004,False,True,scaled_joint,150,2
S,7378,2025-07-23 00:00:00,0.4076845060452816,0.4076845060452816,False,True,scaled_joint,150,2
S,7439,2025-07-25 16:00:00,0.4020224668797937,0.4020224668797937,False,True,scaled_joint,150,2
S,7568,2025-07-31 00:00:00,0.06225442330128058,0.06225442330128058,False,True,scaled_joint,150,2
L,7583,2025-07-31 16:00:00,-0.40005641675401793,-0.40005641675401793,False,True,scaled_joint,150,2
S,7595,2025-08-01 00:00:00,-0.047454956629592884,-0.047454956629592884,False,True,scaled_joint,150,2
S,7595,2025-08-01 08:00:00,-0.14720172009838636,-0.14720172009838636,True,True,scaled_joint,150,2
S,7708,2025-08-05 16:00:00,0.0,0.12466458782265234,True,False,scaled_joint,150,2
S,7708,2025-08-06 00:00:00,0.054170314827535676,0.054170314827535676,False,True,scaled_joint,150,2
L,7730,2025-08-06 16:00:00,-0.32804350850141534,-0.32804350850141534,False,True,scaled_joint,150,2
L,7756,2025-08-07 16:00:00,0.0,-0.17136572685462909,True,False,scaled_joint,150,2
L,7786,2025-08-09 00:00:00,-0.3953252934504186,-0.3953252934504186,False,True,scaled_joint,150,2
S,7955,2025-08-16 00:00:00,0.25538314998097317,0.25538314998097317,True,True,scaled_joint,150,2
S,8093,2025-08-22 00:00:00,0.10649693458599097,0.10649693458599097,False,True,scaled_joint,150,2
L,8263,2025-08-29 00:00:00,-0.08497156930126815,-0.08497156930126815,False,True,scaled_joint,150,2
L,8406,2025-09-04 00:00:00,-0.13064633165058254,-0.13064633165058254,False,True,scaled_joint,150,2
S,8426,2025-09-04 16:00:00,-0.08042246592754923,-0.08042246592754923,False,True,scaled_joint,150,2
S,8426,2025-09-05 00:00:00,-0.09949285596291278,-0.09949285596291278,False,True,scaled_joint,150,2
L,8452,2025-09-05 16:00:00,0.0,0.13822351928018528,True,False,scaled_joint,150,2
L,8594,2025-09-11 16:00:00,-0.40188826354115403,-0.40188826354115403,False,True,scaled_joint,150,2
L,8611,2025-09-12 08:00:00,-0.1945228355510942,-0.1945228355510942,False,True,scaled_joint,150,2
S,8722,2025-09-17 00:00:00,0.08139131888782011,0.08139131888782011,False,True,scaled_joint,150,2
S,8722,2025-09-17 08:00:00,0.09738641884153854,0.09738641884153854,True,True,scaled_joint,150,2
L,8735,2025-09-17 16:00:00,-0.2149405735339691,-0.2149405735339691,False,True,scaled_joint,150,2
S,8784,2025-09-19 16:00:00,-0.036082872240775464,-0.036082872240775464,False,True,scaled_joint,150,2
S,8784,2025-09-20 00:00:00,-0.17012871928347345,-0.17012871928347345,True,True,scaled_joint,150,2
L,8915,2025-09-25 00:00:00,0.14364649105023466,0.14364649105023466,False,True,scaled_joint,150,2
S,8922,2025-09-25 08:00:00,-0.34478207432124375,-0.34478207432124375,False,True,scaled_joint,150,2
L,9077,2025-10-02 00:00:00,0.02999693712291694,0.02999693712291694,False,True,scaled_joint,150,2
L,9092,2025-10-02 08:00:00,0.0,-0.05947097999432064,True,False,scaled_joint,150,2
L,9092,2025-10-02 16:00:00,-0.12207181403762156,-0.12207181403762156,True,True,scaled_joint,150,2
L,9106,2025-10-03 00:00:00,-0.14999499329789537,-0.14999499329789537,False,True,scaled_joint,150,2
L,9202,2025-10-07 00:00:00,-0.4029088605315465,-0.4029088605315465,False,True,scaled_joint,150,2
S,9219,2025-10-07 16:00:00,0.4008814652112594,0.4008814652112594,False,True,scaled_joint,150,2
S,9219,2025-10-08 00:00:00,0.3866168175102365,0.3866168175102365,True,True,scaled_joint,150,2
S,9240,2025-10-08 16:00:00,0.24261522226526971,0.24261522226526971,False,True,scaled_joint,150,2
S,9263,2025-10-09 16:00:00,-0.009069831087983461,-0.009069831087983461,False,True,scaled_joint,150,2
S,9299,2025-10-11 00:00:00,-0.19738965416999,-0.19738965416999,True,True,scaled_joint,150,2
L,9435,2025-10-16 16:00:00,-0.030316730024914182,-0.030316730024914182,False,True,scaled_joint,150,2
S,9459,2025-10-17 16:00:00,0.22148887550121166,0.22148887550121166,False,True,scaled_joint,150,2
L,9523,2025-10-20 08:00:00,-0.09828977059437248,-0.09828977059437248,False,True,scaled_joint,150,2
S,9582,2025-10-23 00:00:00,0.09580118551065563,0.09580118551065563,False,True,scaled_joint,150,2
L,9603,2025-10-23 16:00:00,-0.16646075385454107,-0.16646075385454107,False,True,scaled_joint,150,2
L,9730,2025-10-29 00:00:00,-0.07075906977427535,-0.07075906977427535,False,True,scaled_joint,150,2
S,9777,2025-10-31 00:00:00,-0.25287192233387235,-0.25287192233387235,False,True,scaled_joint,150,2
L,9800,2025-11-01 00:00:00,0.05113607445321168,0.05113607445321168,False,True,scaled_joint,150,2
L,9921,2025-11-06 00:00:00,-0.17618273345525298,-0.17618273345525298,False,True,scaled_joint,150,2
S,9939,2025-11-06 16:00:00,0.1992122358576233,0.1992122358576233,False,True,scaled_joint,150,2
S,9939,2025-11-07 00:00:00,0.002770434153269945,0.002770434153269945,True,True,scaled_joint,150,2
S,10066,2025-11-12 00:00:00,0.11145684621080218,0.11145684621080218,False,True,scaled_joint,150,2
S,10116,2025-11-14 00:00:00,0.0,0.09287396869063301,True,False,scaled_joint,150,2
L,10202,2025-11-17 16:00:00,-0.4013863178312507,-0.4013863178312507,False,True,scaled_joint,150,2
L,10231,2025-11-19 00:00:00,-0.24022535594595973,-0.24022535594595973,False,True,scaled_joint,150,2
S,10250,2025-11-19 16:00:00,0.2751662513260757,0.2751662513260757,False,True,scaled_joint,150,2
S,10250,2025-11-20 00:00:00,0.12631415222093748,0.12631415222093748,False,True,scaled_joint,150,2
S,10284,2025-11-21 00:00:00,0.0,0.2715733956835604,True,False,scaled_joint,150,2
S,10397,2025-11-26 00:00:00,0.022430375371601727,0.022430375371601727,False,True,scaled_joint,150,2
S,10422,2025-11-27 00:00:00,0.07599495331508611,0.07599495331508611,False,True,scaled_joint,150,2
S,10449,2025-11-28 00:00:00,0.03978592540742296,0.03978592540742296,False,True,scaled_joint,150,2
L,10563,2025-12-02 16:00:00,-0.2214526298871983,-0.2214526298871983,False,True,scaled_joint,150,2
L,10563,2025-12-03 00:00:00,-0.17727972266500144,-0.17727972266500144,True,True,scaled_joint,150,2
L,10583,2025-12-03 16:00:00,-0.04466483463521988,-0.04466483463521988,True,True,scaled_joint,150,2
S,10618,2025-12-05 00:00:00,0.38973157177540596,0.38973157177540596,False,True,scaled_joint,150,2
S,10642,2025-12-06 00:00:00,0.19586778446935516,0.19586778446935516,False,True,scaled_joint,150,2
S,10787,2025-12-12 00:00:00,0.10532520496102261,0.10532520496102261,False,True,scaled_joint,150,2
S,10787,2025-12-12 08:00:00,-0.010165842981905397,-0.010165842981905397,False,True,scaled_joint,150,2
S,10812,2025-12-13 00:00:00,0.0,-0.009448359479336126,True,False,scaled_joint,150,2
S,10812,2025-12-13 08:00:00,0.0042994576765515964,0.0042994576765515964,False,True,scaled_joint,150,2
L,10974,2025-12-20 00:00:00,-0.3689596773079821,-0.3689596773079821,True,True,scaled_joint,150,2
S,11067,2025-12-23 16:00:00,0.27212170618867293,0.27212170618867293,False,True,scaled_joint,150,2
S,11067,2025-12-24 00:00:00,0.10452388162850386,0.10452388162850386,False,True,scaled_joint,150,2
S,11094,2025-12-25 00:00:00,0.2257012021100604,0.2257012021100604,False,True,scaled_joint,150,2
L,11107,2025-12-25 08:00:00,-0.2599540017631952,-0.2599540017631952,False,True,scaled_joint,150,2
S,11117,2025-12-26 00:00:00,0.20088494596524575,0.20088494596524575,False,True,scaled_joint,150,2
L,11146,2025-12-27 00:00:00,-0.13516702910151288,-0.13516702910151288,False,True,scaled_joint,150,2
L,11232,2025-12-30 16:00:00,-0.1567105925468306,-0.1567105925468306,False,True,scaled_joint,150,2
L,11243,2025-12-31 00:00:00,-0.3990240947536989,-0.3990240947536989,False,True,scaled_joint,150,2
L,11264,2026-01-01 00:00:00,-0.14029117202208788,-0.14029117202208788,False,True,scaled_joint,150,2
L,11287,2026-01-02 00:00:00,0.0224320763717131,0.0224320763717131,False,True,scaled_joint,150,2
L,11411,2026-01-07 00:00:00,-0.1696584084074944,-0.1696584084074944,False,True,scaled_joint,150,2
S,11451,2026-01-08 16:00:00,0.30859713492311475,0.30859713492311475,False,True,scaled_joint,150,2
S,11451,2026-01-09 00:00:00,0.0019600510297259825,0.0019600510297259825,False,True,scaled_joint,150,2
L,11570,2026-01-13 16:00:00,-0.36536289813600004,-0.36536289813600004,False,True,scaled_joint,150,2
S,11731,2026-01-20 08:00:00,0.34460229049848,0.34460229049848,False,True,scaled_joint,150,2
S,11769,2026-01-22 00:00:00,0.04561252273390457,0.04561252273390457,False,True,scaled_joint,150,2
L,11891,2026-01-27 00:00:00,-0.052606184741912164,-0.052606184741912164,False,True,scaled_joint,150,2
S,11963,2026-01-30 00:00:00,-0.045847900059000524,-0.045847900059000524,True,True,scaled_joint,150,2
S,12078,2026-02-04 00:00:00,-0.1569341102020589,-0.1569341102020589,False,True,scaled_joint,150,2
S,12106,2026-02-05 00:00:00,-0.23949186040954026,-0.23949186040954026,True,True,scaled_joint,150,2
L,12155,2026-02-07 00:00:00,-0.07411161342698602,-0.07411161342698602,False,True,scaled_joint,150,2
S,12267,2026-02-11 16:00:00,-0.5193315278555218,-0.5193315278555218,False,True,scaled_joint,150,2
S,12267,2026-02-12 00:00:00,-0.4882646940377773,-0.4882646940377773,True,True,scaled_joint,150,2
L,12290,2026-02-12 16:00:00,-0.08950250483525614,-0.08950250483525614,False,True,scaled_joint,150,2
S,12300,2026-02-13 00:00:00,0.0,-0.16416506638123302,True,False,scaled_joint,150,2
L,12317,2026-02-14 00:00:00,-0.17694720473464326,-0.17694720473464326,True,True,scaled_joint,150,2
S,12415,2026-02-18 00:00:00,-0.1895283575187211,-0.1895283575187211,False,True,scaled_joint,150,2
L,12435,2026-02-18 16:00:00,0.1525046747666538,0.1525046747666538,False,True,scaled_joint,150,2
S,12442,2026-02-19 00:00:00,-0.034914904335445154,-0.034914904335445154,False,True,scaled_joint,150,2
S,12586,2026-02-25 00:00:00,-0.12109602074635627,-0.12109602074635627,False,True,scaled_joint,150,2
S,12586,2026-02-25 08:00:00,-0.10019529531388478,-0.10019529531388478,True,True,scaled_joint,150,2
L,12595,2026-02-25 08:00:00,0.09772844050292358,0.09772844050292358,False,True,scaled_joint,150,2
L,12608,2026-02-26 00:00:00,-0.24055494647667286,-0.24055494647667286,True,True,scaled_joint,150,2
S,12635,2026-02-27 00:00:00,0.15570082595500867,0.15570082595500867,False,True,scaled_joint,150,2
L,12731,2026-03-03 00:00:00,0.2786289580245051,0.2786289580245051,True,True,scaled_joint,150,2
S,12796,2026-03-05 16:00:00,0.0,-0.03348891794591737,True,False,scaled_joint,150,2
S,12796,2026-03-06 00:00:00,-0.05802815910328329,-0.05802815910328329,False,True,scaled_joint,150,2
L,12917,2026-03-11 00:00:00,-0.10802275047783368,-0.10802275047783368,False,True,scaled_joint,150,2
S,12935,2026-03-11 16:00:00,-0.0029395201843922586,-0.0029395201843922586,False,True,scaled_joint,150,2
L,12980,2026-03-13 08:00:00,0.0,-0.09054538643559526,True,False,scaled_joint,150,2
S,13132,2026-03-19 16:00:00,0.0,-0.0348465061105767,True,False,scaled_joint,150,2
L,13437,2026-04-01 16:00:00,-0.19271909827485237,-0.19271909827485237,True,True,scaled_joint,150,2
S,13473,2026-04-03 00:00:00,-0.2961179246077613,-0.2961179246077613,False,True,scaled_joint,150,2
S,13497,2026-04-04 00:00:00,-0.03835123960215073,-0.03835123960215073,False,True,scaled_joint,150,2
L,13610,2026-04-08 16:00:00,-0.23467604810003573,-0.23467604810003573,False,True,scaled_joint,150,2
S,13629,2026-04-09 16:00:00,-0.05967582818170867,-0.05967582818170867,False,True,scaled_joint,150,2
L,13664,2026-04-11 00:00:00,0.01798299493402866,0.01798299493402866,True,True,scaled_joint,150,2
L,13755,2026-04-14 16:00:00,-0.4007343075973236,-0.4007343075973236,False,True,scaled_joint,150,2
S,13763,2026-04-15 00:00:00,0.1403011087575156,0.1403011087575156,False,True,scaled_joint,150,2
S,13810,2026-04-17 00:00:00,-0.15372373381143214,-0.15372373381143214,False,True,scaled_joint,150,2
S,13929,2026-04-22 00:00:00,-0.14721603641667555,-0.14721603641667555,False,True,scaled_joint,150,2
L,13953,2026-04-23 00:00:00,-0.3116658688355097,-0.3116658688355097,False,True,scaled_joint,150,2
S,13964,2026-04-23 08:00:00,0.0,0.4000817019419797,True,False,scaled_joint,150,2
S,13964,2026-04-23 16:00:00,-0.07836504562821339,-0.07836504562821339,False,True,scaled_joint,150,2
L,14256,2026-05-05 16:00:00,0.09631351419067541,0.09631351419067541,False,True,scaled_joint,150,2
L,14596,2026-05-19 16:00:00,0.0,-0.22743467591119298,True,False,scaled_joint,150,2
S,14600,2026-05-20 00:00:00,0.1435235345911694,0.1435235345911694,False,True,scaled_joint,150,2
S,14667,2026-05-22 16:00:00,0.12390329692117519,0.12390329692117519,False,True,scaled_joint,150,2
S,14667,2026-05-23 00:00:00,0.23706481101095056,0.23706481101095056,False,True,scaled_joint,150,2
S,14794,2026-05-28 00:00:00,0.24477035153316534,0.24477035153316534,False,True,scaled_joint,150,2
S,14968,2026-06-04 08:00:00,0.30780630191317526,0.30780630191317526,False,True,scaled_joint,150,2
S,15093,2026-06-09 16:00:00,0.0014551848997958437,0.0014551848997958437,False,True,scaled_joint,150,2
S,15324,2026-06-19 00:00:00,0.0,-0.027649475624688762,True,False,scaled_joint,150,2
S,15324,2026-06-19 08:00:00,0.2666088363901858,0.2666088363901858,False,True,scaled_joint,150,2
L,15412,2026-06-22 16:00:00,0.0,-0.077624475104979,True,False,scaled_joint,150,2
S,15434,2026-06-23 16:00:00,0.013161589101528667,0.013161589101528667,False,True,scaled_joint,150,2
L,15452,2026-06-24 08:00:00,0.0,-0.18312227640885648,True,False,scaled_joint,150,2
L,15452,2026-06-24 16:00:00,-0.08876501226961712,-0.08876501226961712,False,True,scaled_joint,150,2
L,15483,2026-06-25 16:00:00,-0.17158589317277537,-0.17158589317277537,False,True,scaled_joint,150,2
L,15670,2026-07-03 16:00:00,-0.4011981487128515,-0.4011981487128515,False,True,scaled_joint,150,2
S,15803,2026-07-09 00:00:00,0.18082151537560784,0.18082151537560784,False,True,scaled_joint,150,2
L,15955,2026-07-15 08:00:00,-0.1541199898386908,-0.1541199898386908,False,True,scaled_joint,150,2
S,15988,2026-07-16 16:00:00,0.0,0.24321597835067382,True,False,scaled_joint,150,2
S,16010,2026-07-17 16:00:00,0.19143399831945587,0.19143399831945587,False,True,scaled_joint,150,2
S,16010,2026-07-18 00:00:00,0.09807410991580119,0.09807410991580119,True,True,scaled_joint,150,2
L,16101,2026-07-21 16:00:00,-0.1666677333548582,-0.1666677333548582,False,True,scaled_joint,150,2
S,16131,2026-07-22 16:00:00,0.05707705237132269,0.05707705237132269,False,True,scaled_joint,150,2
S,16131,2026-07-23 00:00:00,0.2616944389679585,0.2616944389679585,False,True,scaled_joint,150,2
S,16156,2026-07-23 16:00:00,0.0,-0.13254650930186038,True,False,scaled_joint,150,2
S,16156,2026-07-24 00:00:00,-0.12873878027965083,-0.12873878027965083,False,True,scaled_joint,150,2
L,16180,2026-07-24 16:00:00,0.0,-0.07102579484103179,True,False,scaled_joint,150,2
S,16186,2026-07-25 00:00:00,0.06881789362832631,0.06881789362832631,False,True,scaled_joint,150,2
S,16186,2026-07-25 08:00:00,0.21696950356695788,0.21696950356695788,True,True,scaled_joint,150,2
S,16270,2026-07-28 16:00:00,-0.14692495827358676,-0.14692495827358676,False,True,scaled_joint,150,2
L,16327,2026-07-31 00:00:00,-0.07960554047370448,-0.07960554047370448,False,True,scaled_joint,150,2
L,16634,2026-08-12 16:00:00,-0.2915586534145014,-0.2915586534145014,False,True,scaled_joint,150,2
L,16772,2026-08-18 08:00:00,0.0,-0.18528294341131774,True,False,scaled_joint,150,2
L,16846,2026-08-21 16:00:00,-0.4020395131847372,-0.4020395131847372,True,True,scaled_joint,150,2
S,16961,2026-08-26 08:00:00,0.1261193444725286,0.1261193444725286,False,True,scaled_joint,150,2
S,17015,2026-08-28 16:00:00,-0.005330827163035758,-0.005330827163035758,False,True,scaled_joint,150,2
L,17250,2026-09-07 08:00:00,-0.27075226277466713,-0.27075226277466713,False,True,scaled_joint,150,2
S,514,2024-10-10 00:00:00,0.4054153943718954,0.4054153943718954,False,True,scaled_joint,150,5
L,550,2024-10-11 16:00:00,-0.37892093293134416,-0.37892093293134416,True,True,scaled_joint,150,5
L,562,2024-10-12 00:00:00,-0.2402278843512082,-0.2402278843512082,False,True,scaled_joint,150,5
L,643,2024-10-15 08:00:00,-0.39673890855395916,-0.39673890855395916,False,True,scaled_joint,150,5
L,680,2024-10-17 00:00:00,-0.39638023677952605,-0.39638023677952605,False,True,scaled_joint,150,5
S,813,2024-10-22 16:00:00,0.40153050335709806,0.40153050335709806,False,True,scaled_joint,150,5
S,844,2024-10-23 16:00:00,0.0,0.4002088048751328,True,False,scaled_joint,150,5
S,844,2024-10-24 00:00:00,0.3905868046878442,0.3905868046878442,True,True,scaled_joint,150,5
S,1054,2024-11-01 16:00:00,0.40061565762714507,0.40061565762714507,False,True,scaled_joint,150,5
L,1156,2024-11-05 16:00:00,0.0,-0.3998152220673049,True,False,scaled_joint,150,5
L,1188,2024-11-07 00:00:00,0.0,-0.39980609134672235,True,False,scaled_joint,150,5
S,1378,2024-11-15 00:00:00,0.3889064364793556,0.3889064364793556,True,True,scaled_joint,150,5
S,1492,2024-11-19 16:00:00,0.0,0.849784892446223,True,False,scaled_joint,150,5
S,1492,2024-11-20 00:00:00,0.6116803847729236,0.6116803847729236,False,True,scaled_joint,150,5
L,1636,2024-11-25 16:00:00,0.0,-0.9569243523403145,True,False,scaled_joint,150,5
S,1660,2024-11-26 16:00:00,0.0,0.49104696829689387,True,False,scaled_joint,150,5
L,1687,2024-11-28 00:00:00,-0.6454402046194201,-0.6454402046194201,False,True,scaled_joint,150,5
S,2001,2024-12-11 00:00:00,0.388194559119271,0.388194559119271,True,True,scaled_joint,150,5
L,2019,2024-12-11 16:00:00,-0.3973423927098593,-0.3973423927098593,False,True,scaled_joint,150,5
L,2019,2024-12-12 00:00:00,-0.41193082966620614,-0.41193082966620614,True,True,scaled_joint,150,5
L,2339,2024-12-25 00:00:00,-0.1114247425102346,-0.1114247425102346,False,True,scaled_joint,150,5
S,2381,2024-12-27 00:00:00,0.2506133502088752,0.2506133502088752,False,True,scaled_joint,150,5
S,2525,2025-01-02 00:00:00,0.4021827573740041,0.4021827573740041,False,True,scaled_joint,150,5
S,2691,2025-01-08 16:00:00,0.4057551703763358,0.4057551703763358,False,True,scaled_joint,150,5
S,2691,2025-01-09 00:00:00,0.4048450637218476,0.4048450637218476,False,True,scaled_joint,150,5
L,2830,2025-01-14 16:00:00,-0.30100527799904814,-0.30100527799904814,False,True,scaled_joint,150,5
L,2909,2025-01-18 00:00:00,-0.40150687156788617,-0.40150687156788617,True,True,scaled_joint,150,5
S,3034,2025-01-23 00:00:00,0.39948705027562204,0.39948705027562204,False,True,scaled_joint,150,5
S,3034,2025-01-23 08:00:00,0.3951624338660808,0.3951624338660808,False,True,scaled_joint,150,5
L,3168,2025-01-28 16:00:00,-0.1614150986353088,-0.1614150986353088,False,True,scaled_joint,150,5
L,3216,2025-01-30 16:00:00,-0.3984770800001368,-0.3984770800001368,False,True,scaled_joint,150,5
S,3395,2025-02-07 00:00:00,-0.30523590252660276,-0.30523590252660276,True,True,scaled_joint,150,5
L,3418,2025-02-08 00:00:00,0.046930332140003764,0.046930332140003764,False,True,scaled_joint,150,5
S,3514,2025-02-12 00:00:00,-0.05000225159202792,-0.05000225159202792,False,True,scaled_joint,150,5
L,3547,2025-02-13 08:00:00,-0.38045577211394305,-0.38045577211394305,False,True,scaled_joint,150,5
S,3560,2025-02-14 00:00:00,0.04098094698224782,0.04098094698224782,False,True,scaled_joint,150,5
S,3899,2025-02-28 00:00:00,0.20249575343721837,0.20249575343721837,False,True,scaled_joint,150,5
S,4000,2025-03-04 08:00:00,-0.17567316028156418,-0.17567316028156418,False,True,scaled_joint,150,5
L,4035,2025-03-05 16:00:00,-0.28796680417317144,-0.28796680417317144,False,True,scaled_joint,150,5
L,4156,2025-03-10 16:00:00,0.0,-0.1029584810695173,True,False,scaled_joint,150,5
L,4250,2025-03-14 16:00:00,-0.30665211680921806,-0.30665211680921806,False,True,scaled_joint,150,5
S,4347,2025-03-18 16:00:00,0.164618465178081,0.164618465178081,False,True,scaled_joint,150,5
S,4347,2025-03-19 00:00:00,0.05808797552363289,0.05808797552363289,False,True,scaled_joint,150,5
S,4394,2025-03-20 16:00:00,0.06185390109382281,0.06185390109382281,False,True,scaled_joint,150,5
S,4546,2025-03-27 00:00:00,-0.08877281358606501,-0.08877281358606501,False,True,scaled_joint,150,5
L,4683,2025-04-01 16:00:00,-0.11481147151888792,-0.11481147151888792,False,True,scaled_joint,150,5
S,4706,2025-04-02 16:00:00,-0.0018098607705657602,-0.0018098607705657602,False,True,scaled_joint,150,5
S,4706,2025-04-03 00:00:00,0.17470464537743569,0.17470464537743569,True,True,scaled_joint,150,5
L,4756,2025-04-04 16:00:00,0.0,0.08367770035989446,True,False,scaled_joint,150,5
L,4841,2025-04-08 08:00:00,0.017312960108703913,0.017312960108703913,False,True,scaled_joint,150,5
S,4859,2025-04-09 00:00:00,-0.05720914772113503,-0.05720914772113503,False,True,scaled_joint,150,5
L,4879,2025-04-10 00:00:00,-0.06357179770993171,-0.06357179770993171,True,True,scaled_joint,150,5
L,4924,2025-04-11 16:00:00,0.0,0.23416291854072965,True,False,scaled_joint,150,5
S,5027,2025-04-16 00:00:00,0.013411173439297803,0.013411173439297803,False,True,scaled_joint,150,5
L,5066,2025-04-17 16:00:00,-0.20760649113154978,-0.20760649113154978,False,True,scaled_joint,150,5
S,5075,2025-04-18 00:00:00,-0.07228662458344412,-0.07228662458344412,False,True,scaled_joint,150,5
S,5075,2025-04-18 08:00:00,-0.126171764061824,-0.126171764061824,False,True,scaled_joint,150,5
L,5096,2025-04-19 00:00:00,0.05936734491627592,0.05936734491627592,False,True,scaled_joint,150,5
L,5194,2025-04-23 00:00:00,-0.33582796731036363,-0.33582796731036363,True,True,scaled_joint,150,5
L,5202,2025-04-23 08:00:00,-0.2673203658769937,-0.2673203658769937,False,True,scaled_joint,150,5
S,5231,2025-04-24 16:00:00,0.28559724509128154,0.28559724509128154,False,True,scaled_joint,150,5
S,5255,2025-04-25 16:00:00,0.3192105842039744,0.3192105842039744,False,True,scaled_joint,150,5
S,5426,2025-05-02 16:00:00,-0.22999170897143634,-0.22999170897143634,False,True,scaled_joint,150,5
L,5550,2025-05-08 00:00:00,0.025534998125937035,0.025534998125937035,False,True,scaled_joint,150,5
S,5734,2025-05-15 16:00:00,0.39288507693526054,0.39288507693526054,True,True,scaled_joint,150,5
S,5865,2025-05-21 00:00:00,0.04694584274649133,0.04694584274649133,False,True,scaled_joint,150,5
S,6054,2025-05-29 00:00:00,0.40020314806732954,0.40020314806732954,False,True,scaled_joint,150,5
S,6084,2025-05-30 00:00:00,0.0,0.33300524303764617,True,False,scaled_joint,150,5
S,6084,2025-05-30 08:00:00,0.29788338792709207,0.29788338792709207,False,True,scaled_joint,150,5
L,6222,2025-06-05 00:00:00,-0.31862173036631264,-0.31862173036631264,False,True,scaled_joint,150,5
L,6274,2025-06-07 00:00:00,-0.10758139184611344,-0.10758139184611344,True,True,scaled_joint,150,5
L,6368,2025-06-11 00:00:00,-0.39386579361861274,-0.39386579361861274,False,True,scaled_joint,150,5
S,6425,2025-06-13 08:00:00,-0.054979133573375645,-0.054979133573375645,False,True,scaled_joint,150,5
S,6539,2025-06-18 00:00:00,0.21944211004548927,0.21944211004548927,False,True,scaled_joint,150,5
L,6895,2025-07-03 00:00:00,-0.21328247108536627,-0.21328247108536627,False,True,scaled_joint,150,5
S,6938,2025-07-04 16:00:00,0.2613952642938806,0.2613952642938806,False,True,scaled_joint,150,5
L,7034,2025-07-08 16:00:00,-0.11147578724169323,-0.11147578724169323,False,True,scaled_joint,150,5
L,7065,2025-07-10 00:00:00,-0.2502554243750634,-0.2502554243750634,False,True,scaled_joint,150,5
L,7079,2025-07-10 16:00:00,-0.1125691834569957,-0.1125691834569957,True,True,scaled_joint,150,5
L,7106,2025-07-11 16:00:00,-0.39506861968995527,-0.39506861968995527,False,True,scaled_joint,150,5
S,7198,2025-07-15 16:00:00,0.40029693469412925,0.40029693469412925,False,True,scaled_joint,150,5
S,7378,2025-07-23 00:00:00,0.4078068725803627,0.4078068725803627,False,True,scaled_joint,150,5
S,7439,2025-07-25 16:00:00,0.4021431339533944,0.4021431339533944,False,True,scaled_joint,150,5
S,7568,2025-07-31 00:00:00,0.06227310897110587,0.06227310897110587,False,True,scaled_joint,150,5
L,7583,2025-07-31 16:00:00,-0.399936459807465,-0.399936459807465,False,True,scaled_joint,150,5
S,7595,2025-08-01 00:00:00,-0.04746920023838616,-0.04746920023838616,False,True,scaled_joint,150,5
S,7595,2025-08-01 08:00:00,-0.14724590270571952,-0.14724590270571952,True,True,scaled_joint,150,5
S,7708,2025-08-05 16:00:00,0.0,0.12470200590804184,True,False,scaled_joint,150,5
S,7708,2025-08-06 00:00:00,0.05418657405159598,0.05418657405159598,False,True,scaled_joint,150,5
L,7730,2025-08-06 16:00:00,-0.3279451446308002,-0.3279451446308002,False,True,scaled_joint,150,5
L,7756,2025-08-07 16:00:00,0.0,-0.17131434282858568,True,False,scaled_joint,150,5
L,7786,2025-08-09 00:00:00,-0.39520675513154296,-0.39520675513154296,False,True,scaled_joint,150,5
S,7955,2025-08-16 00:00:00,0.2554598032526033,0.2554598032526033,True,True,scaled_joint,150,5
S,8093,2025-08-22 00:00:00,0.10652889964889821,0.10652889964889821,False,True,scaled_joint,150,5
L,8263,2025-08-29 00:00:00,-0.08494609056984348,-0.08494609056984348,False,True,scaled_joint,150,5
L,8406,2025-09-04 00:00:00,-0.13060715733824357,-0.13060715733824357,False,True,scaled_joint,150,5
S,8426,2025-09-04 16:00:00,-0.08044660473673208,-0.08044660473673208,False,True,scaled_joint,150,5
S,8426,2025-09-05 00:00:00,-0.09952271875109572,-0.09952271875109572,False,True,scaled_joint,150,5
L,8452,2025-09-05 16:00:00,0.0,0.13818207294756754,True,False,scaled_joint,150,5
L,8594,2025-09-11 16:00:00,-0.4017677573152047,-0.4017677573152047,False,True,scaled_joint,150,5
L,8611,2025-09-12 08:00:00,-0.1944645078642723,-0.1944645078642723,False,True,scaled_joint,150,5
S,8722,2025-09-17 00:00:00,0.08141574849829168,0.08141574849829168,False,True,scaled_joint,150,5
S,8722,2025-09-17 08:00:00,0.09741564938246146,0.09741564938246146,True,True,scaled_joint,150,5
L,8735,2025-09-17 16:00:00,-0.21487612358688246,-0.21487612358688246,False,True,scaled_joint,150,5
S,8784,2025-09-19 16:00:00,-0.036093702517586104,-0.036093702517586104,False,True,scaled_joint,150,5
S,8784,2025-09-20 00:00:00,-0.17017978343133244,-0.17017978343133244,True,True,scaled_joint,150,5
L,8915,2025-09-25 00:00:00,0.14360341863912515,0.14360341863912515,False,True,scaled_joint,150,5
S,8922,2025-09-25 08:00:00,-0.3448855606867229,-0.3448855606867229,False,True,scaled_joint,150,5
L,9077,2025-10-02 00:00:00,0.029987942539071985,0.029987942539071985,False,True,scaled_joint,150,5
L,9092,2025-10-02 08:00:00,0.0,-0.05945314761651125,True,False,scaled_joint,150,5
L,9092,2025-10-02 16:00:00,-0.12203521079503157,-0.12203521079503157,True,True,scaled_joint,150,5
L,9106,2025-10-03 00:00:00,-0.14995001728791096,-0.14995001728791096,False,True,scaled_joint,150,5
L,9202,2025-10-07 00:00:00,-0.40278804827951303,-0.40278804827951303,False,True,scaled_joint,150,5
S,9219,2025-10-07 16:00:00,0.40100178981312373,0.40100178981312373,False,True,scaled_joint,150,5
S,9219,2025-10-08 00:00:00,0.386732860577023,0.386732860577023,True,True,scaled_joint,150,5
S,9240,2025-10-08 16:00:00,0.24268804324243787,0.24268804324243787,False,True,scaled_joint,150,5
S,9263,2025-10-09 16:00:00,-0.009072553398465095,-0.009072553398465095,False,True,scaled_joint,150,5
S,9299,2025-10-11 00:00:00,-0.19744890068950074,-0.19744890068950074,True,True,scaled_joint,150,5
L,9435,2025-10-16 16:00:00,-0.030307639551143593,-0.030307639551143593,False,True,scaled_joint,150,5
S,9459,2025-10-17 16:00:00,0.22155535540381333,0.22155535540381333,False,True,scaled_joint,150,5
L,9523,2025-10-20 08:00:00,-0.0982602983992917,-0.0982602983992917,False,True,scaled_joint,150,5
S,9582,2025-10-23 00:00:00,0.09582994024367533,0.09582994024367533,False,True,scaled_joint,150,5
L,9603,2025-10-23 16:00:00,-0.16641084058501948,-0.16641084058501948,False,True,scaled_joint,150,5
L,9730,2025-10-29 00:00:00,-0.07073785266189926,-0.07073785266189926,False,True,scaled_joint,150,5
S,9777,2025-10-31 00:00:00,-0.2529478218603357,-0.2529478218603357,False,True,scaled_joint,150,5
L,9800,2025-11-01 00:00:00,0.0511207412974536,0.0511207412974536,False,True,scaled_joint,150,5
L,9921,2025-11-06 00:00:00,-0.17612990504941933,-0.17612990504941933,False,True,scaled_joint,150,5
S,9939,2025-11-06 16:00:00,0.19927202942516437,0.19927202942516437,False,True,scaled_joint,150,5
S,9939,2025-11-07 00:00:00,0.002771265699288936,0.002771265699288936,True,True,scaled_joint,150,5
S,10066,2025-11-12 00:00:00,0.11149029999155578,0.11149029999155578,False,True,scaled_joint,150,5
S,10116,2025-11-14 00:00:00,0.0,0.09290184481930454,True,False,scaled_joint,150,5
L,10202,2025-11-17 16:00:00,-0.40126596211376014,-0.40126596211376014,False,True,scaled_joint,150,5
L,10231,2025-11-19 00:00:00,-0.24015332435497147,-0.24015332435497147,False,True,scaled_joint,150,5
S,10250,2025-11-19 16:00:00,0.275248842497059,0.275248842497059,False,True,scaled_joint,150,5
S,10250,2025-11-20 00:00:00,0.1263520654232049,0.1263520654232049,False,True,scaled_joint,150,5
S,10284,2025-11-21 00:00:00,0.0,0.27165490845865303,True,False,scaled_joint,150,5
S,10397,2025-11-26 00:00:00,0.02243710785045263,0.02243710785045263,False,True,scaled_joint,150,5
S,10422,2025-11-27 00:00:00,0.07601776320602609,0.07601776320602609,False,True,scaled_joint,150,5
S,10449,2025-11-28 00:00:00,0.039797867155919445,0.039797867155919445,False,True,scaled_joint,150,5
L,10563,2025-12-02 16:00:00,-0.22138622729952598,-0.22138622729952598,False,True,scaled_joint,150,5
L,10563,2025-12-03 00:00:00,-0.17722656532687095,-0.17722656532687095,True,True,scaled_joint,150,5
L,10583,2025-12-03 16:00:00,-0.04465144188120632,-0.04465144188120632,True,True,scaled_joint,150,5
S,10618,2025-12-05 00:00:00,0.3898485497359188,0.3898485497359188,False,True,scaled_joint,150,5
S,10642,2025-12-06 00:00:00,0.19592657419956108,0.19592657419956108,False,True,scaled_joint,150,5
S,10787,2025-12-12 00:00:00,0.10535681832919501,0.10535681832919501,False,True,scaled_joint,150,5
S,10787,2025-12-12 08:00:00,-0.010168894260439236,-0.010168894260439236,False,True,scaled_joint,150,5
S,10812,2025-12-13 00:00:00,0.0,-0.00945119540514283,True,False,scaled_joint,150,5
S,10812,2025-12-13 08:00:00,0.004300748159095834,0.004300748159095834,False,True,scaled_joint,150,5
L,10974,2025-12-20 00:00:00,-0.36884904472108315,-0.36884904472108315,True,True,scaled_joint,150,5
S,11067,2025-12-23 16:00:00,0.27220338353920476,0.27220338353920476,False,True,scaled_joint,150,5
S,11067,2025-12-24 00:00:00,0.10455525447941784,0.10455525447941784,False,True,scaled_joint,150,5
S,11094,2025-12-25 00:00:00,0.22576894634280975,0.22576894634280975,False,True,scaled_joint,150,5
L,11107,2025-12-25 08:00:00,-0.2598760545362797,-0.2598760545362797,False,True,scaled_joint,150,5
S,11117,2025-12-26 00:00:00,0.20094524159685115,0.20094524159685115,False,True,scaled_joint,150,5
L,11146,2025-12-27 00:00:00,-0.13512649925770434,-0.13512649925770434,False,True,scaled_joint,150,5
L,11232,2025-12-30 16:00:00,-0.15666360286390796,-0.15666360286390796,False,True,scaled_joint,150,5
L,11243,2025-12-31 00:00:00,-0.3989044473489751,-0.3989044473489751,False,True,scaled_joint,150,5
L,11264,2026-01-01 00:00:00,-0.1402491057036405,-0.1402491057036405,False,True,scaled_joint,150,5
L,11287,2026-01-02 00:00:00,0.022425350111931475,0.022425350111931475,False,True,scaled_joint,150,5
L,11411,2026-01-07 00:00:00,-0.1696075363210154,-0.1696075363210154,False,True,scaled_joint,150,5
S,11451,2026-01-08 16:00:00,0.30868976037631823,0.30868976037631823,False,True,scaled_joint,150,5
S,11451,2026-01-09 00:00:00,0.001960639339189632,0.001960639339189632,False,True,scaled_joint,150,5
S,11731,2026-01-20 08:00:00,0.3447057229018312,0.3447057229018312,False,True,scaled_joint,150,5
S,11769,2026-01-22 00:00:00,0.0456262133360258,0.0456262133360258,False,True,scaled_joint,150,5
S,11963,2026-01-30 00:00:00,-0.04586166130964355,-0.04586166130964355,True,True,scaled_joint,150,5
S,12078,2026-02-04 00:00:00,-0.15698121398701198,-0.15698121398701198,False,True,scaled_joint,150,5
S,12106,2026-02-05 00:00:00,-0.239563743909413,-0.239563743909413,True,True,scaled_joint,150,5
L,12155,2026-02-07 00:00:00,-0.07408939105414436,-0.07408939105414436,False,True,scaled_joint,150,5
S,12267,2026-02-11 16:00:00,-0.5194874052525771,-0.5194874052525771,False,True,scaled_joint,150,5
S,12267,2026-02-12 00:00:00,-0.4884112467223309,-0.4884112467223309,True,True,scaled_joint,150,5
L,12290,2026-02-12 16:00:00,-0.08947566750247193,-0.08947566750247193,False,True,scaled_joint,150,5
S,12300,2026-02-13 00:00:00,0.0,-0.1642143405382259,True,False,scaled_joint,150,5
L,12317,2026-02-14 00:00:00,-0.17689414710203913,-0.17689414710203913,True,True,scaled_joint,150,5
S,12415,2026-02-18 00:00:00,-0.18958524446945207,-0.18958524446945207,False,True,scaled_joint,150,5
L,12435,2026-02-18 16:00:00,0.15245894622849288,0.15245894622849288,False,True,scaled_joint,150,5
S,12442,2026-02-19 00:00:00,-0.03492538404660136,-0.03492538404660136,False,True,scaled_joint,150,5
S,12586,2026-02-25 00:00:00,-0.12113236772607001,-0.12113236772607001,False,True,scaled_joint,150,5
S,12586,2026-02-25 08:00:00,-0.10022536893929164,-0.10022536893929164,True,True,scaled_joint,150,5
L,12595,2026-02-25 08:00:00,0.09769913662271282,0.09769913662271282,False,True,scaled_joint,150,5
L,12608,2026-02-26 00:00:00,-0.24048281605793925,-0.24048281605793925,True,True,scaled_joint,150,5
S,12635,2026-02-27 00:00:00,0.15574755956960248,0.15574755956960248,False,True,scaled_joint,150,5
L,12731,2026-03-03 00:00:00,0.27854541111055464,0.27854541111055464,True,True,scaled_joint,150,5
S,12796,2026-03-05 16:00:00,0.0,-0.03349896964715176,True,False,scaled_joint,150,5
S,12796,2026-03-06 00:00:00,-0.05804557625959242,-0.05804557625959242,False,True,scaled_joint,150,5
L,12917,2026-03-11 00:00:00,-0.10799035984800524,-0.10799035984800524,False,True,scaled_joint,150,5
S,12935,2026-03-11 16:00:00,-0.0029404024815961782,-0.0029404024815961782,False,True,scaled_joint,150,5
L,12980,2026-03-13 08:00:00,0.0,-0.09051823639468504,True,False,scaled_joint,150,5
S,13132,2026-03-19 16:00:00,0.0,-0.03485696529200058,True,False,scaled_joint,150,5
L,13437,2026-04-01 16:00:00,-0.19266131143878792,-0.19266131143878792,True,True,scaled_joint,150,5
S,13473,2026-04-03 00:00:00,-0.29620680442505226,-0.29620680442505226,False,True,scaled_joint,150,5
S,13497,2026-04-04 00:00:00,-0.03836275072959509,-0.03836275072959509,False,True,scaled_joint,150,5
L,13610,2026-04-08 16:00:00,-0.23460568046942104,-0.23460568046942104,False,True,scaled_joint,150,5
S,13629,2026-04-09 16:00:00,-0.059693739886015326,-0.059693739886015326,False,True,scaled_joint,150,5
L,13664,2026-04-11 00:00:00,0.017977602731649635,0.017977602731649635,True,True,scaled_joint,150,5
L,13755,2026-04-14 16:00:00,-0.40061414738515055,-0.40061414738515055,False,True,scaled_joint,150,5
S,13763,2026-04-15 00:00:00,0.140343220145837,0.140343220145837,False,True,scaled_joint,150,5
S,13810,2026-04-17 00:00:00,-0.1537698740016707,-0.1537698740016707,False,True,scaled_joint,150,5
S,13929,2026-04-22 00:00:00,-0.14726022332105274,-0.14726022332105274,False,True,scaled_joint,150,5
L,13953,2026-04-23 00:00:00,-0.3115724158013761,-0.3115724158013761,False,True,scaled_joint,150,5
L,14256,2026-05-05 16:00:00,0.09628463457622544,0.09628463457622544,False,True,scaled_joint,150,5
L,14596,2026-05-19 16:00:00,0.0,-0.22736647960657191,True,False,scaled_joint,150,5
S,14600,2026-05-20 00:00:00,0.14356661319084657,0.14356661319084657,False,True,scaled_joint,150,5
S,14667,2026-05-22 16:00:00,0.12394048650504347,0.12394048650504347,False,True,scaled_joint,150,5
S,14667,2026-05-23 00:00:00,0.23713596603176423,0.23713596603176423,False,True,scaled_joint,150,5
S,14794,2026-05-28 00:00:00,0.24484381937254499,0.24484381937254499,False,True,scaled_joint,150,5
S,14968,2026-06-04 08:00:00,0.30789868999779146,0.30789868999779146,False,True,scaled_joint,150,5
S,15093,2026-06-09 16:00:00,0.0014556216736527107,0.0014556216736527107,False,True,scaled_joint,150,5
S,15324,2026-06-19 00:00:00,0.0,-0.027657774616872258,True,False,scaled_joint,150,5
S,15324,2026-06-19 08:00:00,0.266688859052434,0.266688859052434,False,True,scaled_joint,150,5
L,15412,2026-06-22 16:00:00,0.0,-0.07760119940029986,True,False,scaled_joint,150,5
S,15434,2026-06-23 16:00:00,0.0131655395534851,0.0131655395534851,False,True,scaled_joint,150,5
L,15452,2026-06-24 08:00:00,0.0,-0.183067367180548,True,False,scaled_joint,150,5
L,15452,2026-06-24 16:00:00,-0.08873839607403405,-0.08873839607403405,False,True,scaled_joint,150,5
L,15483,2026-06-25 16:00:00,-0.17153444312984498,-0.17153444312984498,False,True,scaled_joint,150,5
L,15670,2026-07-03 16:00:00,-0.4010778494178852,-0.4010778494178852,False,True,scaled_joint,150,5
S,15803,2026-07-09 00:00:00,0.18087578896701623,0.18087578896701623,False,True,scaled_joint,150,5
L,15955,2026-07-15 08:00:00,-0.15407377694818447,-0.15407377694818447,False,True,scaled_joint,150,5
S,15988,2026-07-16 16:00:00,0.0,0.24328897964482615,True,False,scaled_joint,150,5
S,16010,2026-07-17 16:00:00,0.19149145724841624,0.19149145724841624,False,True,scaled_joint,150,5
S,16010,2026-07-18 00:00:00,0.09810354686725169,0.09810354686725169,True,True,scaled_joint,150,5
L,16101,2026-07-21 16:00:00,-0.16661775802251796,-0.16661775802251796,False,True,scaled_joint,150,5
S,16131,2026-07-22 16:00:00,0.057094184052874856,0.057094184052874856,False,True,scaled_joint,150,5
S,16131,2026-07-23 00:00:00,0.26177298657345155,0.26177298657345155,False,True,scaled_joint,150,5
S,16156,2026-07-23 16:00:00,0.0,-0.13258629314657328,True,False,scaled_joint,150,5
S,16156,2026-07-24 00:00:00,-0.128777421234212,-0.128777421234212,False,True,scaled_joint,150,5
L,16180,2026-07-24 16:00:00,0.0,-0.07100449775112444,True,False,scaled_joint,150,5
S,16186,2026-07-25 00:00:00,0.06883854932426278,0.06883854932426278,False,True,scaled_joint,150,5
S,16186,2026-07-25 08:00:00,0.21703462697973439,0.21703462697973439,True,True,scaled_joint,150,5
S,16270,2026-07-28 16:00:00,-0.14696905781083744,-0.14696905781083744,False,True,scaled_joint,150,5
L,16327,2026-07-31 00:00:00,-0.07958167074642601,-0.07958167074642601,False,True,scaled_joint,150,5
L,16634,2026-08-12 16:00:00,-0.29147122953041904,-0.29147122953041904,False,True,scaled_joint,150,5
L,16772,2026-08-18 08:00:00,0.0,-0.18522738630684657,True,False,scaled_joint,150,5
L,16846,2026-08-21 16:00:00,-0.4019189616065708,-0.4019189616065708,True,True,scaled_joint,150,5
S,16961,2026-08-26 08:00:00,0.1261571992032357,0.1261571992032357,False,True,scaled_joint,150,5
S,17015,2026-08-28 16:00:00,-0.005332427211208755,-0.005332427211208755,False,True,scaled_joint,150,5
L,17250,2026-09-07 08:00:00,-0.2706710776883779,-0.2706710776883779,False,True,scaled_joint,150,5
