side,margin_c,qty_exact_c,fee_exact_c,entry_exact_c,entry_bar_c,exit_bar_c,entry_dt,exit_dt_c,entry_price_c,exit_price_c,pnl_pct_c,pnl_c,reason_code_c,bars_held_c,mfe_pct_c,mae_pct_c,gk_pctile_c,regime_code_c,funding_c,funding_low_c,funding_high_c,net_c,margin_b,qty_exact_b,fee_exact_b,entry_exact_b,entry_bar_b,exit_bar_b,exit_dt_b,entry_price_b,exit_price_b,pnl_pct_b,pnl_b,reason_code_b,bars_held_b,mfe_pct_b,mae_pct_b,gk_pctile_b,regime_code_b,funding_b,funding_low_b,funding_high_b,net_b,_merge
L,200.0,1.5061772092795578,4.0,2655.73,555.0,558.0,2024-10-01 15:00:00,2024-10-01 18:00:00,2655.73,2634.2,-0.811,-36.43,ACX,3.0,0.045,-0.851,8.1,MILD_UP,-0.39835224213304815,-0.39835224213304815,-0.39835224213304815,-36.82835224213305,200.0,1.5061772092795578,4.0,2655.73,555.0,562.0,2024-10-01 22:00:00,2655.73,2579.72,-2.862,-118.48,MH,7.0,0.045,-3.41,8.1,MILD_UP,-0.39835224213304815,-0.39835224213304815,-0.39835224213304815,-118.87835224213305,both
L,200.0,1.6829492001783926,4.0,2376.78,622.0,629.0,2024-10-04 10:00:00,2024-10-04 17:00:00,2376.78,2380.22,0.145,1.79,BE,7.0,0.659,-0.706,16.2,DOWN,-0.14979722902414191,-0.14979722902414191,-0.14979722902414191,1.6402027709758582,,,,,,,,,,,,,,,,,,,,,,left_only
L,200.0,1.6346546791990193,4.0,2447.0,730.0,735.0,2024-10-08 22:00:00,2024-10-09 03:00:00,2447.0,2435.51,-0.47,-22.78,MH,5.0,0.34,-1.92,10.1,DOWN,-0.33116839091507927,-0.33116839091507927,-0.33116839091507927,-23.11116839091508,,,,,,,,,,,,,,,,,,,,,,left_only
L,200.0,1.6251508343118095,4.0,2461.31,742.0,745.0,2024-10-09 10:00:00,2024-10-09 13:00:00,2461.31,2444.0,-0.703,-32.13,ACX,3.0,0.026,-0.96,19.2,DOWN,0.0,0.0,0.0,-32.13,,,,,,,,,,,,,,,,,,,,,,left_only
L,200.0,1.5767772250297616,4.0,2536.82,1305.0,1307.0,2024-11-01 21:00:00,2024-11-01 23:00:00,2536.82,2562.0,0.993,35.7,MFE,2.0,2.012,-0.268,17.2,SIDE,0.0,0.0,0.0,35.7,200.0,1.5767772250297616,4.0,2536.82,1305.0,1307.0,2024-11-01 23:00:00,2536.82,2562.0,0.993,35.7,MFE,2.0,2.012,-0.268,17.2,SIDE,0.0,0.0,0.0,35.7,both
L,200.0,1.637787022175636,4.0,2442.32,1396.0,1399.0,2024-11-05 16:00:00,2024-11-05 19:00:00,2442.32,2434.66,-0.314,-16.55,ACX,3.0,0.204,-0.538,9.1,SIDE,0.0,-0.4000151296783386,0.0,-16.55,200.0,1.637787022175636,4.0,2442.32,1396.0,1402.0,2024-11-05 22:00:00,2442.32,2441.19,-0.046,-5.85,MH,6.0,0.215,-0.538,9.1,SIDE,0.0,-0.4000151296783386,0.0,-5.85,both
L,200.0,1.5184414716734742,4.0,2634.28,1428.0,1435.0,2024-11-07 00:00:00,2024-11-07 07:00:00,2634.28,2736.27,3.872,150.87,TP,7.0,4.242,-0.024,14.1,SIDE,0.0,-0.4000059943923956,0.0,150.87,200.0,1.5184414716734742,4.0,2634.28,1428.0,1435.0,2024-11-07 07:00:00,2634.28,2736.27,3.872,150.87,TP,7.0,4.242,-0.024,14.1,SIDE,0.0,-0.4000059943923956,0.0,150.87,both
L,200.0,1.3676195555920254,4.0,2924.79,1471.0,1475.0,2024-11-08 19:00:00,2024-11-08 23:00:00,2924.79,2913.46,-0.387,-19.5,MFE,4.0,1.135,-0.565,2.0,MILD_UP,0.0,0.0,0.0,-19.5,200.0,1.3676195555920254,4.0,2924.79,1471.0,1475.0,2024-11-08 23:00:00,2924.79,2913.46,-0.387,-19.5,MFE,4.0,1.135,-0.565,2.0,MILD_UP,0.0,0.0,0.0,-19.5,both
L,200.0,1.2698372386119408,4.0,3150.01,1784.0,1785.0,2024-11-21 20:00:00,2024-11-21 21:00:00,3150.01,3288.05,4.382,171.29,TP,1.0,5.428,-0.047,6.1,DOWN,0.0,0.0,0.0,171.29,200.0,1.2698372386119408,4.0,3150.01,1784.0,1785.0,2024-11-21 21:00:00,3150.01,3288.05,4.382,171.29,TP,1.0,5.428,-0.047,6.1,DOWN,0.0,0.0,0.0,171.29,both
L,200.0,1.175899930915879,4.0,3401.65,1876.0,1879.0,2024-11-25 16:00:00,2024-11-25 19:00:00,3401.65,3504.57,3.026,117.02,TP,3.0,3.83,-0.083,22.2,MILD_UP,0.0,-0.9574028145164846,0.0,117.02,200.0,1.175899930915879,4.0,3401.65,1876.0,1879.0,2024-11-25 19:00:00,3401.65,3504.57,3.026,117.02,TP,3.0,3.83,-0.083,22.2,MILD_UP,0.0,-0.9574028145164846,0.0,117.02,both
L,200.0,1.1567480342513095,4.0,3457.97,1927.0,1935.0,2024-11-27 19:00:00,2024-11-28 03:00:00,3457.97,3587.98,3.76,146.39,TP,8.0,4.001,-0.595,24.2,MILD_UP,-0.6457629247217299,-0.6457629247217299,-0.6457629247217299,145.74423707527825,200.0,1.1567480342513095,4.0,3457.97,1927.0,1935.0,2024-11-28 03:00:00,3457.97,3587.98,3.76,146.39,TP,8.0,4.001,-0.595,24.2,MILD_UP,-0.6457629247217299,-0.6457629247217299,-0.6457629247217299,145.74423707527825,both
L,200.0,1.1002855240935023,4.0,3635.42,2083.0,2087.0,2024-12-04 07:00:00,2024-12-04 11:00:00,3635.42,3651.03,0.429,13.18,MFE,4.0,2.101,-0.592,11.1,MILD_UP,-0.7454401470886075,-0.7454401470886075,-0.7454401470886075,12.434559852911391,200.0,1.1002855240935023,4.0,3635.42,2083.0,2087.0,2024-12-04 11:00:00,3635.42,3651.03,0.429,13.18,MFE,4.0,2.101,-0.592,11.1,MILD_UP,-0.7454401470886075,-0.7454401470886075,-0.7454401470886075,12.434559852911391,both
L,200.0,1.0727513121089487,4.0,3728.73,2094.0,2098.0,2024-12-04 18:00:00,2024-12-04 22:00:00,3728.73,3710.68,-0.484,-23.36,ACX,4.0,0.679,-1.026,1.0,MILD_UP,0.0,0.0,0.0,-23.36,200.0,1.0727513121089487,4.0,3728.73,2094.0,2100.0,2024-12-05 00:00:00,3728.73,3824.39,2.565,98.62,MFE,6.0,3.472,-1.026,1.0,MILD_UP,-0.8140225663619525,-0.8140225663619525,0.0,97.80597743363805,both
L,200.0,1.0192796750536395,4.0,3924.34,2118.0,2125.0,2024-12-05 18:00:00,2024-12-06 01:00:00,3924.34,3904.55,-0.504,-24.17,MH,7.0,0.909,-1.579,22.2,MILD_UP,-1.2362945188235475,-1.2362945188235475,-1.2362945188235475,-25.40629451882355,200.0,1.0192796750536395,4.0,3924.34,2118.0,2125.0,2024-12-06 01:00:00,3924.34,3904.55,-0.504,-24.17,MH,7.0,0.909,-1.579,22.2,MILD_UP,-1.2362945188235475,-1.2362945188235475,-1.2362945188235475,-25.40629451882355,both
L,200.0,1.0885064602858416,4.0,3674.76,2259.0,2268.0,2024-12-11 15:00:00,2024-12-12 00:00:00,3674.76,3786.75,3.048,117.9,TP,9.0,3.952,-0.668,24.2,MILD_UP,-0.8096778589872535,-0.8096778589872535,-0.39754106390621424,117.09032214101275,200.0,1.0885064602858416,4.0,3674.76,2259.0,2268.0,2024-12-12 00:00:00,3674.76,3786.75,3.048,117.9,TP,9.0,3.952,-0.668,24.2,MILD_UP,-0.8096778589872535,-0.8096778589872535,-0.39754106390621424,117.09032214101275,both
L,200.0,1.031097913057824,4.0,3879.36,2279.0,2281.0,2024-12-12 11:00:00,2024-12-12 13:00:00,3879.36,3907.74,0.732,25.26,MFE,2.0,1.76,-0.807,22.2,MILD_UP,0.0,0.0,0.0,25.26,200.0,1.031097913057824,4.0,3879.36,2279.0,2281.0,2024-12-12 13:00:00,3879.36,3907.74,0.732,25.26,MFE,2.0,1.76,-0.807,22.2,MILD_UP,0.0,0.0,0.0,25.26,both
L,200.0,1.1581345926116804,4.0,3453.83,2579.0,2581.0,2024-12-24 23:00:00,2024-12-25 01:00:00,3453.83,3478.26,0.707,24.29,MFE,2.0,1.839,-0.35,23.2,DOWN,-0.11148045488148971,-0.11148045488148971,-0.11148045488148971,24.178519545118508,200.0,1.1581345926116804,4.0,3453.83,2579.0,2581.0,2024-12-25 01:00:00,3453.83,3478.26,0.707,24.29,MFE,2.0,1.839,-0.35,23.2,DOWN,-0.11148045488148971,-0.11148045488148971,-0.11148045488148971,24.178519545118508,both
L,200.0,1.144990095835671,4.0,3493.48,2598.0,2599.0,2024-12-25 18:00:00,2024-12-25 19:00:00,3493.48,3513.09,0.561,18.45,MFE,1.0,1.532,-0.091,17.2,DOWN,0.0,0.0,0.0,18.45,200.0,1.144990095835671,4.0,3493.48,2598.0,2599.0,2024-12-25 19:00:00,3493.48,3513.09,0.561,18.45,MFE,1.0,1.532,-0.091,17.2,DOWN,0.0,0.0,0.0,18.45,both
L,200.0,1.2746931972810793,4.0,3138.01,3070.0,3078.0,2025-01-14 10:00:00,2025-01-14 18:00:00,3138.01,3242.52,3.33,129.22,MHx,8.0,3.755,-0.244,22.2,DOWN,-0.30115578063804765,-0.30115578063804765,-0.30115578063804765,128.91884421936194,200.0,1.2746931972810793,4.0,3138.01,3070.0,3078.0,2025-01-14 18:00:00,3138.01,3242.52,3.33,129.22,MHx,8.0,3.755,-0.244,22.2,DOWN,-0.30115578063804765,-0.30115578063804765,-0.30115578063804765,128.91884421936194,both
L,200.0,1.1744326022490383,4.0,3405.9,3149.0,3154.0,2025-01-17 17:00:00,2025-01-17 22:00:00,3405.9,3400.8,-0.15,-9.99,ACX,5.0,0.949,-0.467,8.1,DOWN,0.0,0.0,0.0,-9.99,200.0,1.1744326022490383,4.0,3405.9,3149.0,3156.0,2025-01-18 00:00:00,3405.9,3420.44,0.427,13.08,MFE,7.0,1.295,-0.467,8.1,DOWN,-0.40170762500367013,-0.40170762500367013,0.0,12.67829237499633,both
L,200.0,1.2494260449106194,4.0,3201.47,3408.0,3412.0,2025-01-28 12:00:00,2025-01-28 16:00:00,3201.47,3194.62,-0.214,-12.56,ACX,4.0,0.641,-0.436,6.1,DOWN,-0.16149580618462647,-0.16149580618462647,0.0,-12.721495806184627,200.0,1.2494260449106194,4.0,3201.47,3408.0,3414.0,2025-01-28 18:00:00,3201.47,3195.71,-0.18,-11.2,MH,6.0,0.641,-0.613,6.1,DOWN,-0.16149580618462647,-0.16149580618462647,-0.16149580618462647,-11.361495806184626,both
L,200.0,1.2498828234852981,4.0,3200.3,3456.0,3459.0,2025-01-30 12:00:00,2025-01-30 15:00:00,3200.3,3185.1,-0.475,-23.0,ACX,3.0,0.455,-0.591,23.2,DOWN,0.0,0.0,0.0,-23.0,200.0,1.2498828234852981,4.0,3200.3,3456.0,3464.0,2025-01-30 20:00:00,3200.3,3221.16,0.652,22.07,MHx,8.0,0.896,-0.728,23.2,DOWN,-0.3986763185401368,-0.3986763185401368,-0.3986763185401368,21.671323681459864,both
L,200.0,1.4480896077849297,4.0,2762.26,3568.0,3571.0,2025-02-04 04:00:00,2025-02-04 07:00:00,2762.26,2867.86,3.823,148.92,TP,3.0,5.687,-2.485,10.1,DOWN,0.0,0.0,0.0,148.92,200.0,1.4480896077849297,4.0,2762.26,3568.0,3571.0,2025-02-04 07:00:00,2762.26,2867.86,3.823,148.92,TP,3.0,5.687,-2.485,10.1,DOWN,0.0,0.0,0.0,148.92,both
L,200.0,1.429296285973601,4.0,2798.58,3608.0,3611.0,2025-02-05 20:00:00,2025-02-05 23:00:00,2798.58,2785.76,-0.458,-22.32,MFE,3.0,1.051,-1.131,17.2,DOWN,0.0,0.0,0.0,-22.32,200.0,1.429296285973601,4.0,2798.58,3608.0,3611.0,2025-02-05 23:00:00,2798.58,2785.76,-0.458,-22.32,MFE,3.0,1.051,-1.131,17.2,DOWN,0.0,0.0,0.0,-22.32,both
L,200.0,1.4417895491884527,4.0,2774.33,3658.0,3661.0,2025-02-07 22:00:00,2025-02-08 01:00:00,2774.33,2692.38,-2.954,-122.15,ACX,3.0,0.785,-3.053,22.2,DOWN,0.046953797306073755,0.046953797306073755,0.046953797306073755,-122.10304620269393,200.0,1.4417895491884527,4.0,2774.33,3658.0,3662.0,2025-02-08 02:00:00,2774.33,2672.94,-3.655,-150.18,SN,4.0,0.785,-4.118,22.2,DOWN,0.046953797306073755,0.046953797306073755,0.046953797306073755,-150.13304620269395,both
L,200.0,1.5132656651370073,4.0,2643.29,3725.0,3731.0,2025-02-10 17:00:00,2025-02-10 23:00:00,2643.29,2649.48,0.234,5.37,MFE,6.0,1.603,-0.503,24.2,DOWN,0.0,0.0,0.0,5.37,200.0,1.5132656651370073,4.0,2643.29,3725.0,3731.0,2025-02-10 23:00:00,2643.29,2649.48,0.234,5.37,MFE,6.0,1.603,-0.503,24.2,DOWN,0.0,0.0,0.0,5.37,both
L,200.0,1.4577259475218658,4.0,2744.0,3787.0,3793.0,2025-02-13 07:00:00,2025-02-13 13:00:00,2744.0,2720.68,-0.85,-37.99,MH,6.0,0.456,-1.156,21.2,DOWN,-0.380646,-0.380646,-0.380646,-38.370646,200.0,1.4577259475218658,4.0,2744.0,3787.0,3793.0,2025-02-13 13:00:00,2744.0,2720.68,-0.85,-37.99,MH,6.0,0.456,-1.156,21.2,DOWN,-0.380646,-0.380646,-0.380646,-38.370646,both
L,200.0,1.491296421261413,4.0,2682.23,3814.0,3817.0,2025-02-14 10:00:00,2025-02-14 13:00:00,2682.23,2698.39,0.602,20.1,MFE,3.0,1.434,-0.132,24.2,DOWN,0.0,0.0,0.0,20.1,200.0,1.491296421261413,4.0,2682.23,3814.0,3817.0,2025-02-14 13:00:00,2682.23,2698.39,0.602,20.1,MFE,3.0,1.434,-0.132,24.2,DOWN,0.0,0.0,0.0,20.1,both
L,200.0,1.4826950948739523,4.0,2697.79,3939.0,3945.0,2025-02-19 15:00:00,2025-02-19 21:00:00,2697.79,2703.32,0.205,4.2,MFE,6.0,1.421,-0.054,21.2,SIDE,-0.29192348069460056,-0.29192348069460056,-0.29192348069460056,3.9080765193053995,200.0,1.4826950948739523,4.0,2697.79,3939.0,3945.0,2025-02-19 21:00:00,2697.79,2703.32,0.205,4.2,MFE,6.0,1.421,-0.054,21.2,SIDE,-0.29192348069460056,-0.29192348069460056,-0.29192348069460056,3.9080765193053995,both
L,200.0,1.4575347257648412,4.0,2744.36,3967.0,3972.0,2025-02-20 19:00:00,2025-02-21 00:00:00,2744.36,2711.25,-1.206,-52.26,ACX,5.0,0.952,-1.398,0.0,MILD_UP,-0.25307913903423745,-0.25307913903423745,0.0,-52.51307913903423,200.0,1.4575347257648412,4.0,2744.36,3967.0,3974.0,2025-02-21 02:00:00,2744.36,2734.17,-0.371,-18.85,MH,7.0,0.952,-1.411,0.0,MILD_UP,-0.25307913903423745,-0.25307913903423745,-0.25307913903423745,-19.10307913903424,both
L,200.0,1.4519108962282985,4.0,2754.99,3986.0,3989.0,2025-02-21 14:00:00,2025-02-21 17:00:00,2754.99,2749.83,-0.187,-11.49,ACX,3.0,0.506,-0.306,17.2,MILD_UP,-0.2649513442880011,-0.2649513442880011,-0.2649513442880011,-11.754951344288001,200.0,1.4519108962282985,4.0,2754.99,3986.0,3990.0,2025-02-21 18:00:00,2754.99,2780.72,0.934,33.36,MFE,4.0,2.755,-0.306,17.2,MILD_UP,-0.2649513442880011,-0.2649513442880011,-0.2649513442880011,33.095048655712,both
L,,,,,,,2025-02-27 18:00:00,,,,,,,,,,,,,,,,200.0,1.6961010876248226,4.0,2358.35,4134.0,4140.0,2025-02-28 00:00:00,2358.35,2322.32,-1.528,-65.11,MH,6.0,0.979,-2.912,9.1,DOWN,-0.1980305389704044,-0.1980305389704044,0.0,-65.3080305389704,right_only
L,200.0,1.8268176835951773,4.0,2189.6,4275.0,4278.0,2025-03-05 15:00:00,2025-03-05 18:00:00,2189.6,2238.03,2.212,84.47,MFE,3.0,3.297,-0.107,1.0,DOWN,-0.288110787575258,-0.288110787575258,-0.288110787575258,84.18188921242474,200.0,1.8268176835951773,4.0,2189.6,4275.0,4278.0,2025-03-05 18:00:00,2189.6,2238.03,2.212,84.47,MFE,3.0,3.297,-0.107,1.0,DOWN,-0.288110787575258,-0.288110787575258,-0.288110787575258,84.18188921242474,both
L,200.0,1.9284543438434096,4.0,2074.2,4396.0,4398.0,2025-03-10 16:00:00,2025-03-10 18:00:00,2074.2,2100.98,1.291,47.64,MFE,2.0,3.799,-1.323,19.2,DOWN,0.0,-0.10300996031005206,0.0,47.64,200.0,1.9284543438434096,4.0,2074.2,4396.0,4398.0,2025-03-10 18:00:00,2074.2,2100.98,1.291,47.64,MFE,2.0,3.799,-1.323,19.2,DOWN,0.0,-0.10300996031005206,0.0,47.64,both
L,200.0,2.0874974558624757,4.0,1916.17,4422.0,4425.0,2025-03-11 18:00:00,2025-03-11 21:00:00,1916.17,1894.21,-1.146,-49.84,ACX,3.0,0.612,-1.568,10.1,DOWN,0.0,0.0,0.0,-49.84,200.0,2.0874974558624757,4.0,1916.17,4422.0,4426.0,2025-03-11 22:00:00,1916.17,1902.49,-0.714,-32.56,MFE,4.0,2.797,-2.673,10.1,DOWN,0.0,0.0,0.0,-32.56,both
L,200.0,2.111029601912593,4.0,1894.81,4490.0,4497.0,2025-03-14 14:00:00,2025-03-14 21:00:00,1894.81,1901.8,0.369,10.76,BE,7.0,0.707,-0.393,23.2,DOWN,-0.3068054428676227,-0.3068054428676227,-0.3068054428676227,10.453194557132377,200.0,2.111029601912593,4.0,1894.81,4490.0,4497.0,2025-03-14 21:00:00,1894.81,1901.8,0.369,10.76,BE,7.0,0.707,-0.393,23.2,DOWN,-0.3068054428676227,-0.3068054428676227,-0.3068054428676227,10.453194557132377,both
L,200.0,2.0274928024005514,4.0,1972.88,4615.0,4617.0,2025-03-19 19:00:00,2025-03-19 21:00:00,1972.88,2003.11,1.532,57.29,MFE,2.0,3.034,-0.009,20.2,DOWN,0.0,0.0,0.0,57.29,200.0,2.0274928024005514,4.0,1972.88,4615.0,4617.0,2025-03-19 21:00:00,1972.88,2003.11,1.532,57.29,MFE,2.0,3.034,-0.009,20.2,DOWN,0.0,0.0,0.0,57.29,both
L,200.0,2.154243860404998,4.0,1856.8,4923.0,4927.0,2025-04-01 15:00:00,2025-04-01 19:00:00,1856.8,1872.49,0.845,29.8,MFE,4.0,1.864,-0.288,4.0,DOWN,-0.11486887725464735,-0.11486887725464735,-0.11486887725464735,29.685131122745354,200.0,2.154243860404998,4.0,1856.8,4923.0,4927.0,2025-04-01 19:00:00,1856.8,1872.49,0.845,29.8,MFE,4.0,1.864,-0.288,4.0,DOWN,-0.11486887725464735,-0.11486887725464735,-0.11486887725464735,29.685131122745354,both
L,200.0,2.2015763286513144,4.0,1816.88,4996.0,5000.0,2025-04-04 16:00:00,2025-04-04 20:00:00,1816.88,1783.16,-1.856,-78.24,ACX,4.0,0.981,-3.267,10.1,DOWN,0.0,0.0,0.08371953921007441,-78.24,200.0,2.2015763286513144,4.0,1816.88,4996.0,5002.0,2025-04-04 22:00:00,1816.88,1801.33,-0.856,-38.23,MH,6.0,0.981,-3.267,10.1,DOWN,0.0,0.0,0.08371953921007441,-38.23,both
L,200.0,2.54741373820229,4.0,1570.22,5081.0,5085.0,2025-04-08 05:00:00,2025-04-08 09:00:00,1570.22,1543.77,-1.684,-71.38,ACX,4.0,0.915,-1.721,15.2,DOWN,0.017321616588758266,0.017321616588758266,0.017321616588758266,-71.36267838341124,200.0,2.54741373820229,4.0,1570.22,5081.0,5087.0,2025-04-08 11:00:00,1570.22,1588.95,1.193,43.71,MFE,6.0,3.043,-1.912,15.2,DOWN,0.017321616588758266,0.017321616588758266,0.017321616588758266,43.72732161658876,both
L,,,,,,,2025-04-09 19:00:00,,,,,,,,,,,,,,,,200.0,2.6928229536228567,4.0,1485.43,5119.0,5123.0,2025-04-09 23:00:00,1485.43,1470.35,-1.015,-44.61,MFE,4.0,1.05,-3.124,23.2,DOWN,0.0,0.0,0.0,-44.61,right_only
L,,,,,,,2025-04-11 16:00:00,,,,,,,,,,,,,,,,200.0,2.577336194176509,4.0,1551.99,5164.0,5165.0,2025-04-11 17:00:00,1551.99,1550.79,-0.077,-7.09,MFE,1.0,1.31,-1.0,6.1,DOWN,0.0,0.0,0.23428000000000002,-7.09,right_only
L,,,,,,,2025-04-14 17:00:00,,,,,,,,,,,,,,,,200.0,2.442643673247556,4.0,1637.57,5237.0,5240.0,2025-04-14 20:00:00,1637.57,1674.63,2.263,86.52,MFE,3.0,3.298,-0.426,9.1,DOWN,0.0,0.0,0.0,86.52,right_only
L,,,,,,,2025-04-15 18:00:00,,,,,,,,,,,,,,,,200.0,2.4276116549635556,4.0,1647.71,5262.0,5267.0,2025-04-15 23:00:00,1647.71,1619.57,-1.708,-72.31,MH,5.0,0.787,-2.895,0.0,DOWN,0.0,0.0,0.0,-72.31,right_only
L,,,,,,,2025-04-17 14:00:00,,,,,,,,,,,,,,,,200.0,2.502674733621558,4.0,1598.29,5306.0,5312.0,2025-04-17 20:00:00,1598.29,1592.5,-0.362,-18.49,MH,6.0,0.726,-0.663,2.0,DOWN,-0.20771029437711555,-0.20771029437711555,-0.20771029437711555,-18.697710294377114,right_only
L,,,,,,,2025-04-18 20:00:00,,,,,,,,,,,,,,,,200.0,2.5158973262301165,4.0,1589.89,5336.0,5343.0,2025-04-19 03:00:00,1589.89,1592.72,0.178,3.12,BE,7.0,0.424,-0.776,23.2,SIDE,0.05939702858873406,0.05939702858873406,0.05939702858873406,3.1793970285887343,right_only
L,,,,,,,2025-04-22 22:00:00,,,,,,,,,,,,,,,,200.0,2.4355937673155497,4.0,1642.31,5434.0,5436.0,2025-04-23 00:00:00,1642.31,1702.41,3.659,142.38,TP,2.0,5.092,-0.315,22.2,SIDE,-0.33599588129401886,-0.33599588129401886,0.0,142.04400411870597,right_only
L,,,,,,,2025-04-23 06:00:00,,,,,,,,,,,,,,,,200.0,2.2809568614033586,4.0,1753.65,5442.0,5446.0,2025-04-23 10:00:00,1753.65,1761.34,0.439,13.54,MFE,4.0,2.016,-0.914,24.2,SIDE,-0.2674540260599321,-0.2674540260599321,-0.2674540260599321,13.272545973940067,right_only
L,,,,,,,2025-04-25 09:00:00,,,,,,,,,,,,,,,,200.0,2.2556942180917954,4.0,1773.29,5493.0,5498.0,2025-04-25 14:00:00,1773.29,1766.62,-0.376,-19.05,MH,5.0,0.936,-2.024,12.1,MILD_UP,0.0,0.0,0.0,-19.05,right_only
L,200.0,2.170138888888889,4.0,1843.2,5790.0,5794.0,2025-05-07 18:00:00,2025-05-07 22:00:00,1843.2,1827.97,-0.826,-37.05,ACX,4.0,0.179,-1.17,2.0,SIDE,0.0,0.0,0.0,-37.05,200.0,2.170138888888889,4.0,1843.2,5790.0,5796.0,2025-05-08 00:00:00,1843.2,1816.73,-1.436,-61.44,MH,6.0,0.179,-1.619,2.0,SIDE,0.025547765624999996,0.0,0.025547765624999996,-61.414452234375,both
L,200.0,1.7730968022199172,4.0,2255.94,5835.0,5836.0,2025-05-09 15:00:00,2025-05-09 16:00:00,2255.94,2363.81,4.782,187.26,TP,1.0,6.105,-0.032,16.2,MILD_UP,-0.41919909217443724,-0.41919909217443724,0.0,186.84080090782555,200.0,1.7730968022199172,4.0,2255.94,5835.0,5836.0,2025-05-09 16:00:00,2255.94,2363.81,4.782,187.26,TP,1.0,6.105,-0.032,16.2,MILD_UP,-0.41919909217443724,-0.41919909217443724,0.0,186.84080090782555,both
L,200.0,1.5183665412748966,4.0,2634.41,6148.0,6150.0,2025-05-22 16:00:00,2025-05-22 18:00:00,2634.41,2664.36,1.137,41.48,MFE,2.0,2.209,-0.304,16.2,SIDE,0.0,-0.3999104163740649,0.0,41.48,200.0,1.5183665412748966,4.0,2634.41,6148.0,6150.0,2025-05-22 18:00:00,2634.41,2664.36,1.137,41.48,MFE,2.0,2.209,-0.304,16.2,SIDE,0.0,-0.3999104163740649,0.0,41.48,both
L,200.0,1.4954389113204725,4.0,2674.8,6166.0,6167.0,2025-05-23 10:00:00,2025-05-23 11:00:00,2674.8,2704.83,1.123,40.91,MFE,1.0,2.224,-0.133,24.2,SIDE,0.0,0.0,0.0,40.91,200.0,1.4954389113204725,4.0,2674.8,6166.0,6167.0,2025-05-23 11:00:00,2674.8,2704.83,1.123,40.91,MFE,1.0,2.224,-0.133,24.2,SIDE,0.0,0.0,0.0,40.91,both
L,200.0,1.513637877274241,4.0,2642.64,6462.0,6465.0,2025-06-04 18:00:00,2025-06-04 21:00:00,2642.64,2615.72,-1.019,-44.75,ACX,3.0,0.255,-1.102,14.1,SIDE,0.0,0.0,0.0,-44.75,200.0,1.513637877274241,4.0,2642.64,6462.0,6470.0,2025-06-05 02:00:00,2642.64,2634.09,-0.324,-16.94,MFE,8.0,1.4,-1.871,14.1,SIDE,-0.31878104123149575,-0.31878104123149575,-0.31878104123149575,-17.258781041231497,both
L,200.0,1.598631571374903,4.0,2502.14,6514.0,6516.0,2025-06-06 22:00:00,2025-06-07 00:00:00,2502.14,2508.29,0.246,5.83,MFE,2.0,1.1,-0.359,8.1,SIDE,-0.10763518254203648,-0.10763518254203648,0.0,5.722364817457963,200.0,1.598631571374903,4.0,2502.14,6514.0,6516.0,2025-06-07 00:00:00,2502.14,2508.29,0.246,5.83,MFE,2.0,1.1,-0.359,8.1,SIDE,-0.10763518254203648,-0.10763518254203648,0.0,5.722364817457963,both
L,200.0,1.4424862693338238,4.0,2772.99,6608.0,6611.0,2025-06-10 20:00:00,2025-06-10 23:00:00,2772.99,2735.14,-1.365,-58.6,ACX,3.0,0.199,-2.019,21.2,SIDE,0.0,0.0,0.0,-58.6,200.0,1.4424862693338238,4.0,2772.99,6608.0,6613.0,2025-06-11 01:00:00,2772.99,2729.74,-1.56,-66.39,MH,5.0,0.199,-3.046,21.2,SIDE,-0.394062726515422,-0.394062726515422,-0.394062726515422,-66.78406272651543,both
L,200.0,1.6312548427878146,4.0,2452.1,7135.0,7141.0,2025-07-02 19:00:00,2025-07-03 01:00:00,2452.1,2559.78,4.391,171.65,TP,6.0,4.524,-0.884,2.0,MILD_UP,-0.21338911232090896,-0.21338911232090896,-0.21338911232090896,171.4366108876791,200.0,1.6312548427878146,4.0,2452.1,7135.0,7141.0,2025-07-03 01:00:00,2452.1,2559.78,4.391,171.65,TP,6.0,4.524,-0.884,2.0,MILD_UP,-0.21338911232090896,-0.21338911232090896,-0.21338911232090896,171.4366108876791,both
L,200.0,1.5680186907827942,4.0,2550.99,7274.0,7277.0,2025-07-08 14:00:00,2025-07-08 17:00:00,2550.99,2545.12,-0.23,-13.2,ACX,3.0,0.471,-0.234,13.1,MILD_UP,-0.11153152513531406,-0.11153152513531406,-0.11153152513531406,-13.311531525135313,200.0,1.5680186907827942,4.0,2550.99,7274.0,7283.0,2025-07-08 23:00:00,2550.99,2562.92,0.468,14.71,MFE,9.0,1.921,-0.352,13.1,MILD_UP,-0.11153152513531406,-0.11153152513531406,-0.11153152513531406,14.598468474864687,both
L,200.0,1.504324934185784,4.0,2659.0,7305.0,7312.0,2025-07-09 21:00:00,2025-07-10 04:00:00,2659.0,2763.56,3.932,153.29,TP,7.0,5.142,-1.166,9.1,MILD_UP,-0.25038055208725085,-0.25038055208725085,-0.25038055208725085,153.03961944791274,200.0,1.504324934185784,4.0,2659.0,7305.0,7312.0,2025-07-10 04:00:00,2659.0,2763.56,3.932,153.29,TP,7.0,5.142,-1.166,9.1,MILD_UP,-0.25038055208725085,-0.25038055208725085,-0.25038055208725085,153.03961944791274,both
L,200.0,1.4377163313792372,4.0,2782.19,7319.0,7324.0,2025-07-10 11:00:00,2025-07-10 16:00:00,2782.19,2789.54,0.264,6.57,MFE,5.0,1.439,-0.638,8.1,MILD_UP,-0.1126254680487242,-0.1126254680487242,0.0,6.457374531951276,200.0,1.4377163313792372,4.0,2782.19,7319.0,7324.0,2025-07-10 16:00:00,2782.19,2789.54,0.264,6.57,MFE,5.0,1.439,-0.638,8.1,MILD_UP,-0.1126254680487242,-0.1126254680487242,0.0,6.457374531951276,both
L,200.0,1.3316022504078031,4.0,3003.9,7346.0,7350.0,2025-07-11 14:00:00,2025-07-11 18:00:00,3003.9,3014.86,0.365,10.59,MFE,4.0,1.233,-1.444,7.1,MILD_UP,-0.39526615399980025,-0.39526615399980025,-0.39526615399980025,10.194733846000199,200.0,1.3316022504078031,4.0,3003.9,7346.0,7350.0,2025-07-11 18:00:00,3003.9,3014.86,0.365,10.59,MFE,4.0,1.233,-1.444,7.1,MILD_UP,-0.39526615399980025,-0.39526615399980025,-0.39526615399980025,10.194733846000199,both
L,200.0,1.045005786719544,4.0,3827.73,7779.0,7782.0,2025-07-29 15:00:00,2025-07-29 18:00:00,3827.73,3871.93,1.155,42.19,ACX,3.0,1.507,-0.007,15.2,MILD_UP,-0.4050996282391914,-0.4050996282391914,-0.4050996282391914,41.784900371760806,200.0,1.045005786719544,4.0,3827.73,7779.0,7783.0,2025-07-29 19:00:00,3827.73,3828.72,0.026,-2.97,MFE,4.0,1.507,-0.124,15.2,MILD_UP,-0.4050996282391914,-0.4050996282391914,-0.4050996282391914,-3.3750996282391914,both
L,200.0,1.0360037192533522,4.0,3860.99,7823.0,7829.0,2025-07-31 11:00:00,2025-07-31 17:00:00,3860.99,3862.08,0.028,-2.87,ACX,6.0,0.441,-0.202,4.0,MILD_UP,-0.4001364280373687,-0.4001364280373687,-0.4001364280373687,-3.270136428037369,200.0,1.0360037192533522,4.0,3860.99,7823.0,7831.0,2025-07-31 19:00:00,3860.99,3853.74,-0.188,-11.51,BE,8.0,0.441,-0.254,4.0,MILD_UP,-0.4001364280373687,-0.4001364280373687,-0.4001364280373687,-11.910136428037369,both
L,200.0,1.0997500817939123,4.0,3637.19,7970.0,7974.0,2025-08-06 14:00:00,2025-08-06 18:00:00,3637.19,3625.99,-0.308,-16.32,ACX,4.0,0.297,-0.803,13.1,DOWN,-0.3281091172031156,-0.3281091172031156,-0.3281091172031156,-16.648109117203116,200.0,1.0997500817939123,4.0,3637.19,7970.0,7976.0,2025-08-06 20:00:00,3637.19,3618.16,-0.523,-24.93,MH,6.0,0.297,-0.803,13.1,DOWN,-0.3281091172031156,-0.3281091172031156,-0.3281091172031156,-25.258109117203116,both
L,200.0,1.0807889759524454,4.0,3701.0,7996.0,8001.0,2025-08-07 16:00:00,2025-08-07 21:00:00,3701.0,3848.47,3.985,155.38,TP,5.0,4.026,-0.003,17.2,DOWN,0.0,-0.17140000000000002,0.0,155.38,200.0,1.0807889759524454,4.0,3701.0,7996.0,8001.0,2025-08-07 21:00:00,3701.0,3848.47,3.985,155.38,TP,5.0,4.026,-0.003,17.2,DOWN,0.0,-0.17140000000000002,0.0,155.38,both
L,200.0,1.0002625689243427,4.0,3998.95,8026.0,8029.0,2025-08-08 22:00:00,2025-08-09 01:00:00,3998.95,3969.81,-0.729,-33.15,ACX,3.0,0.151,-1.849,5.1,DOWN,-0.3954043585091087,-0.3954043585091087,-0.3954043585091087,-33.54540435850911,200.0,1.0002625689243427,4.0,3998.95,8026.0,8033.0,2025-08-09 05:00:00,3998.95,4056.82,1.447,53.89,MHx,7.0,1.777,-1.849,5.1,DOWN,-0.3954043585091087,-0.3954043585091087,-0.3954043585091087,53.49459564149089,both
L,200.0,0.9440753372119095,4.0,4236.95,8309.0,8313.0,2025-08-20 17:00:00,2025-08-20 21:00:00,4236.95,4203.28,-0.795,-35.79,ACX,4.0,0.02,-2.141,5.1,MILD_UP,0.0,0.0,0.0,-35.79,200.0,0.9440753372119095,4.0,4236.95,8309.0,8316.0,2025-08-21 00:00:00,4236.95,4253.47,0.39,11.6,MFE,7.0,1.643,-3.13,5.1,MILD_UP,-0.3642269065114339,-0.3642269065114339,0.0,11.235773093488566,both
L,200.0,0.9242720779715926,4.0,4327.73,8357.0,8360.0,2025-08-22 17:00:00,2025-08-22 20:00:00,4327.73,4272.72,-1.271,-54.84,ACX,3.0,0.072,-1.309,22.2,DOWN,0.0,0.0,0.0,-54.84,200.0,0.9242720779715926,4.0,4327.73,8357.0,8363.0,2025-08-22 23:00:00,4327.73,4611.8,6.564,258.56,TP,6.0,7.329,-2.813,22.2,DOWN,0.0,0.0,0.0,258.56,both
L,200.0,0.8679519588590772,4.0,4608.55,8503.0,8507.0,2025-08-28 19:00:00,2025-08-28 23:00:00,4608.55,4565.29,-0.939,-41.55,ACX,4.0,0.095,-1.466,6.1,MILD_UP,0.0,0.0,0.0,-41.55,200.0,0.8679519588590772,4.0,4608.55,8503.0,8510.0,2025-08-29 02:00:00,4608.55,4488.01,-2.616,-108.62,MH,7.0,0.095,-3.31,6.1,MILD_UP,-0.08498856361512841,-0.08498856361512841,-0.08498856361512841,-108.70498856361513,both
L,200.0,0.9195571412807592,4.0,4349.92,8646.0,8649.0,2025-09-03 18:00:00,2025-09-03 21:00:00,4349.92,4352.2,0.052,-1.9,ACX,3.0,0.782,-0.238,9.1,DOWN,0.0,0.0,0.0,-1.9,200.0,0.9195571412807592,4.0,4349.92,8646.0,8654.0,2025-09-04 02:00:00,4349.92,4469.84,2.757,106.27,MHx,8.0,3.183,-0.238,9.1,DOWN,-0.13067246091691267,-0.13067246091691267,-0.13067246091691267,106.13932753908308,both
L,200.0,0.9060022650056625,4.0,4415.0,8692.0,8698.0,2025-09-05 16:00:00,2025-09-05 22:00:00,4415.0,4441.23,0.594,19.76,MFE,6.0,1.8,-1.008,23.2,DOWN,0.0,0.0,0.1382511639840413,19.76,200.0,0.9060022650056625,4.0,4415.0,8692.0,8698.0,2025-09-05 22:00:00,4415.0,4441.23,0.594,19.76,MFE,6.0,1.8,-1.008,23.2,DOWN,0.0,0.0,0.1382511639840413,19.76,both
L,200.0,0.9237853954147911,4.0,4330.01,8813.0,8819.0,2025-09-10 17:00:00,2025-09-10 23:00:00,4330.01,4399.42,1.603,60.12,MFE,6.0,2.853,-0.564,21.2,DOWN,0.0,0.0,0.0,60.12,200.0,0.9237853954147911,4.0,4330.01,8813.0,8819.0,2025-09-10 23:00:00,4330.01,4399.42,1.603,60.12,MFE,6.0,2.853,-0.564,21.2,DOWN,0.0,0.0,0.0,60.12,both
L,200.0,0.9055387276275337,4.0,4417.26,8834.0,8838.0,2025-09-11 14:00:00,2025-09-11 18:00:00,4417.26,4415.01,-0.051,-6.04,ACX,4.0,0.747,-0.283,14.1,SIDE,-0.4019686411938623,-0.4019686411938623,-0.4019686411938623,-6.441968641193863,200.0,0.9055387276275337,4.0,4417.26,8834.0,8841.0,2025-09-11 21:00:00,4417.26,4424.45,0.163,2.51,MFE,7.0,1.498,-2.001,14.1,SIDE,-0.4019686411938623,-0.4019686411938623,-0.4019686411938623,2.1080313588061377,both
L,200.0,0.8985977382294928,4.0,4451.38,8851.0,8854.0,2025-09-12 07:00:00,2025-09-12 10:00:00,4451.38,4496.57,1.015,36.61,MFE,3.0,1.959,-0.068,0.0,SIDE,-0.1945617401182044,-0.1945617401182044,-0.1945617401182044,36.415438259881796,200.0,0.8985977382294928,4.0,4451.38,8851.0,8854.0,2025-09-12 10:00:00,4451.38,4496.57,1.015,36.61,MFE,3.0,1.959,-0.068,0.0,SIDE,-0.1945617401182044,-0.1945617401182044,-0.1945617401182044,36.415438259881796,both
L,200.0,0.8833454057205449,4.0,4528.24,8975.0,8981.0,2025-09-17 11:00:00,2025-09-17 17:00:00,4528.24,4509.28,-0.419,-20.75,BE,6.0,0.571,-1.477,16.2,MILD_UP,-0.21498356164867588,-0.21498356164867588,-0.21498356164867588,-20.964983561648676,200.0,0.8833454057205449,4.0,4528.24,8975.0,8981.0,2025-09-17 17:00:00,4528.24,4509.28,-0.419,-20.75,BE,6.0,0.571,-1.477,16.2,MILD_UP,-0.21498356164867588,-0.21498356164867588,-0.21498356164867588,-20.964983561648676,both
L,200.0,0.9542508296018148,4.0,4191.77,9155.0,9160.0,2025-09-24 23:00:00,2025-09-25 04:00:00,4191.77,4158.95,-0.783,-35.32,ACX,5.0,0.1,-0.944,22.2,DOWN,0.14367522034844468,0.14367522034844468,0.14367522034844468,-35.17632477965156,200.0,0.9542508296018148,4.0,4191.77,9155.0,9161.0,2025-09-25 05:00:00,4191.77,4163.06,-0.685,-31.4,MH,6.0,0.1,-1.097,22.2,DOWN,0.14367522034844468,0.14367522034844468,0.14367522034844468,-31.256324779651553,both
L,200.0,0.9324031058347456,4.0,4289.99,9317.0,9320.0,2025-10-01 17:00:00,2025-10-01 20:00:00,4289.99,4295.88,0.137,1.49,ACX,3.0,0.632,-0.296,9.1,DOWN,0.0,0.0,0.0,1.49,200.0,0.9324031058347456,4.0,4289.99,9317.0,9325.0,2025-10-02 01:00:00,4289.99,4322.64,0.761,26.44,MHx,8.0,1.242,-0.321,9.1,DOWN,0.03000293651034152,0.03000293651034152,0.03000293651034152,26.470002936510344,both
L,200.0,0.9233098812623494,4.0,4332.24,9328.0,9331.0,2025-10-02 04:00:00,2025-10-02 07:00:00,4332.24,4310.55,-0.501,-24.03,ACX,3.0,0.072,-1.101,22.2,DOWN,0.0,0.0,0.0,-24.03,,,,,,,,,,,,,,,,,,,,,,left_only
L,,,,,,,2025-10-02 08:00:00,,,,,,,,,,,,,,,,200.0,0.9204183301310445,4.0,4345.85,9332.0,9340.0,2025-10-02 16:00:00,4345.85,4373.65,0.64,21.59,MFE,8.0,1.759,-0.362,12.1,DOWN,-0.12209622840042907,-0.18157910259074855,0.0,21.46790377159957,right_only
L,200.0,0.9083044000535899,4.0,4403.81,9345.0,9353.0,2025-10-02 21:00:00,2025-10-03 05:00:00,4403.81,4488.99,1.934,73.37,MHx,8.0,2.562,-1.625,16.2,DOWN,-0.15040518102268743,-0.15040518102268743,-0.15040518102268743,73.21959481897731,,,,,,,,,,,,,,,,,,,,,,left_only
L,,,,,,,2025-10-02 22:00:00,,,,,,,,,,,,,,,,200.0,0.9060084213482764,4.0,4414.97,9346.0,9354.0,2025-10-03 06:00:00,4414.97,4466.66,1.171,42.83,MFE,8.0,2.303,-1.874,8.1,DOWN,-0.15002499229655494,-0.15002499229655494,-0.15002499229655494,42.67997500770344,right_only
L,200.0,0.8873114463176575,4.0,4508.0,9359.0,9360.0,2025-10-03 11:00:00,2025-10-03 12:00:00,4508.0,4498.96,-0.201,-12.02,MFE,1.0,1.131,-0.454,1.0,SIDE,0.0,0.0,0.0,-12.02,,,,,,,,,,,,,,,,,,,,,,left_only
L,200.0,0.990103911405502,4.0,4039.98,9675.0,9681.0,2025-10-16 15:00:00,2025-10-16 21:00:00,4039.98,4052.53,0.311,8.43,MFE,6.0,1.222,-2.542,17.2,DOWN,-0.03032279337091916,-0.03032279337091916,-0.03032279337091916,8.39967720662908,200.0,0.990103911405502,4.0,4039.98,9675.0,9681.0,2025-10-16 21:00:00,4039.98,4052.53,0.311,8.43,MFE,6.0,1.222,-2.542,17.2,DOWN,-0.03032279337091916,-0.03032279337091916,-0.03032279337091916,8.39967720662908,both
L,200.0,0.9953863841096517,4.0,4018.54,9763.0,9766.0,2025-10-20 07:00:00,2025-10-20 10:00:00,4018.54,3936.14,-2.05,-86.02,ACX,3.0,0.0,-2.778,16.2,DOWN,-0.09830942854849135,-0.09830942854849135,-0.09830942854849135,-86.11830942854849,200.0,0.9953863841096517,4.0,4018.54,9763.0,9770.0,2025-10-20 14:00:00,4018.54,4059.26,1.013,36.53,MHx,7.0,1.375,-2.778,16.2,DOWN,-0.09830942854849135,-0.09830942854849135,-0.09830942854849135,36.43169057145151,both
L,200.0,1.028335792769771,4.0,3889.78,9843.0,9848.0,2025-10-23 15:00:00,2025-10-23 20:00:00,3889.78,3861.86,-0.718,-32.71,ACX,5.0,0.403,-0.839,0.0,SIDE,-0.16649404600531195,-0.16649404600531195,-0.16649404600531195,-32.87649404600531,200.0,1.028335792769771,4.0,3889.78,9843.0,9849.0,2025-10-23 21:00:00,3889.78,3851.59,-0.982,-43.27,MH,6.0,0.403,-1.408,0.0,SIDE,-0.16649404600531195,-0.16649404600531195,-0.16649404600531195,-43.436494046005315,both
L,200.0,0.962213861652891,4.0,4157.08,9970.0,9975.0,2025-10-28 22:00:00,2025-10-29 03:00:00,4157.08,4113.19,-1.056,-46.23,MH,5.0,0.409,-2.191,22.2,MILD_UP,-0.07077322158823021,-0.07077322158823021,-0.07077322158823021,-46.30077322158823,200.0,0.962213861652891,4.0,4157.08,9970.0,9975.0,2025-10-29 03:00:00,4157.08,4113.19,-1.056,-46.23,MH,5.0,0.409,-2.191,22.2,MILD_UP,-0.07077322158823021,-0.07077322158823021,-0.07077322158823021,-46.30077322158823,both
L,,,,,,,2025-10-31 20:00:00,,,,,,,,,,,,,,,,200.0,1.033017832470333,4.0,3872.15,10040.0,10046.0,2025-11-01 02:00:00,3872.15,3826.68,-1.174,-50.97,MH,6.0,0.384,-1.795,22.2,SIDE,0.05114630166810232,0.05114630166810232,0.05114630166810232,-50.918853698331894,right_only
L,200.0,1.1963332386236185,4.0,3343.55,10161.0,10167.0,2025-11-05 21:00:00,2025-11-06 03:00:00,3343.55,3460.24,3.49,135.6,TP,6.0,4.036,-0.78,7.1,DOWN,-0.17621797000194403,-0.17621797000194403,-0.17621797000194403,135.42378202999805,200.0,1.1963332386236185,4.0,3343.55,10161.0,10167.0,2025-11-06 03:00:00,3343.55,3460.24,3.49,135.6,TP,6.0,4.036,-0.78,7.1,DOWN,-0.17621797000194403,-0.17621797000194403,-0.17621797000194403,135.42378202999805,both
L,200.0,1.1487419839348434,4.0,3482.07,10326.0,10331.0,2025-11-12 18:00:00,2025-11-12 23:00:00,3482.07,3500.94,0.542,17.68,MFE,5.0,3.02,-0.115,19.2,DOWN,0.0,0.0,0.0,17.68,200.0,1.1487419839348434,4.0,3482.07,10326.0,10331.0,2025-11-12 23:00:00,3482.07,3500.94,0.542,17.68,MFE,5.0,3.02,-0.115,19.2,DOWN,0.0,0.0,0.0,17.68,both
L,200.0,1.2556464852885318,4.0,3185.61,10442.0,10449.0,2025-11-17 14:00:00,2025-11-17 21:00:00,3185.61,3182.68,-0.092,-7.68,MFE,7.0,1.181,-0.498,21.2,DOWN,-0.401466595094817,-0.401466595094817,-0.401466595094817,-8.081466595094817,200.0,1.2556464852885318,4.0,3185.61,10442.0,10449.0,2025-11-17 21:00:00,3185.61,3182.68,-0.092,-7.68,MFE,7.0,1.181,-0.498,21.2,DOWN,-0.401466595094817,-0.401466595094817,-0.401466595094817,-8.081466595094817,both
L,200.0,1.3052700277369882,4.0,3064.5,10471.0,10474.0,2025-11-18 19:00:00,2025-11-18 22:00:00,3064.5,3047.0,-0.571,-26.84,ACX,3.0,0.301,-1.452,22.2,DOWN,0.0,0.0,0.0,-26.84,200.0,1.3052700277369882,4.0,3064.5,10471.0,10478.0,2025-11-19 02:00:00,3064.5,3134.29,2.277,87.09,MFE,7.0,3.374,-1.452,22.2,DOWN,-0.24027340101714895,-0.24027340101714895,-0.24027340101714895,86.84972659898285,both
L,200.0,1.3185002060156572,4.0,3033.75,10677.0,10679.0,2025-11-27 09:00:00,2025-11-27 11:00:00,3033.75,3035.75,0.066,-1.36,MFE,2.0,1.195,-0.247,13.1,DOWN,0.0,0.0,0.0,-1.36,200.0,1.3185002060156572,4.0,3033.75,10677.0,10679.0,2025-11-27 11:00:00,3033.75,3035.75,0.066,-1.36,MFE,2.0,1.195,-0.247,13.1,DOWN,0.0,0.0,0.0,-1.36,both
L,200.0,1.4226167612706815,4.0,2811.72,10803.0,10806.0,2025-12-02 15:00:00,2025-12-02 18:00:00,2811.72,2796.6,-0.538,-25.51,ACX,3.0,0.06,-1.107,23.2,MILD_UP,-0.22149692041317576,-0.22149692041317576,-0.22149692041317576,-25.73149692041318,200.0,1.4226167612706815,4.0,2811.72,10803.0,10812.0,2025-12-03 00:00:00,2811.72,3005.55,6.894,271.75,TP,9.0,7.622,-1.107,23.2,MILD_UP,-0.3988120990227102,-0.3988120990227102,-0.22149692041317576,271.35118790097727,both
L,,,,,,,2025-12-03 11:00:00,,,,,,,,,,,,,,,,200.0,1.320367326190146,4.0,3029.46,10823.0,10828.0,2025-12-03 16:00:00,3029.46,3056.41,0.89,31.58,MFE,5.0,1.812,-0.323,12.1,MILD_UP,-0.04467376760214692,-0.04467376760214692,0.0,31.53532623239785,right_only
L,200.0,1.3021045264408602,4.0,3071.95,10832.0,10835.0,2025-12-03 20:00:00,2025-12-03 23:00:00,3071.95,3074.79,0.092,-0.3,MFE,3.0,2.383,-1.366,19.2,MILD_UP,0.0,0.0,0.0,-0.3,,,,,,,,,,,,,,,,,,,,,,left_only
L,200.0,1.2729691368632767,4.0,3142.26,10949.0,10952.0,2025-12-08 17:00:00,2025-12-08 20:00:00,3142.26,3140.61,-0.053,-6.1,MFE,3.0,1.201,-0.297,8.1,MILD_UP,0.0,0.0,0.0,-6.1,200.0,1.2729691368632767,4.0,3142.26,10949.0,10952.0,2025-12-08 20:00:00,3142.26,3140.61,-0.053,-6.1,MFE,3.0,1.201,-0.297,8.1,MILD_UP,0.0,0.0,0.0,-6.1,both
L,200.0,1.402952513564797,4.0,2851.13,11190.0,11194.0,2025-12-18 18:00:00,2025-12-18 22:00:00,2851.13,2962.87,3.919,152.77,TP,4.0,4.508,-0.11,1.0,DOWN,0.0,0.0,0.0,152.77,200.0,1.402952513564797,4.0,2851.13,11190.0,11194.0,2025-12-18 22:00:00,2851.13,2962.87,3.919,152.77,TP,4.0,4.508,-0.11,1.0,DOWN,0.0,0.0,0.0,152.77,both
L,200.0,1.3541190609184313,4.0,2953.95,11214.0,11220.0,2025-12-19 18:00:00,2025-12-20 00:00:00,2953.95,2963.48,0.323,8.9,MFE,6.0,2.168,-0.422,20.2,DOWN,-0.36903346924344366,-0.36903346924344366,0.0,8.530966530756556,200.0,1.3541190609184313,4.0,2953.95,11214.0,11220.0,2025-12-20 00:00:00,2953.95,2963.48,0.323,8.9,MFE,6.0,2.168,-0.422,20.2,DOWN,-0.36903346924344366,-0.36903346924344366,0.0,8.530966530756556,both
L,200.0,1.352082206598161,4.0,2958.4,11347.0,11353.0,2025-12-25 07:00:00,2025-12-25 13:00:00,2958.4,2943.64,-0.499,-23.96,MH,6.0,0.024,-0.802,12.1,DOWN,-0.26000599256354784,-0.26000599256354784,-0.26000599256354784,-24.22000599256355,200.0,1.352082206598161,4.0,2958.4,11347.0,11353.0,2025-12-25 13:00:00,2958.4,2943.64,-0.499,-23.96,MH,6.0,0.024,-0.802,12.1,DOWN,-0.26000599256354784,-0.26000599256354784,-0.26000599256354784,-24.22000599256355,both
L,200.0,1.3409274524725026,4.0,2983.01,11386.0,11391.0,2025-12-26 22:00:00,2025-12-27 03:00:00,2983.01,2921.86,-2.05,-86.0,MH,5.0,0.031,-3.017,1.0,SIDE,-0.1351940625073332,-0.1351940625073332,-0.1351940625073332,-86.13519406250734,200.0,1.3409274524725026,4.0,2983.01,11386.0,11391.0,2025-12-27 03:00:00,2983.01,2921.86,-2.05,-86.0,MH,5.0,0.031,-3.017,1.0,SIDE,-0.1351940625073332,-0.1351940625073332,-0.1351940625073332,-86.13519406250734,both
L,200.0,1.3556564766488173,4.0,2950.6,11472.0,11477.0,2025-12-30 12:00:00,2025-12-30 17:00:00,2950.6,2976.7,0.885,31.38,MFE,5.0,1.776,-0.499,13.1,SIDE,-0.15674193466533992,-0.15674193466533992,-0.15674193466533992,31.223258065334658,200.0,1.3556564766488173,4.0,2950.6,11472.0,11477.0,2025-12-30 17:00:00,2950.6,2976.7,0.885,31.38,MFE,5.0,1.776,-0.499,13.1,SIDE,-0.15674193466533992,-0.15674193466533992,-0.15674193466533992,31.223258065334658,both
L,200.0,1.3354700854700856,4.0,2995.2,11483.0,11486.0,2025-12-30 23:00:00,2025-12-31 02:00:00,2995.2,2975.67,-0.652,-30.08,ACX,3.0,0.208,-1.047,20.2,SIDE,-0.39910389957264963,-0.39910389957264963,-0.39910389957264963,-30.47910389957265,200.0,1.3354700854700856,4.0,2995.2,11483.0,11489.0,2025-12-31 05:00:00,2995.2,2957.51,-1.258,-54.33,MH,6.0,0.208,-1.801,20.2,SIDE,-0.39910389957264963,-0.39910389957264963,-0.39910389957264963,-54.72910389957265,both
L,200.0,1.3331200341278728,4.0,3000.48,11504.0,11509.0,2025-12-31 20:00:00,2026-01-01 01:00:00,3000.48,2974.82,-0.855,-38.21,ACX,5.0,0.908,-1.429,13.1,SIDE,-0.1403192302564923,-0.1403192302564923,-0.1403192302564923,-38.350319230256495,200.0,1.3331200341278728,4.0,3000.48,11504.0,11510.0,2026-01-01 02:00:00,3000.48,2974.56,-0.864,-38.55,MH,6.0,0.908,-1.429,13.1,SIDE,-0.1403192302564923,-0.1403192302564923,-0.1403192302564923,-38.69031923025649,both
L,200.0,1.3406712741069453,4.0,2983.58,11527.0,11530.0,2026-01-01 19:00:00,2026-01-01 22:00:00,2983.58,2981.42,-0.072,-6.9,ACX,3.0,0.28,-0.12,0.0,SIDE,0.0,0.0,0.0,-6.9,200.0,1.3406712741069453,4.0,2983.58,11527.0,11533.0,2026-01-02 01:00:00,2983.58,2981.35,-0.075,-6.99,MH,6.0,0.346,-0.254,0.0,SIDE,0.02243656278698744,0.02243656278698744,0.02243656278698744,-6.967563437213013,both
L,200.0,1.2207515556952637,4.0,3276.67,11651.0,11654.0,2026-01-06 23:00:00,2026-01-07 02:00:00,3276.67,3194.48,-2.508,-104.33,ACX,3.0,0.739,-2.706,8.1,MILD_UP,-0.16969234008917589,-0.16969234008917589,-0.16969234008917589,-104.49969234008917,200.0,1.2207515556952637,4.0,3276.67,11651.0,11658.0,2026-01-07 06:00:00,3276.67,3274.77,-0.058,-6.32,MH,7.0,0.739,-2.929,8.1,MILD_UP,-0.16969234008917589,-0.16969234008917589,-0.16969234008917589,-6.489692340089176,both
L,,,,,,,2026-01-13 14:00:00,,,,,,,,,,,,,,,,200.0,1.2776776930251574,4.0,3130.68,11810.0,11817.0,2026-01-13 21:00:00,3130.68,3133.94,0.104,0.17,BE,7.0,0.558,-0.32,17.2,SIDE,-0.3654359707156272,-0.3654359707156272,-0.3654359707156272,-0.1954359707156272,right_only
L,,,,,,,2026-01-26 23:00:00,,,,,,,,,,,,,,,,200.0,1.369206544807284,4.0,2921.4,12131.0,12137.0,2026-01-27 05:00:00,2921.4,2900.17,-0.727,-33.07,MH,6.0,0.979,-1.248,22.2,DOWN,-0.05261670597886054,-0.05261670597886054,-0.05261670597886054,-33.122616705978864,right_only
L,200.0,2.022040238600748,4.0,1978.2,12395.0,12398.0,2026-02-06 23:00:00,2026-02-07 02:00:00,1978.2,2066.53,4.465,174.61,TP,3.0,5.652,-0.92,5.1,DOWN,-0.07412643574967141,-0.07412643574967141,-0.07412643574967141,174.53587356425035,200.0,2.022040238600748,4.0,1978.2,12395.0,12398.0,2026-02-07 02:00:00,1978.2,2066.53,4.465,174.61,TP,3.0,5.652,-0.92,5.1,DOWN,-0.07412643574967141,-0.07412643574967141,-0.07412643574967141,174.53587356425035,both
L,200.0,2.030663011473246,4.0,1969.8,12530.0,12533.0,2026-02-12 14:00:00,2026-02-12 17:00:00,1969.8,1964.59,-0.264,-14.58,ACX,3.0,0.638,-0.691,7.1,DOWN,-0.08952040533622317,-0.08952040533622317,-0.08952040533622317,-14.669520405336224,200.0,2.030663011473246,4.0,1969.8,12530.0,12537.0,2026-02-12 21:00:00,1969.8,1979.84,0.51,16.39,MFE,7.0,1.579,-0.691,7.1,DOWN,-0.08952040533622317,-0.08952040533622317,-0.08952040533622317,16.300479594663777,both
L,200.0,2.0425775285833194,4.0,1958.31,12557.0,12560.0,2026-02-13 17:00:00,2026-02-13 20:00:00,1958.31,1959.25,0.048,-2.08,ACX,3.0,0.52,-0.741,16.2,DOWN,0.0,0.0,0.0,-2.08,200.0,2.0425775285833194,4.0,1958.31,12557.0,12564.0,2026-02-14 00:00:00,1958.31,2033.71,3.85,150.01,TP,7.0,4.682,-0.741,16.2,DOWN,-0.17698259417559017,-0.17698259417559017,0.0,149.8330174058244,both
L,200.0,2.024178815956602,4.0,1976.11,12629.0,12632.0,2026-02-16 17:00:00,2026-02-16 20:00:00,1976.11,1975.15,-0.049,-5.94,ACX,3.0,0.816,-1.015,11.1,DOWN,0.0,0.0,0.0,-5.94,200.0,2.024178815956602,4.0,1976.11,12629.0,12634.0,2026-02-16 22:00:00,1976.11,1966.77,-0.473,-22.91,MFE,5.0,2.388,-1.015,11.1,DOWN,0.0,0.0,0.0,-22.91,both
L,200.0,1.9988806268489647,4.0,2001.12,12675.0,12677.0,2026-02-18 15:00:00,2026-02-18 17:00:00,2001.12,2019.59,0.923,32.92,MFE,2.0,1.856,-0.278,9.1,SIDE,0.15253517570160713,0.15253517570160713,0.15253517570160713,33.07253517570161,200.0,1.9988806268489647,4.0,2001.12,12675.0,12677.0,2026-02-18 17:00:00,2001.12,2019.59,0.923,32.92,MFE,2.0,1.856,-0.278,9.1,SIDE,0.15253517570160713,0.15253517570160713,0.15253517570160713,33.07253517570161,both
L,200.0,2.1509308153103253,4.0,1859.66,12835.0,12839.0,2026-02-25 07:00:00,2026-02-25 11:00:00,1859.66,1919.95,3.242,125.68,TP,4.0,4.627,-0.751,23.2,DOWN,0.09774798619102415,0.09774798619102415,0.09774798619102415,125.77774798619103,200.0,2.1509308153103253,4.0,1859.66,12835.0,12839.0,2026-02-25 11:00:00,1859.66,1919.95,3.242,125.68,TP,4.0,4.627,-0.751,23.2,DOWN,0.09774798619102415,0.09774798619102415,0.09774798619102415,125.77774798619103,both
L,200.0,2.077619878666999,4.0,1925.28,12848.0,12852.0,2026-02-25 20:00:00,2026-02-26 00:00:00,1925.28,2012.86,4.549,177.96,TP,4.0,5.332,-0.21,14.1,DOWN,-0.24060305746596816,-0.24060305746596816,0.0,177.71939694253405,200.0,2.077619878666999,4.0,1925.28,12848.0,12852.0,2026-02-26 00:00:00,1925.28,2012.86,4.549,177.96,TP,4.0,5.332,-0.21,14.1,DOWN,-0.24060305746596816,-0.24060305746596816,0.0,177.71939694253405,both
L,200.0,2.021702981506472,4.0,1978.53,12971.0,12972.0,2026-03-02 23:00:00,2026-03-03 00:00:00,1978.53,2046.39,3.43,133.19,TP,1.0,4.36,-0.28,8.1,SIDE,0.27868468381611,0.0,0.27868468381611,133.46868468381612,200.0,2.021702981506472,4.0,1978.53,12971.0,12972.0,2026-03-03 00:00:00,1978.53,2046.39,3.43,133.19,TP,1.0,4.36,-0.28,8.1,SIDE,0.27868468381611,0.0,0.27868468381611,133.46868468381612,both
L,200.0,1.9455158292031651,4.0,2056.01,13157.0,13160.0,2026-03-10 17:00:00,2026-03-10 20:00:00,2056.01,2060.77,0.232,5.26,ACX,3.0,0.875,-0.101,16.2,SIDE,0.0,0.0,0.0,5.26,200.0,1.9455158292031651,4.0,2056.01,13157.0,13165.0,2026-03-11 01:00:00,2056.01,2079.56,1.145,41.82,MHx,8.0,1.556,-2.346,16.2,SIDE,-0.10804435502792924,-0.10804435502792924,-0.10804435502792924,41.71195564497207,both
L,200.0,1.929943066679533,4.0,2072.6,13220.0,13221.0,2026-03-13 08:00:00,2026-03-13 09:00:00,2072.6,2118.16,2.198,83.93,TP,1.0,3.638,-0.169,9.1,MILD_UP,0.0,-0.09056349551288237,0.0,83.93,200.0,1.929943066679533,4.0,2072.6,13220.0,13221.0,2026-03-13 09:00:00,2072.6,2118.16,2.198,83.93,TP,1.0,3.638,-0.169,9.1,MILD_UP,0.0,-0.09056349551288237,0.0,83.93,both
L,200.0,1.8815825991241233,4.0,2125.87,13231.0,13234.0,2026-03-13 19:00:00,2026-03-13 22:00:00,2125.87,2184.54,2.76,106.39,TP,3.0,3.75,-0.413,18.2,MILD_UP,0.0,0.0,0.0,106.39,200.0,1.8815825991241233,4.0,2125.87,13231.0,13234.0,2026-03-13 22:00:00,2125.87,2184.54,2.76,106.39,TP,3.0,3.75,-0.413,18.2,MILD_UP,0.0,0.0,0.0,106.39,both
L,200.0,1.9404194216579915,4.0,2061.41,13637.0,13640.0,2026-03-30 17:00:00,2026-03-30 20:00:00,2061.41,2070.4,0.436,13.44,MFE,3.0,1.241,-0.728,23.2,DOWN,0.0,0.0,0.0,13.44,200.0,1.9404194216579915,4.0,2061.41,13637.0,13640.0,2026-03-30 20:00:00,2061.41,2070.4,0.436,13.44,MFE,3.0,1.241,-0.728,23.2,DOWN,0.0,0.0,0.0,13.44,both
L,200.0,1.892228145947557,4.0,2113.91,13677.0,13684.0,2026-04-01 09:00:00,2026-04-01 16:00:00,2113.91,2130.13,0.767,26.69,MFE,7.0,2.085,-1.548,9.1,DOWN,-0.19275764209450733,-0.19275764209450733,0.0,26.497242357905495,200.0,1.892228145947557,4.0,2113.91,13677.0,13684.0,2026-04-01 16:00:00,2113.91,2130.13,0.767,26.69,MFE,7.0,2.085,-1.548,9.1,DOWN,-0.19275764209450733,-0.19275764209450733,0.0,26.497242357905495,both
L,200.0,1.785929554008742,4.0,2239.73,13850.0,13855.0,2026-04-08 14:00:00,2026-04-08 19:00:00,2239.73,2241.69,0.088,-0.5,MFE,5.0,1.028,-0.25,14.1,MILD_UP,-0.23472298330965574,-0.23472298330965574,-0.23472298330965574,-0.7347229833096558,200.0,1.785929554008742,4.0,2239.73,13850.0,13855.0,2026-04-08 19:00:00,2239.73,2241.69,0.088,-0.5,MFE,5.0,1.028,-0.25,14.1,MILD_UP,-0.23472298330965574,-0.23472298330965574,-0.23472298330965574,-0.7347229833096558,both
L,200.0,1.806097384770987,4.0,2214.72,13904.0,13908.0,2026-04-10 20:00:00,2026-04-11 00:00:00,2214.72,2223.23,0.384,11.37,MFE,4.0,1.934,-0.359,1.0,MILD_UP,0.01798659153301546,0.0,0.01798659153301546,11.387986591533014,,,,,,,,,,,,,,,,,,,,,,left_only
L,200.0,1.6862411156171222,4.0,2372.14,13995.0,14000.0,2026-04-14 15:00:00,2026-04-14 20:00:00,2372.14,2373.12,0.041,-2.35,ACX,5.0,0.976,-0.233,3.0,MILD_UP,-0.40081445445884306,-0.40081445445884306,-0.40081445445884306,-2.750814454458843,200.0,1.6862411156171222,4.0,2372.14,13995.0,14003.0,2026-04-14 23:00:00,2372.14,2352.08,-0.846,-37.83,MFE,8.0,1.866,-0.849,3.0,MILD_UP,-0.40081445445884306,-0.40081445445884306,-0.40081445445884306,-38.230814454458844,both
L,200.0,1.6879916275615274,4.0,2369.68,14183.0,14187.0,2026-04-22 11:00:00,2026-04-22 15:00:00,2369.68,2392.4,0.959,34.35,MFE,4.0,1.885,-0.525,8.1,MILD_UP,0.0,0.0,0.0,34.35,200.0,1.6879916275615274,4.0,2369.68,14183.0,14187.0,2026-04-22 15:00:00,2369.68,2392.4,0.959,34.35,MFE,4.0,1.885,-0.525,8.1,MILD_UP,0.0,0.0,0.0,34.35,both
L,200.0,1.6639973376042598,4.0,2403.85,14193.0,14196.0,2026-04-22 21:00:00,2026-04-23 00:00:00,2403.85,2402.69,-0.048,-5.93,ACX,3.0,0.797,-0.628,1.0,MILD_UP,-0.31172820200927676,-0.31172820200927676,0.0,-6.241728202009276,200.0,1.6639973376042598,4.0,2403.85,14193.0,14200.0,2026-04-23 04:00:00,2403.85,2396.75,-0.295,-15.81,MH,7.0,0.797,-0.855,1.0,MILD_UP,-0.31172820200927676,-0.31172820200927676,-0.31172820200927676,-16.121728202009276,both
L,200.0,1.7648045037810938,4.0,2266.54,14398.0,14403.0,2026-05-01 10:00:00,2026-05-01 15:00:00,2266.54,2276.14,0.424,12.94,MFE,5.0,1.255,-0.157,4.0,SIDE,0.0,0.0,0.0,12.94,200.0,1.7648045037810938,4.0,2266.54,14398.0,14403.0,2026-05-01 15:00:00,2266.54,2276.14,0.424,12.94,MFE,5.0,1.255,-0.157,4.0,SIDE,0.0,0.0,0.0,12.94,both
L,200.0,1.679994624017203,4.0,2380.96,14496.0,14499.0,2026-05-05 12:00:00,2026-05-05 15:00:00,2380.96,2377.77,-0.134,-9.36,ACX,3.0,0.378,-0.638,8.1,SIDE,0.0,0.0,0.0,-9.36,200.0,1.679994624017203,4.0,2380.96,14496.0,14502.0,2026-05-05 18:00:00,2380.96,2368.61,-0.519,-24.75,MH,6.0,0.378,-0.664,8.1,SIDE,0.09633277689351354,0.09633277689351354,0.09633277689351354,-24.653667223106485,both
L,200.0,1.8691763474424994,4.0,2139.98,14836.0,14839.0,2026-05-19 16:00:00,2026-05-19 19:00:00,2139.98,2117.4,-1.055,-46.21,ACX,3.0,0.022,-1.6,21.2,DOWN,0.0,-0.22748016284637518,0.0,-46.21,200.0,1.8691763474424994,4.0,2139.98,14836.0,14841.0,2026-05-19 21:00:00,2139.98,2117.4,-1.055,-46.21,MH,5.0,0.022,-1.6,21.2,DOWN,0.0,-0.22748016284637518,0.0,-46.21,both
L,200.0,1.8902787688614378,4.0,2116.09,14983.0,14991.0,2026-05-25 19:00:00,2026-05-26 03:00:00,2116.09,2125.9,0.464,14.54,MHx,8.0,1.206,-0.239,21.2,DOWN,-0.13056923835942708,-0.13056923835942708,-0.13056923835942708,14.409430761640571,200.0,1.8902787688614378,4.0,2116.09,14983.0,14991.0,2026-05-26 03:00:00,2116.09,2125.9,0.464,14.54,MHx,8.0,1.206,-0.239,21.2,DOWN,-0.13056923835942708,-0.13056923835942708,-0.13056923835942708,14.409430761640571,both
L,200.0,2.4106405674647897,4.0,1659.31,15389.0,15394.0,2026-06-11 17:00:00,2026-06-11 22:00:00,1659.31,1652.44,-0.414,-20.56,ACX,5.0,0.861,-1.103,12.1,DOWN,0.0,0.0,0.0,-20.56,200.0,2.4106405674647897,4.0,1659.31,15389.0,15395.0,2026-06-11 23:00:00,1659.31,1642.25,-1.028,-45.13,MH,6.0,0.861,-1.284,12.1,DOWN,0.0,0.0,0.0,-45.13,both
L,200.0,2.3030993960121835,4.0,1736.79,15487.0,15490.0,2026-06-15 19:00:00,2026-06-15 22:00:00,1736.79,1813.3,4.405,172.21,TP,3.0,5.186,-0.21,20.2,SIDE,0.0,0.0,0.0,172.21,200.0,2.3030993960121835,4.0,1736.79,15487.0,15490.0,2026-06-15 22:00:00,1736.79,1813.3,4.405,172.21,TP,3.0,5.186,-0.21,20.2,SIDE,0.0,0.0,0.0,172.21,both
L,200.0,2.291265695170012,4.0,1745.76,15652.0,15659.0,2026-06-22 16:00:00,2026-06-22 23:00:00,1745.76,1753.74,0.457,14.28,MFE,7.0,1.904,-0.183,22.2,MILD_UP,0.0,-0.07764,0.0,14.28,200.0,2.291265695170012,4.0,1745.76,15652.0,15659.0,2026-06-22 23:00:00,1745.76,1753.74,0.457,14.28,MFE,7.0,1.904,-0.183,22.2,MILD_UP,0.0,-0.07764,0.0,14.28,both
L,200.0,2.4003840614498317,4.0,1666.4,15692.0,15696.0,2026-06-24 08:00:00,2026-06-24 12:00:00,1666.4,1666.03,-0.022,-4.89,ACX,4.0,0.811,-0.562,1.0,MILD_UP,0.0,-0.18315890086413825,0.0,-4.89,200.0,2.4003840614498317,4.0,1666.4,15692.0,15701.0,2026-06-24 17:00:00,1666.4,1672.56,0.37,10.79,MHx,9.0,0.811,-0.562,1.0,MILD_UP,-0.08878276527207106,-0.2719416661362093,-0.08878276527207106,10.701217234727928,both
L,200.0,2.382867184940279,4.0,1678.65,15704.0,15707.0,2026-06-24 20:00:00,2026-06-24 23:00:00,1678.65,1646.69,-1.904,-80.16,ACX,3.0,0.12,-2.481,22.2,SIDE,0.0,0.0,0.0,-80.16,,,,,,,,,,,,,,,,,,,,,,left_only
L,200.0,2.4195353282402112,4.0,1653.21,15723.0,15726.0,2026-06-25 15:00:00,2026-06-25 18:00:00,1653.21,1648.1,-0.309,-16.36,ACX,3.0,0.35,-0.454,7.1,SIDE,-0.1716202103514099,-0.1716202103514099,-0.1716202103514099,-16.53162021035141,200.0,2.4195353282402112,4.0,1653.21,15723.0,15729.0,2026-06-25 21:00:00,1653.21,1634.91,-1.107,-48.28,MH,6.0,0.35,-1.827,7.1,SIDE,-0.1716202103514099,-0.1716202103514099,-0.1716202103514099,-48.45162021035141,both
L,200.0,2.4351192904062384,4.0,1642.63,15894.0,15898.0,2026-07-02 18:00:00,2026-07-02 22:00:00,1642.63,1710.16,4.111,160.44,TP,4.0,4.338,-0.12,4.0,DOWN,0.0,0.0,0.0,160.44,200.0,2.4351192904062384,4.0,1642.63,15894.0,15898.0,2026-07-02 22:00:00,1642.63,1710.16,4.111,160.44,TP,4.0,4.338,-0.12,4.0,DOWN,0.0,0.0,0.0,160.44,both
L,200.0,2.33709020583922,4.0,1711.53,15910.0,15917.0,2026-07-03 10:00:00,2026-07-03 17:00:00,1711.53,1719.1,0.442,13.69,MFE,7.0,1.508,-0.948,3.0,DOWN,-0.40127838834259405,-0.40127838834259405,-0.40127838834259405,13.288721611657406,200.0,2.33709020583922,4.0,1711.53,15910.0,15917.0,2026-07-03 17:00:00,1711.53,1719.1,0.442,13.69,MFE,7.0,1.508,-0.948,3.0,DOWN,-0.40127838834259405,-0.40127838834259405,-0.40127838834259405,13.288721611657406,both
L,200.0,2.222765564915868,4.0,1799.56,16183.0,16185.0,2026-07-14 19:00:00,2026-07-14 21:00:00,1799.56,1860.7,3.397,131.9,TP,2.0,3.744,-0.346,13.1,MILD_UP,0.0,0.0,0.0,131.9,200.0,2.222765564915868,4.0,1799.56,16183.0,16185.0,2026-07-14 21:00:00,1799.56,1860.7,3.397,131.9,TP,2.0,3.744,-0.346,13.1,MILD_UP,0.0,0.0,0.0,131.9,both
L,200.0,2.126426699413638,4.0,1881.09,16195.0,16198.0,2026-07-15 07:00:00,2026-07-15 10:00:00,1881.09,1869.33,-0.625,-29.01,ACX,3.0,0.607,-0.824,1.0,MILD_UP,-0.15415081383665855,-0.15415081383665855,-0.15415081383665855,-29.16415081383666,200.0,2.126426699413638,4.0,1881.09,16195.0,16203.0,2026-07-15 15:00:00,1881.09,1874.82,-0.333,-17.33,BE,8.0,0.607,-0.945,1.0,MILD_UP,-0.15415081383665855,-0.15415081383665855,-0.15415081383665855,-17.484150813836656,both
L,200.0,2.089809566103289,4.0,1914.05,16341.0,16350.0,2026-07-21 09:00:00,2026-07-21 18:00:00,1914.05,1941.1,1.413,52.53,MHx,9.0,2.068,-0.547,12.1,MILD_UP,-0.16670106690152922,-0.16670106690152922,-0.16670106690152922,52.36329893309847,200.0,2.089809566103289,4.0,1914.05,16341.0,16350.0,2026-07-21 18:00:00,1914.05,1941.1,1.413,52.53,MHx,9.0,2.068,-0.547,12.1,MILD_UP,-0.16670106690152922,-0.16670106690152922,-0.16670106690152922,52.36329893309847,both
L,200.0,2.1108179419525066,4.0,1895.0,16420.0,16424.0,2026-07-24 16:00:00,2026-07-24 20:00:00,1895.0,1883.03,-0.632,-29.27,ACX,4.0,0.0,-1.044,19.2,MILD_UP,0.0,-0.07103999999999999,0.0,-29.27,200.0,2.1108179419525066,4.0,1895.0,16420.0,16427.0,2026-07-24 23:00:00,1895.0,1861.92,-1.746,-73.83,MH,7.0,0.0,-2.577,19.2,MILD_UP,0.0,-0.07103999999999999,0.0,-73.83,both
L,200.0,2.0860495436766624,4.0,1917.5,16567.0,16572.0,2026-07-30 19:00:00,2026-07-31 00:00:00,1917.5,1917.96,0.024,-3.04,ACX,5.0,0.992,-0.282,8.1,SIDE,-0.07962146158179921,-0.07962146158179921,0.0,-3.1196214615817994,200.0,2.0860495436766624,4.0,1917.5,16567.0,16574.0,2026-07-31 02:00:00,1917.5,1919.89,0.125,0.99,BE,7.0,0.992,-0.282,8.1,SIDE,-0.07962146158179921,-0.07962146158179921,-0.07962146158179921,0.9103785384182008,both
L,200.0,2.115618553974718,4.0,1890.7,16874.0,16882.0,2026-08-12 14:00:00,2026-08-12 22:00:00,1890.7,1900.38,0.512,16.48,MFE,8.0,1.813,-0.331,14.1,SIDE,-0.29161696514518426,-0.29161696514518426,-0.29161696514518426,16.188383034854816,200.0,2.115618553974718,4.0,1890.7,16874.0,16882.0,2026-08-12 22:00:00,1890.7,1900.38,0.512,16.48,MFE,8.0,1.813,-0.331,14.1,SIDE,-0.29161696514518426,-0.29161696514518426,-0.29161696514518426,16.188383034854816,both
L,200.0,2.0912845715480732,4.0,1912.7,17012.0,17015.0,2026-08-18 08:00:00,2026-08-18 11:00:00,1912.7,1892.13,-1.075,-47.02,ACX,3.0,0.049,-1.279,13.1,SIDE,0.0,-0.18531999999999998,0.0,-47.02,200.0,2.0912845715480732,4.0,1912.7,17012.0,17018.0,2026-08-18 14:00:00,1912.7,1894.57,-0.948,-41.91,MH,6.0,0.049,-1.49,13.1,SIDE,0.0,-0.18531999999999998,0.0,-41.91,both
L,200.0,1.7495210686074687,4.0,2286.34,17071.0,17072.0,2026-08-20 19:00:00,2026-08-20 20:00:00,2286.34,2295.6,0.405,12.2,MFE,1.0,1.419,-0.215,2.0,MILD_UP,0.0,0.0,0.0,12.2,200.0,1.7495210686074687,4.0,2286.34,17071.0,17072.0,2026-08-20 20:00:00,2286.34,2295.6,0.405,12.2,MFE,1.0,1.419,-0.215,2.0,MILD_UP,0.0,0.0,0.0,12.2,both
L,200.0,1.6958422188399591,4.0,2358.71,17086.0,17092.0,2026-08-21 10:00:00,2026-08-21 16:00:00,2358.71,2371.51,0.543,17.71,MFE,6.0,1.689,-0.957,21.2,MILD_UP,-0.40211992108737404,-0.40211992108737404,0.0,17.30788007891263,200.0,1.6958422188399591,4.0,2358.71,17086.0,17092.0,2026-08-21 16:00:00,2358.71,2371.51,0.543,17.71,MFE,6.0,1.689,-0.957,21.2,MILD_UP,-0.40211992108737404,-0.40211992108737404,0.0,17.30788007891263,both
L,200.0,1.5954052329291641,4.0,2507.2,17490.0,17495.0,2026-09-07 06:00:00,2026-09-07 11:00:00,2507.2,2510.81,0.144,1.76,MFE,5.0,1.149,-0.863,23.2,SIDE,-0.2708064132272221,-0.2708064132272221,-0.2708064132272221,1.489193586772778,200.0,1.5954052329291641,4.0,2507.2,17490.0,17495.0,2026-09-07 11:00:00,2507.2,2510.81,0.144,1.76,MFE,5.0,1.149,-0.863,23.2,SIDE,-0.2708064132272221,-0.2708064132272221,-0.2708064132272221,1.489193586772778,both
S,200.0,1.5226320217127325,4.0,2627.03,381.0,387.0,2024-09-24 09:00:00,2024-09-24 15:00:00,2627.03,2639.24,-0.465,-22.59,ACX,6.0,0.734,-0.842,33.3,MILD_UP,0.0,0.0,0.0,-22.59,200.0,1.5226320217127325,4.0,2627.03,381.0,391.0,2024-09-24 19:00:00,2627.03,2646.25,-0.732,-33.26,MH,10.0,0.734,-1.529,33.3,MILD_UP,0.19302238923803686,0.19302238923803686,0.19302238923803686,-33.06697761076196,both
S,200.0,1.5315753401054488,4.0,2611.69,395.0,398.0,2024-09-24 23:00:00,2024-09-25 02:00:00,2611.69,2646.74,-1.342,-57.68,ACX,3.0,0.256,-1.705,13.1,UP,0.18955854837289263,0.18955854837289263,0.18955854837289263,-57.490441451627106,,,,,,,,,,,,,,,,,,,,,,left_only
S,200.0,1.5287422655196004,4.0,2616.53,417.0,422.0,2024-09-25 21:00:00,2024-09-26 02:00:00,2616.53,2574.56,1.604,60.16,TP,5.0,2.116,-0.463,14.1,UP,0.1406210756994951,0.1406210756994951,0.1406210756994951,60.30062107569949,200.0,1.5287422655196004,4.0,2616.53,417.0,422.0,2024-09-26 02:00:00,2616.53,2574.56,1.604,60.16,TP,5.0,2.116,-0.463,14.1,UP,0.1406210756994951,0.1406210756994951,0.1406210756994951,60.30062107569949,both
S,200.0,1.5505558742809298,4.0,2579.72,562.0,564.0,2024-10-01 22:00:00,2024-10-02 00:00:00,2579.72,2523.54,2.178,83.11,TP,2.0,3.866,-0.423,1.0,MILD_UP,0.32868175993197574,0.0,0.32868175993197574,83.43868175993198,200.0,1.5505558742809298,4.0,2579.72,562.0,564.0,2024-10-02 00:00:00,2579.72,2523.54,2.178,83.11,TP,2.0,3.866,-0.423,1.0,MILD_UP,0.32868175993197574,0.0,0.32868175993197574,83.43868175993198,both
S,200.0,1.6428454082470838,4.0,2434.8,748.0,751.0,2024-10-09 16:00:00,2024-10-09 19:00:00,2434.8,2433.65,0.047,-2.11,ACX,3.0,0.352,-0.183,19.2,DOWN,0.0,0.0,0.14560693810969605,-2.11,200.0,1.6428454082470838,4.0,2434.8,748.0,759.0,2024-10-10 03:00:00,2434.8,2414.24,0.844,29.78,BE,11.0,1.101,-1.513,19.2,DOWN,0.40419582717266306,0.40419582717266306,0.5498027652823592,30.184195827172665,both
S,200.0,1.6985065880824284,4.0,2355.01,761.0,766.0,2024-10-10 05:00:00,2024-10-10 10:00:00,2355.01,2390.64,-1.513,-64.52,ACX,5.0,0.213,-1.908,31.3,DOWN,0.2681751659155606,0.2681751659155606,0.2681751659155606,-64.25182483408443,,,,,,,,,,,,,,,,,,,,,,left_only
S,200.0,1.5416040390025822,4.0,2594.7,890.0,893.0,2024-10-15 14:00:00,2024-10-15 17:00:00,2594.7,2616.76,-0.85,-38.01,ACX,3.0,0.112,-1.129,6.1,MILD_UP,0.4031602882799553,0.4031602882799553,0.4031602882799553,-37.60683971172004,200.0,1.5416040390025822,4.0,2594.7,890.0,900.0,2024-10-16 00:00:00,2594.7,2572.58,0.853,30.1,TP,10.0,2.238,-3.625,6.1,MILD_UP,0.7997502601456816,0.4031602882799553,0.7997502601456816,30.899750260145684,both
S,200.0,1.5163921996785248,4.0,2637.84,1053.0,1059.0,2024-10-22 09:00:00,2024-10-22 15:00:00,2637.84,2653.9,-0.609,-28.35,ACX,6.0,0.431,-0.825,34.3,UP,0.0,0.0,0.0,-28.35,200.0,1.5163921996785248,4.0,2637.84,1053.0,1063.0,2024-10-22 19:00:00,2637.84,2632.46,0.204,4.16,MHx,10.0,0.942,-0.825,34.3,UP,0.40132973810541955,0.40132973810541955,0.40132973810541955,4.56132973810542,both
S,200.0,1.5372199377425926,4.0,2602.1,1084.0,1087.0,2024-10-23 16:00:00,2024-10-23 19:00:00,2602.1,2581.29,0.8,27.99,ACX,3.0,1.52,-0.321,27.3,MILD_UP,0.0,0.0,0.40000870047269516,27.99,200.0,1.5372199377425926,4.0,2602.1,1084.0,1092.0,2024-10-24 00:00:00,2602.1,2539.53,2.405,92.18,TP,8.0,2.809,-0.321,27.3,MILD_UP,0.3903915112855002,0.0,0.7904002117581954,92.57039151128551,both
S,200.0,1.516748697492056,4.0,2637.22,1277.0,1283.0,2024-10-31 17:00:00,2024-10-31 23:00:00,2637.22,2556.05,3.078,119.11,TP,6.0,3.653,-0.447,10.1,DOWN,0.0,0.0,0.0,119.11,200.0,1.516748697492056,4.0,2637.22,1277.0,1283.0,2024-10-31 23:00:00,2637.22,2556.05,3.078,119.11,TP,6.0,3.653,-0.447,10.1,DOWN,0.0,0.0,0.0,119.11,both
S,200.0,1.5989574797232204,4.0,2501.63,1294.0,1298.0,2024-11-01 10:00:00,2024-11-01 14:00:00,2501.63,2510.54,-0.356,-18.25,ACX,4.0,1.372,-0.734,32.3,DOWN,0.0,0.0,0.0,-18.25,200.0,1.5989574797232204,4.0,2501.63,1294.0,1304.0,2024-11-01 20:00:00,2501.63,2515.84,-0.568,-26.72,MH,10.0,1.372,-0.985,32.3,DOWN,0.4004153497983315,0.4004153497983315,0.4004153497983315,-26.319584650201666,both
S,200.0,1.2458691650496323,4.0,3210.61,1584.0,1586.0,2024-11-13 12:00:00,2024-11-13 14:00:00,3210.61,3143.86,2.079,79.16,TP,2.0,2.35,-0.71,4.0,UP,0.0,0.0,0.0,79.16,200.0,1.2458691650496323,4.0,3210.61,1584.0,1586.0,2024-11-13 14:00:00,3210.61,3143.86,2.079,79.16,TP,2.0,2.35,-0.71,4.0,UP,0.0,0.0,0.0,79.16,both
S,200.0,1.2623592863882953,4.0,3168.67,1618.0,1620.0,2024-11-14 22:00:00,2024-11-15 00:00:00,3168.67,3079.25,2.822,108.88,TP,2.0,3.52,-0.903,2.0,UP,0.3887119832611159,0.0,0.3887119832611159,109.26871198326111,200.0,1.2623592863882953,4.0,3168.67,1618.0,1620.0,2024-11-15 00:00:00,3168.67,3079.25,2.822,108.88,TP,2.0,3.52,-0.903,2.0,UP,0.3887119832611159,0.0,0.3887119832611159,109.26871198326111,both
S,200.0,1.2818787214541632,4.0,3120.42,1732.0,1736.0,2024-11-19 16:00:00,2024-11-19 20:00:00,3120.42,3128.58,-0.262,-14.46,ACX,4.0,0.878,-0.385,33.3,MILD_UP,0.0,0.0,0.84936,-14.46,200.0,1.2818787214541632,4.0,3120.42,1732.0,1743.0,2024-11-20 03:00:00,3120.42,3143.29,-0.733,-33.32,BE,11.0,1.393,-1.029,33.3,MILD_UP,0.6113745445805372,0.6113745445805372,1.460734544580537,-32.708625455419465,both
S,200.0,1.1775164999499554,4.0,3396.98,1900.0,1903.0,2024-11-26 16:00:00,2024-11-26 19:00:00,3396.98,3320.1,2.263,86.53,TP,3.0,2.354,-0.084,29.3,MILD_UP,0.0,0.0,0.49080144481274535,86.53,200.0,1.1775164999499554,4.0,3396.98,1900.0,1903.0,2024-11-26 19:00:00,3396.98,3320.1,2.263,86.53,TP,3.0,2.354,-0.084,29.3,MILD_UP,0.0,0.0,0.49080144481274535,86.53,both
S,200.0,1.1071101380843118,4.0,3613.01,2070.0,2073.0,2024-12-03 18:00:00,2024-12-03 21:00:00,3613.01,3607.66,0.148,1.92,ACX,3.0,0.699,-0.233,15.2,UP,0.0,0.0,0.0,1.92,200.0,1.1071101380843118,4.0,3613.01,2070.0,2074.0,2024-12-03 22:00:00,3613.01,3548.21,1.794,67.74,TP,4.0,2.021,-0.233,15.2,UP,0.0,0.0,0.0,67.74,both
S,200.0,1.0433131452239732,4.0,3833.94,2128.0,2131.0,2024-12-06 04:00:00,2024-12-06 07:00:00,3833.94,3805.76,0.735,25.4,TP,3.0,5.711,-0.8,6.1,UP,0.0,0.0,0.0,25.4,200.0,1.0433131452239732,4.0,3833.94,2128.0,2131.0,2024-12-06 07:00:00,3833.94,3805.76,0.735,25.4,TP,3.0,5.711,-0.8,6.1,UP,0.0,0.0,0.0,25.4,both
S,200.0,1.0878463090734543,4.0,3676.99,2241.0,2244.0,2024-12-10 21:00:00,2024-12-11 00:00:00,3676.99,3568.08,2.962,114.48,TP,3.0,3.332,-1.509,6.1,MILD_UP,0.3880004618397113,0.0,0.3880004618397113,114.86800046183971,200.0,1.0878463090734543,4.0,3676.99,2241.0,2244.0,2024-12-11 00:00:00,3676.99,3568.08,2.962,114.48,TP,3.0,3.332,-1.509,6.1,MILD_UP,0.3880004618397113,0.0,0.3880004618397113,114.86800046183971,both
S,200.0,1.1886083773118432,4.0,3365.28,2621.0,2633.0,2024-12-26 17:00:00,2024-12-27 05:00:00,3365.28,3328.8,1.084,39.36,MHx,12.0,1.792,-0.522,32.3,DOWN,0.25048804353377074,0.25048804353377074,0.25048804353377074,39.61048804353377,200.0,1.1886083773118432,4.0,3365.28,2621.0,2633.0,2024-12-27 05:00:00,3365.28,3328.8,1.084,39.36,MHx,12.0,1.792,-0.522,32.3,DOWN,0.25048804353377074,0.25048804353377074,0.25048804353377074,39.61048804353377,both
S,200.0,1.0928513858721636,4.0,3660.15,2910.0,2915.0,2025-01-07 18:00:00,2025-01-07 23:00:00,3660.15,3567.95,2.519,96.76,TP,5.0,4.376,-0.13,6.1,MILD_UP,0.0,0.0,0.0,96.76,200.0,1.0928513858721636,4.0,3660.15,2910.0,2915.0,2025-01-07 23:00:00,3660.15,3567.95,2.519,96.76,TP,5.0,4.376,-0.13,6.1,MILD_UP,0.0,0.0,0.0,96.76,both
S,200.0,1.2093360744951023,4.0,3307.6,2931.0,2939.0,2025-01-08 15:00:00,2025-01-08 23:00:00,3307.6,3368.84,-1.851,-78.06,ACX,8.0,0.033,-2.219,23.2,MILD_UP,0.4055522927911477,0.4055522927911477,0.4055522927911477,-77.65444770720886,200.0,1.2093360744951023,4.0,3307.6,2931.0,2941.0,2025-01-09 01:00:00,3307.6,3313.17,-0.168,-10.74,MH,10.0,0.033,-2.337,23.2,MILD_UP,0.8101949339811344,0.8101949339811344,0.8101949339811344,-9.929805066018865,both
S,200.0,1.2169521433569626,4.0,3286.9,3268.0,3272.0,2025-01-22 16:00:00,2025-01-22 20:00:00,3286.9,3325.53,-1.175,-51.01,ACX,4.0,0.438,-1.297,18.2,MILD_UP,0.0,0.0,0.40000243390428675,-51.01,200.0,1.2169521433569626,4.0,3286.9,3268.0,3279.0,2025-01-23 03:00:00,3286.9,3248.92,1.155,42.22,BE,11.0,1.518,-1.364,18.2,MILD_UP,0.3988524141288144,0.3988524141288144,0.7988548480331011,42.61885241412881,both
S,200.0,1.4561869744075138,4.0,2746.9,3635.0,3636.0,2025-02-06 23:00:00,2025-02-07 00:00:00,2746.9,2704.25,1.553,58.11,TP,1.0,2.424,-0.461,20.2,DOWN,-0.30508328457533945,-0.30508328457533945,0.0,57.80491671542466,200.0,1.4561869744075138,4.0,2746.9,3635.0,3636.0,2025-02-07 00:00:00,2746.9,2704.25,1.553,58.11,TP,1.0,2.424,-0.461,20.2,DOWN,-0.30508328457533945,-0.30508328457533945,0.0,57.80491671542466,both
S,200.0,1.5192892764764643,4.0,2632.81,3754.0,3763.0,2025-02-11 22:00:00,2025-02-12 07:00:00,2632.81,2584.89,1.82,68.8,TP,9.0,3.036,-1.651,19.2,DOWN,-0.0499772504662319,-0.0499772504662319,-0.0499772504662319,68.75002274953377,200.0,1.5192892764764643,4.0,2632.81,3754.0,3763.0,2025-02-12 07:00:00,2632.81,2584.89,1.82,68.8,TP,9.0,3.036,-1.651,19.2,DOWN,-0.0499772504662319,-0.0499772504662319,-0.0499772504662319,68.75002274953377,both
S,200.0,1.5067615926470035,4.0,2654.7,3800.0,3810.0,2025-02-13 20:00:00,2025-02-14 06:00:00,2654.7,2665.6,-0.411,-20.42,MH,10.0,1.657,-0.871,0.0,DOWN,0.040960456508756696,0.040960456508756696,0.040960456508756696,-20.379039543491245,200.0,1.5067615926470035,4.0,2654.7,3800.0,3810.0,2025-02-14 06:00:00,2654.7,2665.6,-0.411,-20.42,MH,10.0,1.657,-0.871,0.0,DOWN,0.040960456508756696,0.040960456508756696,0.040960456508756696,-20.379039543491245,both
S,200.0,1.475334255417243,4.0,2711.25,3972.0,3975.0,2025-02-21 00:00:00,2025-02-21 03:00:00,2711.25,2736.47,-0.93,-41.21,ACX,3.0,0.207,-1.429,31.3,MILD_UP,0.0,0.0,0.256169761549101,-41.21,200.0,1.475334255417243,4.0,2711.25,3972.0,3982.0,2025-02-21 10:00:00,2711.25,2740.31,-1.072,-46.87,MH,10.0,0.207,-2.077,31.3,MILD_UP,0.14431090279391426,0.14431090279391426,0.4004806643430152,-46.725689097206086,both
S,200.0,1.644770657291474,4.0,2431.95,4113.0,4115.0,2025-02-26 21:00:00,2025-02-26 23:00:00,2431.95,2434.73,-0.114,-8.57,TP,2.0,2.618,-0.29,3.0,DOWN,0.0,0.0,0.0,-8.57,200.0,1.644770657291474,4.0,2431.95,4113.0,4115.0,2025-02-26 23:00:00,2431.95,2434.73,-0.114,-8.57,TP,2.0,2.618,-0.29,3.0,DOWN,0.0,0.0,0.0,-8.57,both
S,200.0,1.733477789815818,4.0,2307.5,4139.0,4143.0,2025-02-27 23:00:00,2025-02-28 03:00:00,2307.5,2325.81,-0.793,-35.74,ACX,4.0,0.773,-1.277,14.1,DOWN,0.20239450556049976,0.20239450556049976,0.20239450556049976,-35.537605494439504,200.0,1.733477789815818,4.0,2307.5,4139.0,4145.0,2025-02-28 05:00:00,2307.5,2255.1,2.271,86.83,TP,6.0,2.962,-1.277,14.1,DOWN,0.20239450556049976,0.20239450556049976,0.20239450556049976,87.0323945055605,both
S,200.0,1.8972901952785934,4.0,2108.27,4240.0,4244.0,2025-03-04 04:00:00,2025-03-04 08:00:00,2108.27,2148.22,-1.895,-79.8,ACX,4.0,0.624,-3.057,26.3,DOWN,-0.17558532370142343,-0.17558532370142343,0.0,-79.97558532370142,200.0,1.8972901952785934,4.0,2108.27,4240.0,4246.0,2025-03-04 10:00:00,2108.27,2055.65,2.496,95.84,TP,6.0,4.005,-3.057,26.3,DOWN,-0.17558532370142343,-0.17558532370142343,-0.17558532370142343,95.66441467629858,both
S,200.0,2.108048000252966,4.0,1897.49,4587.0,4599.0,2025-03-18 15:00:00,2025-03-19 03:00:00,1897.49,1889.46,0.423,12.93,MHx,12.0,1.389,-0.781,24.2,DOWN,0.22259508748136309,0.22259508748136309,0.22259508748136309,13.152595087481362,200.0,2.108048000252966,4.0,1897.49,4587.0,4599.0,2025-03-19 03:00:00,1897.49,1889.46,0.423,12.93,MHx,12.0,1.389,-0.781,24.2,DOWN,0.22259508748136309,0.22259508748136309,0.22259508748136309,13.152595087481362,both
S,200.0,1.9840187291368032,4.0,2016.11,4634.0,4639.0,2025-03-20 14:00:00,2025-03-20 19:00:00,2016.11,1981.71,1.706,64.25,TP,5.0,2.272,-0.271,26.3,DOWN,0.06182297414327591,0.06182297414327591,0.06182297414327591,64.31182297414328,200.0,1.9840187291368032,4.0,2016.11,4634.0,4639.0,2025-03-20 19:00:00,2016.11,1981.71,1.706,64.25,TP,5.0,2.272,-0.271,26.3,DOWN,0.06182297414327591,0.06182297414327591,0.06182297414327591,64.31182297414328,both
S,200.0,1.9732525615284815,4.0,2027.11,4786.0,4792.0,2025-03-26 22:00:00,2025-03-27 04:00:00,2027.11,1998.9,1.392,51.67,TP,6.0,2.304,-0.482,10.1,MILD_UP,-0.08872842717927198,-0.08872842717927198,-0.08872842717927198,51.58127157282073,200.0,1.9732525615284815,4.0,2027.11,4786.0,4792.0,2025-03-27 04:00:00,2027.11,1998.9,1.392,51.67,TP,6.0,2.304,-0.482,10.1,MILD_UP,-0.08872842717927198,-0.08872842717927198,-0.08872842717927198,51.58127157282073,both
S,200.0,2.0009804804354134,4.0,1999.02,4824.0,4825.0,2025-03-28 12:00:00,2025-03-28 13:00:00,1999.02,1936.31,3.137,121.48,TP,1.0,5.119,-0.243,25.3,MILD_UP,0.0,0.0,0.0,121.48,200.0,2.0009804804354134,4.0,1999.02,4824.0,4825.0,2025-03-28 13:00:00,1999.02,1936.31,3.137,121.48,TP,1.0,5.119,-0.243,25.3,MILD_UP,0.0,0.0,0.0,121.48,both
S,200.0,2.1562412402699613,4.0,1855.08,4946.0,4949.0,2025-04-02 14:00:00,2025-04-02 17:00:00,1855.08,1866.91,-0.638,-29.51,ACX,3.0,0.237,-1.103,24.2,DOWN,-0.0018089558401804772,-0.0018089558401804772,-0.0018089558401804772,-29.51180895584018,200.0,2.1562412402699613,4.0,1855.08,4946.0,4956.0,2025-04-03 00:00:00,1855.08,1900.09,-2.426,-101.05,MH,10.0,0.237,-3.392,24.2,DOWN,0.17280833721456645,-0.0018089558401804772,0.17280833721456645,-100.87719166278544,both
S,200.0,2.2316571728251104,4.0,1792.39,4975.0,4977.0,2025-04-03 19:00:00,2025-04-03 21:00:00,1792.39,1758.57,1.887,71.47,TP,2.0,2.506,-0.526,4.0,DOWN,0.0,0.0,0.0,71.47,200.0,2.2316571728251104,4.0,1792.39,4975.0,4977.0,2025-04-03 21:00:00,1792.39,1758.57,1.887,71.47,TP,2.0,2.506,-0.526,4.0,DOWN,0.0,0.0,0.0,71.47,both
S,200.0,2.613798240913784,4.0,1530.34,5099.0,5101.0,2025-04-08 23:00:00,2025-04-09 01:00:00,1530.34,1486.0,2.897,111.9,TP,2.0,3.208,-0.531,26.3,DOWN,-0.05718054314727447,-0.05718054314727447,-0.05718054314727447,111.84281945685274,200.0,2.613798240913784,4.0,1530.34,5099.0,5101.0,2025-04-09 01:00:00,1530.34,1486.0,2.897,111.9,TP,2.0,3.208,-0.531,26.3,DOWN,-0.05718054314727447,-0.05718054314727447,-0.05718054314727447,111.84281945685274,both
S,200.0,2.512562814070352,4.0,1592.0,5141.0,5146.0,2025-04-10 17:00:00,2025-04-10 22:00:00,1592.0,1568.24,1.492,55.7,TP,5.0,2.324,-2.237,17.2,DOWN,0.0,0.0,0.0,55.7,200.0,2.512562814070352,4.0,1592.0,5141.0,5146.0,2025-04-10 22:00:00,1592.0,1568.24,1.492,55.7,TP,5.0,2.324,-2.237,17.2,DOWN,0.0,0.0,0.0,55.7,both
S,200.0,2.4697913643744944,4.0,1619.57,5267.0,5273.0,2025-04-15 23:00:00,2025-04-16 05:00:00,1619.57,1594.39,1.555,58.19,TP,6.0,2.103,-0.704,33.3,DOWN,0.013404467852578154,0.013404467852578154,0.013404467852578154,58.20340446785258,200.0,2.4697913643744944,4.0,1619.57,5267.0,5273.0,2025-04-16 05:00:00,1619.57,1594.39,1.555,58.19,TP,6.0,2.103,-0.704,33.3,DOWN,0.013404467852578154,0.013404467852578154,0.013404467852578154,58.20340446785258,both
S,200.0,2.249212775528565,4.0,1778.4,5471.0,5477.0,2025-04-24 11:00:00,2025-04-24 17:00:00,1778.4,1733.8,2.508,96.31,TP,6.0,3.215,-0.678,0.0,MILD_UP,0.2854544464687359,0.2854544464687359,0.2854544464687359,96.59545444646874,200.0,2.249212775528565,4.0,1778.4,5471.0,5477.0,2025-04-24 17:00:00,1778.4,1733.8,2.508,96.31,TP,6.0,3.215,-0.678,0.0,MILD_UP,0.2854544464687359,0.2854544464687359,0.2854544464687359,96.59545444646874,both
S,200.0,2.293854191158339,4.0,1743.79,5495.0,5498.0,2025-04-25 11:00:00,2025-04-25 14:00:00,1743.79,1766.62,-1.309,-56.37,ACX,3.0,0.275,-1.584,32.3,MILD_UP,0.0,0.0,0.0,-56.37,200.0,2.293854191158339,4.0,1743.79,5495.0,5505.0,2025-04-25 21:00:00,1743.79,1772.0,-1.618,-68.71,MH,10.0,0.275,-3.338,32.3,MILD_UP,0.3190509789118724,0.3190509789118724,0.3190509789118724,-68.39094902108812,both
S,200.0,2.2544356020470278,4.0,1774.28,5625.0,5626.0,2025-04-30 21:00:00,2025-04-30 22:00:00,1774.28,1740.14,1.924,72.97,TP,1.0,2.293,-0.05,5.1,UP,0.0,0.0,0.0,72.97,200.0,2.2544356020470278,4.0,1774.28,5625.0,5626.0,2025-04-30 22:00:00,1774.28,1740.14,1.924,72.97,TP,1.0,2.293,-0.05,5.1,UP,0.0,0.0,0.0,72.97,both
S,200.0,2.1845269952923445,4.0,1831.06,5666.0,5672.0,2025-05-02 14:00:00,2025-05-02 20:00:00,1831.06,1832.39,-0.073,-6.91,ACX,6.0,1.041,-0.302,17.2,MILD_UP,-0.22987671311695063,-0.22987671311695063,-0.22987671311695063,-7.1398767131169505,200.0,2.1845269952923445,4.0,1831.06,5666.0,5676.0,2025-05-03 00:00:00,1831.06,1840.21,-0.5,-23.99,MH,10.0,1.041,-1.23,17.2,MILD_UP,-0.2535164948085723,-0.2535164948085723,-0.22987671311695063,-24.24351649480857,both
S,200.0,1.5523069221246426,4.0,2576.81,5974.0,5980.0,2025-05-15 10:00:00,2025-05-15 16:00:00,2576.81,2529.6,1.832,69.28,TP,6.0,2.445,-0.794,20.2,UP,0.392688634396793,0.0,0.392688634396793,69.67268863439679,200.0,1.5523069221246426,4.0,2576.81,5974.0,5980.0,2025-05-15 16:00:00,2576.81,2529.6,1.832,69.28,TP,6.0,2.445,-0.794,20.2,UP,0.392688634396793,0.0,0.392688634396793,69.67268863439679,both
S,200.0,1.6107015007711234,4.0,2483.39,6105.0,6113.0,2025-05-20 21:00:00,2025-05-21 05:00:00,2483.39,2512.58,-1.175,-51.02,ACX,8.0,1.812,-1.586,24.2,MILD_UP,0.04692236982511809,0.04692236982511809,0.04692236982511809,-50.973077630174885,200.0,1.6107015007711234,4.0,2483.39,6105.0,6115.0,2025-05-21 07:00:00,2483.39,2515.34,-1.287,-55.46,MH,10.0,1.812,-1.716,24.2,MILD_UP,0.04692236982511809,0.04692236982511809,0.04692236982511809,-55.41307763017488,both
S,200.0,1.518810467641743,4.0,2633.64,6286.0,6289.0,2025-05-28 10:00:00,2025-05-28 13:00:00,2633.64,2645.63,-0.455,-22.21,ACX,3.0,0.632,-0.692,29.3,MILD_UP,0.0,0.0,0.0,-22.21,200.0,1.518810467641743,4.0,2633.64,6286.0,6296.0,2025-05-28 20:00:00,2633.64,2655.99,-0.849,-37.95,MH,10.0,1.049,-0.961,29.3,MILD_UP,0.4002612354004344,0.4002612354004344,0.4002612354004344,-37.54973876459957,both
S,200.0,1.5137409837802653,4.0,2642.46,6324.0,6333.0,2025-05-30 00:00:00,2025-05-30 09:00:00,2642.46,2572.24,2.657,102.29,TP,9.0,3.272,-1.15,27.3,MILD_UP,0.29773444623312856,0.29773444623312856,0.6305731866492559,102.58773444623313,200.0,1.5137409837802653,4.0,2642.46,6324.0,6333.0,2025-05-30 09:00:00,2642.46,2572.24,2.657,102.29,TP,9.0,3.272,-1.15,27.3,MILD_UP,0.29773444623312856,0.29773444623312856,0.6305731866492559,102.58773444623313,both
S,200.0,1.450920790606739,4.0,2756.87,6647.0,6651.0,2025-06-12 11:00:00,2025-06-12 15:00:00,2756.87,2767.16,-0.373,-18.93,ACX,4.0,0.43,-0.706,34.3,MILD_UP,0.0,0.0,0.0,-18.93,200.0,1.450920790606739,4.0,2756.87,6647.0,6659.0,2025-06-12 23:00:00,2756.87,2763.45,-0.239,-13.55,BE,12.0,1.672,-0.706,34.3,MILD_UP,0.3975508983013346,0.3975508983013346,0.3975508983013346,-13.152449101698666,both
S,200.0,1.4715349949415986,4.0,2718.25,6660.0,6665.0,2025-06-13 00:00:00,2025-06-13 05:00:00,2718.25,2637.87,2.957,114.28,TP,5.0,3.826,-1.903,8.1,MILD_UP,0.0,0.0,0.21332,114.28,,,,,,,,,,,,,,,,,,,,,,left_only
S,200.0,1.5577901189372758,4.0,2567.74,7178.0,7182.0,2025-07-04 14:00:00,2025-07-04 18:00:00,2567.74,2550.59,0.668,22.72,ACX,4.0,1.635,-0.049,4.0,MILD_UP,0.26126456666173375,0.26126456666173375,0.26126456666173375,22.981264566661732,200.0,1.5577901189372758,4.0,2567.74,7178.0,7187.0,2025-07-04 23:00:00,2567.74,2515.37,2.04,77.58,TP,9.0,2.855,-0.049,4.0,MILD_UP,0.26126456666173375,0.26126456666173375,0.26126456666173375,77.84126456666174,both
S,200.0,1.3442531497531616,4.0,2975.63,7438.0,7442.0,2025-07-15 10:00:00,2025-07-15 14:00:00,2975.63,2973.45,0.073,-1.07,ACX,4.0,1.5,-0.342,26.3,UP,0.0,0.0,0.0,-1.07,200.0,1.3442531497531616,4.0,2975.63,7438.0,7447.0,2025-07-15 19:00:00,2975.63,2973.1,0.085,-0.6,BE,9.0,1.5,-0.629,26.3,UP,0.4000967862267823,0.4000967862267823,0.4000967862267823,-0.19990321377321768,both
S,200.0,1.0963589917882712,4.0,3648.44,7618.0,7621.0,2025-07-22 22:00:00,2025-07-23 01:00:00,3648.44,3717.27,-1.887,-79.46,ACX,3.0,0.615,-2.784,28.3,UP,0.40760296914407257,0.40760296914407257,0.40760296914407257,-79.05239703085591,200.0,1.0963589917882712,4.0,3648.44,7618.0,7626.0,2025-07-23 06:00:00,3648.44,3705.11,-1.553,-66.13,MH,8.0,0.615,-2.784,28.3,UP,0.40760296914407257,0.40760296914407257,0.40760296914407257,-65.72239703085592,both
S,200.0,1.093631238482696,4.0,3657.54,7638.0,7642.0,2025-07-23 18:00:00,2025-07-23 22:00:00,3657.54,3586.65,1.938,73.53,TP,4.0,2.12,-0.615,15.2,UP,0.0,0.0,0.0,73.53,200.0,1.093631238482696,4.0,3657.54,7638.0,7642.0,2025-07-23 22:00:00,3657.54,3586.65,1.938,73.53,TP,4.0,2.12,-0.615,15.2,UP,0.0,0.0,0.0,73.53,both
S,200.0,1.1067701127798746,4.0,3614.12,7679.0,7682.0,2025-07-25 11:00:00,2025-07-25 14:00:00,3614.12,3632.15,-0.499,-23.96,ACX,3.0,1.217,-0.992,9.1,UP,0.0,0.0,0.0,-23.96,200.0,1.1067701127798746,4.0,3614.12,7679.0,7687.0,2025-07-25 19:00:00,3614.12,3718.2,-2.88,-119.19,MH,8.0,1.217,-3.661,9.1,UP,0.4019420623864178,0.4019420623864178,0.4019420623864178,-118.78805793761359,both
S,200.0,1.0647897971841633,4.0,3756.61,7808.0,7812.0,2025-07-30 20:00:00,2025-07-31 00:00:00,3756.61,3795.76,-1.042,-45.69,ACX,4.0,0.243,-1.979,30.3,MILD_UP,0.062241972416620314,0.0,0.062241972416620314,-45.627758027583376,200.0,1.0647897971841633,4.0,3756.61,7808.0,7816.0,2025-07-31 04:00:00,3756.61,3758.7,-0.056,-6.23,TP,8.0,2.306,-1.979,30.3,MILD_UP,0.062241972416620314,0.062241972416620314,0.062241972416620314,-6.16775802758338,both
S,200.0,1.0619685179432856,4.0,3766.59,7835.0,7844.0,2025-07-31 23:00:00,2025-08-01 08:00:00,3766.59,3696.58,1.859,70.35,TP,9.0,2.24,-1.338,4.0,MILD_UP,-0.19461774539263368,-0.19461774539263368,-0.04744546563826698,70.15538225460736,,,,,,,,,,,,,,,,,,,,,,left_only
S,200.0,1.107493299665537,4.0,3611.76,7948.0,7951.0,2025-08-05 16:00:00,2025-08-05 19:00:00,3611.76,3680.92,-1.915,-80.59,ACX,3.0,0.141,-2.23,30.3,DOWN,0.0,0.0,0.12463965490508781,-80.59,200.0,1.107493299665537,4.0,3611.76,7948.0,7960.0,2025-08-06 04:00:00,3611.76,3570.18,1.151,42.05,MHx,12.0,1.572,-2.23,30.3,DOWN,0.054159480764570174,0.054159480764570174,0.178799135669658,42.104159480764565,both
S,200.0,0.8496555708729574,4.0,4707.79,8167.0,8169.0,2025-08-14 19:00:00,2025-08-14 21:00:00,4707.79,4568.49,2.959,114.36,TP,2.0,4.499,-0.62,19.2,UP,0.0,0.0,0.0,114.36,200.0,0.8496555708729574,4.0,4707.79,8167.0,8169.0,2025-08-14 21:00:00,4707.79,4568.49,2.959,114.36,TP,2.0,4.499,-0.62,19.2,UP,0.0,0.0,0.0,114.36,both
S,200.0,0.890521511660266,4.0,4491.75,8195.0,8196.0,2025-08-15 23:00:00,2025-08-16 00:00:00,4491.75,4428.72,1.403,52.13,TP,1.0,2.209,-0.151,6.1,UP,0.255332073350977,0.0,0.255332073350977,52.38533207335098,200.0,0.890521511660266,4.0,4491.75,8195.0,8196.0,2025-08-16 00:00:00,4491.75,4428.72,1.403,52.13,TP,1.0,2.209,-0.151,6.1,UP,0.255332073350977,0.0,0.255332073350977,52.38533207335098,both
S,,,,,,,2025-09-04 14:00:00,,,,,,,,,,,,,,,,200.0,0.9147436088007482,4.0,4372.81,8666.0,8677.0,2025-09-05 01:00:00,4372.81,4294.64,1.788,67.51,TP,11.0,2.046,-1.354,26.3,DOWN,-0.17987933882608392,-0.17987933882608392,-0.17987933882608392,67.33012066117392,right_only
S,200.0,0.8945564006628663,4.0,4471.49,8962.0,8965.0,2025-09-16 22:00:00,2025-09-17 01:00:00,4471.49,4461.12,0.232,5.28,ACX,3.0,1.129,-0.0,29.3,MILD_UP,0.08137504062404254,0.08137504062404254,0.08137504062404254,5.361375040624043,200.0,0.8945564006628663,4.0,4471.49,8962.0,8972.0,2025-09-17 08:00:00,4471.49,4499.41,-0.624,-28.98,MH,10.0,1.129,-1.156,29.3,MILD_UP,0.17874198218181275,0.08137504062404254,0.17874198218181275,-28.80125801781819,both
S,200.0,0.8796119152230036,4.0,4547.46,9024.0,9036.0,2025-09-19 12:00:00,2025-09-20 00:00:00,4547.46,4472.29,1.653,62.12,TP,12.0,2.312,-0.211,16.2,MILD_UP,-0.20617034920594407,-0.20617034920594407,-0.03607565566632731,61.91382965079406,200.0,0.8796119152230036,4.0,4547.46,9024.0,9036.0,2025-09-20 00:00:00,4547.46,4472.29,1.653,62.12,TP,12.0,2.312,-0.211,16.2,MILD_UP,-0.20617034920594407,-0.20617034920594407,-0.03607565566632731,61.91382965079406,both
S,200.0,0.965509583889507,4.0,4142.89,9162.0,9167.0,2025-09-25 06:00:00,2025-09-25 11:00:00,4142.89,4099.51,1.047,37.88,TP,5.0,2.001,-0.455,26.3,DOWN,-0.3447131179063796,-0.3447131179063796,-0.3447131179063796,37.53528688209362,200.0,0.965509583889507,4.0,4142.89,9162.0,9167.0,2025-09-25 11:00:00,4142.89,4099.51,1.047,37.88,TP,5.0,2.001,-0.455,26.3,DOWN,-0.3447131179063796,-0.3447131179063796,-0.3447131179063796,37.53528688209362,both
S,200.0,0.8569934954193699,4.0,4667.48,9459.0,9463.0,2025-10-07 15:00:00,2025-10-07 19:00:00,4667.48,4690.08,-0.484,-23.37,ACX,4.0,0.674,-0.607,20.2,UP,0.40080128891821715,0.40080128891821715,0.40080128891821715,-22.969198711081784,200.0,0.8569934954193699,4.0,4667.48,9459.0,9468.0,2025-10-08 00:00:00,4667.48,4510.3,3.368,130.7,TP,9.0,4.168,-1.854,20.2,UP,0.7873407830649517,0.40080128891821715,0.7873407830649517,131.48734078306495,both
S,200.0,0.9005297366175653,4.0,4441.83,9480.0,9484.0,2025-10-08 12:00:00,2025-10-08 16:00:00,4441.83,4461.08,-0.433,-21.34,ACX,4.0,0.746,-0.503,27.3,UP,0.24256669922081664,0.0,0.24256669922081664,-21.097433300779183,200.0,0.9005297366175653,4.0,4441.83,9480.0,9488.0,2025-10-08 20:00:00,4441.83,4485.21,-0.977,-43.06,MH,8.0,0.746,-1.422,27.3,UP,0.24256669922081664,0.24256669922081664,0.24256669922081664,-42.817433300779186,both
S,200.0,0.9068731919215736,4.0,4410.76,9503.0,9506.0,2025-10-09 11:00:00,2025-10-09 14:00:00,4410.76,4452.53,-0.947,-41.88,ACX,3.0,0.017,-1.09,25.3,UP,0.0,0.0,0.0,-41.88,200.0,0.9068731919215736,4.0,4410.76,9503.0,9509.0,2025-10-09 17:00:00,4410.76,4326.26,1.916,72.63,TP,6.0,2.135,-1.09,25.3,UP,-0.009068017121765862,-0.009068017121765862,-0.009068017121765862,72.62093198287823,both
S,200.0,0.9350797506142305,4.0,4277.71,9539.0,9540.0,2025-10-10 23:00:00,2025-10-11 00:00:00,4277.71,4100.48,4.143,161.72,TP,1.0,4.915,-0.086,15.2,MILD_UP,-0.197350176239156,-0.197350176239156,0.0,161.52264982376084,200.0,0.9350797506142305,4.0,4277.71,9539.0,9540.0,2025-10-11 00:00:00,4277.71,4100.48,4.143,161.72,TP,1.0,4.915,-0.086,15.2,MILD_UP,-0.197350176239156,-0.197350176239156,0.0,161.52264982376084,both
S,200.0,0.9831536620016026,4.0,4068.54,9626.0,9627.0,2025-10-14 14:00:00,2025-10-14 15:00:00,4068.54,4001.62,1.645,61.79,TP,1.0,2.56,-0.535,29.3,DOWN,0.0,0.0,0.0,61.79,200.0,0.9831536620016026,4.0,4068.54,9626.0,9627.0,2025-10-14 15:00:00,4068.54,4001.62,1.645,61.79,TP,1.0,2.56,-0.535,29.3,DOWN,0.0,0.0,0.0,61.79,both
S,200.0,1.0474631751227497,4.0,3818.75,9699.0,9701.0,2025-10-17 15:00:00,2025-10-17 17:00:00,3818.75,3707.37,2.917,112.67,TP,2.0,3.037,-0.116,5.1,DOWN,0.22144457772611142,0.22144457772611142,0.22144457772611142,112.89144457772612,200.0,1.0474631751227497,4.0,3818.75,9699.0,9701.0,2025-10-17 17:00:00,3818.75,3707.37,2.917,112.67,TP,2.0,3.037,-0.116,5.1,DOWN,0.22144457772611142,0.22144457772611142,0.22144457772611142,112.89144457772612,both
S,200.0,1.0200412606689941,4.0,3921.41,9792.0,9793.0,2025-10-21 12:00:00,2025-10-21 13:00:00,3921.41,3849.22,1.841,69.64,TP,1.0,2.038,-0.0,33.3,DOWN,0.0,0.0,0.0,69.64,200.0,1.0200412606689941,4.0,3921.41,9792.0,9793.0,2025-10-21 13:00:00,3921.41,3849.22,1.841,69.64,TP,1.0,2.038,-0.0,33.3,DOWN,0.0,0.0,0.0,69.64,both
S,200.0,1.042853455625282,4.0,3835.63,9822.0,9825.0,2025-10-22 18:00:00,2025-10-22 21:00:00,3835.63,3844.79,-0.239,-13.55,ACX,3.0,1.841,-0.514,21.2,DOWN,0.0,0.0,0.0,-13.55,200.0,1.042853455625282,4.0,3835.63,9822.0,9834.0,2025-10-23 06:00:00,3835.63,3742.54,2.427,93.08,TP,12.0,3.372,-1.041,21.2,DOWN,0.0957820252735535,0.0957820252735535,0.0957820252735535,93.17578202527355,both
S,200.0,0.9770347970942985,4.0,4094.02,9959.0,9964.0,2025-10-28 11:00:00,2025-10-28 16:00:00,4094.02,4115.36,-0.521,-24.85,ACX,5.0,0.726,-0.78,23.2,MILD_UP,0.18557764336167237,0.0,0.18557764336167237,-24.66442235663833,200.0,0.9770347970942985,4.0,4094.02,9959.0,9969.0,2025-10-28 21:00:00,4094.02,4120.0,-0.635,-29.38,MH,10.0,0.726,-0.988,23.2,MILD_UP,0.18557764336167237,0.18557764336167237,0.18557764336167237,-29.194422356638327,both
S,,,,,,,2025-10-30 00:00:00,,,,,,,,,,,,,,,,200.0,1.0125992663718315,4.0,3950.23,9996.0,9999.0,2025-10-30 03:00:00,3950.23,3915.29,0.885,31.38,TP,3.0,2.892,-1.693,14.1,MILD_UP,0.0,0.0,0.15660000000000002,31.38,right_only
S,200.0,1.0483114323603255,4.0,3815.66,10017.0,10022.0,2025-10-30 21:00:00,2025-10-31 02:00:00,3815.66,3769.66,1.206,44.22,TP,5.0,2.35,-0.507,12.1,MILD_UP,-0.25282134794940553,-0.25282134794940553,-0.25282134794940553,43.96717865205059,200.0,1.0483114323603255,4.0,3815.66,10017.0,10022.0,2025-10-31 02:00:00,3815.66,3769.66,1.206,44.22,TP,5.0,2.35,-0.507,12.1,MILD_UP,-0.25282134794940553,-0.25282134794940553,-0.25282134794940553,43.96717865205059,both
S,200.0,1.182193797029147,4.0,3383.54,10179.0,10182.0,2025-11-06 15:00:00,2025-11-06 18:00:00,3383.54,3381.5,0.06,-1.59,ACX,3.0,0.757,-0.305,21.2,DOWN,0.19917239341045176,0.19917239341045176,0.19917239341045176,-1.3908276065895484,200.0,1.182193797029147,4.0,3383.54,10179.0,10188.0,2025-11-07 00:00:00,3383.54,3300.01,2.469,94.75,TP,9.0,3.202,-0.909,21.2,DOWN,0.20194227347689106,0.19917239341045176,0.20194227347689106,94.95194227347689,both
S,200.0,1.2121799844840961,4.0,3299.84,10206.0,10208.0,2025-11-07 18:00:00,2025-11-07 20:00:00,3299.84,3258.62,1.249,45.97,TP,2.0,2.297,-0.278,23.2,DOWN,0.0,0.0,0.0,45.97,200.0,1.2121799844840961,4.0,3299.84,10206.0,10208.0,2025-11-07 20:00:00,3299.84,3258.62,1.249,45.97,TP,2.0,2.297,-0.278,23.2,DOWN,0.0,0.0,0.0,45.97,both
S,200.0,1.1328267709622515,4.0,3530.99,10306.0,10310.0,2025-11-11 22:00:00,2025-11-12 02:00:00,3530.99,3471.5,1.685,63.39,TP,4.0,2.491,-0.432,29.3,DOWN,0.11143455484156002,0.11143455484156002,0.11143455484156002,63.50143455484156,200.0,1.1328267709622515,4.0,3530.99,10306.0,10310.0,2025-11-12 02:00:00,3530.99,3471.5,1.685,63.39,TP,4.0,2.491,-0.432,29.3,DOWN,0.11143455484156002,0.11143455484156002,0.11143455484156002,63.50143455484156,both
S,200.0,1.181502398449869,4.0,3385.52,10356.0,10358.0,2025-11-14 00:00:00,2025-11-14 02:00:00,3385.52,3254.4,3.873,150.92,TP,2.0,3.944,-0.367,33.3,DOWN,0.0,0.0,0.0928553938968949,150.92,200.0,1.181502398449869,4.0,3385.52,10356.0,10358.0,2025-11-14 02:00:00,3385.52,3254.4,3.873,150.92,TP,2.0,3.944,-0.367,33.3,DOWN,0.0,0.0,0.0928553938968949,150.92,both
S,200.0,1.326119244642478,4.0,3016.32,10490.0,10493.0,2025-11-19 14:00:00,2025-11-19 17:00:00,3016.32,3079.13,-2.082,-87.29,ACX,3.0,0.234,-2.742,19.2,DOWN,0.27511121807581046,0.27511121807581046,0.27511121807581046,-87.0148887819242,200.0,1.326119244642478,4.0,3016.32,10490.0,10501.0,2025-11-20 01:00:00,3016.32,2948.87,2.236,85.45,TP,11.0,2.695,-3.204,19.2,DOWN,0.4014001074663037,0.4014001074663037,0.4014001074663037,85.8514001074663,both
S,200.0,1.3538532355400013,4.0,2954.53,10524.0,10525.0,2025-11-21 00:00:00,2025-11-21 01:00:00,2954.53,2861.21,3.159,122.34,TP,1.0,3.673,-0.189,22.2,DOWN,0.0,0.0,0.2715190810044237,122.34,200.0,1.3538532355400013,4.0,2954.53,10524.0,10525.0,2025-11-21 01:00:00,2954.53,2861.21,3.159,122.34,TP,1.0,3.673,-0.189,22.2,DOWN,0.0,0.0,0.2715190810044237,122.34,both
S,200.0,1.3936359613823475,4.0,2870.19,10637.0,10642.0,2025-11-25 17:00:00,2025-11-25 22:00:00,2870.19,2906.07,-1.25,-54.0,ACX,5.0,0.237,-2.206,18.2,DOWN,0.0,0.0,0.0,-54.0,200.0,1.3936359613823475,4.0,2870.19,10637.0,10647.0,2025-11-26 03:00:00,2870.19,2922.89,-1.836,-77.44,MH,10.0,0.529,-3.025,18.2,DOWN,0.022425889296527404,0.022425889296527404,0.022425889296527404,-77.41757411070347,both
S,200.0,1.3765382815296092,4.0,2905.84,10662.0,10669.0,2025-11-26 18:00:00,2025-11-27 01:00:00,2905.84,2945.15,-1.353,-58.11,ACX,7.0,0.645,-1.824,28.3,DOWN,0.0759797543244231,0.0759797543244231,0.0759797543244231,-58.03402024567558,200.0,1.3765382815296092,4.0,2905.84,10662.0,10670.0,2025-11-27 02:00:00,2905.84,3024.88,-4.097,-167.86,SN,8.0,0.645,-4.386,28.3,DOWN,0.0759797543244231,0.0759797543244231,0.0759797543244231,-167.78402024567558,both
S,200.0,1.3376852694098134,4.0,2990.24,10689.0,10692.0,2025-11-27 21:00:00,2025-11-28 00:00:00,2990.24,3009.68,-0.65,-30.0,ACX,3.0,0.215,-0.771,15.2,DOWN,0.03977796822234148,0.0,0.03977796822234148,-29.960222031777658,200.0,1.3376852694098134,4.0,2990.24,10689.0,10699.0,2025-11-28 07:00:00,2990.24,3009.41,-0.641,-29.64,MH,10.0,0.215,-1.781,15.2,DOWN,0.03977796822234148,0.03977796822234148,0.03977796822234148,-29.60022203177766,both
S,,,,,,,2025-12-04 22:00:00,,,,,,,,,,,,,,,,200.0,1.2620725123761987,4.0,3169.39,10858.0,10864.0,2025-12-05 04:00:00,3169.39,3117.66,1.632,61.29,TP,6.0,3.3,-1.839,0.0,MILD_UP,0.38965362546105087,0.38965362546105087,0.38965362546105087,61.67965362546105,right_only
S,200.0,1.272665374911311,4.0,3143.01,10859.0,10864.0,2025-12-04 23:00:00,2025-12-05 04:00:00,3143.01,3117.66,0.807,28.26,TP,5.0,2.488,-2.693,4.0,MILD_UP,0.39292407723806155,0.39292407723806155,0.39292407723806155,28.652924077238062,,,,,,,,,,,,,,,,,,,,,,left_only
S,200.0,1.2911805909733565,4.0,3097.94,10882.0,10885.0,2025-12-05 22:00:00,2025-12-06 01:00:00,3097.94,3031.69,2.139,81.54,TP,3.0,3.261,-1.906,34.3,MILD_UP,0.1958286109124613,0.1958286109124613,0.1958286109124613,81.73582861091246,200.0,1.2911805909733565,4.0,3097.94,10882.0,10885.0,2025-12-06 01:00:00,3097.94,3031.69,2.139,81.54,TP,3.0,3.261,-1.906,34.3,MILD_UP,0.1958286109124613,0.1958286109124613,0.1958286109124613,81.73582861091246,both
S,200.0,1.2665602756035161,4.0,3158.16,11027.0,11031.0,2025-12-11 23:00:00,2025-12-12 03:00:00,3158.16,3202.11,-1.392,-59.67,ACX,4.0,0.155,-2.366,0.0,MILD_UP,0.10530413992003042,0.10530413992003042,0.10530413992003042,-59.56469586007997,200.0,1.2665602756035161,4.0,3158.16,11027.0,11037.0,2025-12-12 09:00:00,3158.16,3187.61,-0.933,-41.3,MH,10.0,0.155,-3.618,0.0,MILD_UP,0.0951403301067214,0.0951403301067214,0.0951403301067214,-41.204859669893274,both
S,200.0,1.3029315960912051,4.0,3070.0,11052.0,11056.0,2025-12-13 00:00:00,2025-12-13 04:00:00,3070.0,3071.94,-0.063,-6.53,ACX,4.0,0.941,-0.921,11.1,MILD_UP,0.0,-0.009446469807440258,0.0,-6.53,200.0,1.3029315960912051,4.0,3070.0,11052.0,11062.0,2025-12-13 10:00:00,3070.0,3083.19,-0.43,-21.19,MH,10.0,0.941,-0.921,11.1,MILD_UP,0.004298597785016287,-0.005147872022423971,0.004298597785016287,-21.185701402214985,both
S,200.0,1.3520456450609772,4.0,2958.48,11307.0,11312.0,2025-12-23 15:00:00,2025-12-23 20:00:00,2958.48,2972.06,-0.459,-22.36,ACX,5.0,0.246,-0.54,28.3,DOWN,0.27206728184743517,0.27206728184743517,0.27206728184743517,-22.087932718152565,200.0,1.3520456450609772,4.0,2958.48,11307.0,11315.0,2025-12-23 23:00:00,2958.48,2916.17,1.43,53.21,TP,8.0,2.0,-0.54,28.3,DOWN,0.27206728184743517,0.27206728184743517,0.27206728184743517,53.482067281847435,both
S,200.0,1.370797221394032,4.0,2918.01,11334.0,11338.0,2025-12-24 18:00:00,2025-12-24 22:00:00,2918.01,2929.74,-0.402,-20.08,ACX,4.0,0.034,-0.663,29.3,DOWN,0.0,0.0,0.0,-20.08,200.0,1.370797221394032,4.0,2918.01,11334.0,11344.0,2025-12-25 04:00:00,2918.01,2944.78,-0.917,-40.7,MH,10.0,1.071,-1.26,29.3,DOWN,0.22565606186963838,0.22565606186963838,0.22565606186963838,-40.47434393813037,both
S,200.0,1.3654906378548142,4.0,2929.35,11357.0,11361.0,2025-12-25 17:00:00,2025-12-25 21:00:00,2929.35,2926.6,0.094,-0.24,ACX,4.0,0.656,-0.038,0.0,DOWN,0.0,0.0,0.0,-0.24,200.0,1.3654906378548142,4.0,2929.35,11357.0,11367.0,2025-12-26 03:00:00,2929.35,2957.89,-0.974,-42.97,MH,10.0,0.656,-1.387,0.0,DOWN,0.2008447689760527,0.2008447689760527,0.2008447689760527,-42.769155231023944,both
S,200.0,1.2886639454379687,4.0,3103.99,11691.0,11701.0,2026-01-08 15:00:00,2026-01-09 01:00:00,3103.99,3120.82,-0.542,-25.69,MH,10.0,1.661,-1.022,28.3,MILD_UP,0.31049507451565017,0.31049507451565017,0.31049507451565017,-25.37950492548435,200.0,1.2886639454379687,4.0,3103.99,11691.0,11701.0,2026-01-09 01:00:00,3103.99,3120.82,-0.542,-25.69,MH,10.0,1.661,-1.022,28.3,MILD_UP,0.31049507451565017,0.31049507451565017,0.31049507451565017,-25.37950492548435,both
S,200.0,1.2258507404138472,4.0,3263.04,11892.0,11898.0,2026-01-17 00:00:00,2026-01-17 06:00:00,3263.04,3292.87,-0.914,-40.57,ACX,6.0,0.154,-1.081,4.0,MILD_UP,0.0,0.0,0.1106803391928999,-40.57,200.0,1.2258507404138472,4.0,3263.04,11892.0,11902.0,2026-01-17 10:00:00,3263.04,3289.26,-0.804,-36.14,MH,10.0,0.154,-1.098,4.0,MILD_UP,0.3380877953074434,0.3380877953074434,0.44876813450034325,-35.801912204692556,both
S,200.0,1.2549767672425964,4.0,3187.31,11971.0,11975.0,2026-01-20 07:00:00,2026-01-20 11:00:00,3187.31,3191.22,-0.123,-8.91,ACX,4.0,0.7,-0.39,11.1,MILD_UP,0.3445333700403803,0.3445333700403803,0.3445333700403803,-8.56546662995962,200.0,1.2549767672425964,4.0,3187.31,11971.0,11979.0,2026-01-20 15:00:00,3187.31,3115.2,2.262,86.5,TP,8.0,2.53,-0.39,11.1,MILD_UP,0.3445333700403803,0.3445333700403803,0.3445333700403803,86.84453337004038,both
S,200.0,1.3652249890782,4.0,2929.92,12009.0,12012.0,2026-01-21 21:00:00,2026-01-22 00:00:00,2929.92,3001.22,-2.434,-101.34,ACX,3.0,0.367,-3.281,22.2,MILD_UP,0.04560340022935779,0.0,0.04560340022935779,-101.29439659977065,200.0,1.3652249890782,4.0,2929.92,12009.0,12014.0,2026-01-22 02:00:00,2929.92,2902.01,0.953,34.1,TP,5.0,2.24,-3.281,22.2,MILD_UP,0.04560340022935779,0.04560340022935779,0.04560340022935779,34.14560340022936,both
S,,,,,,,2026-01-23 17:00:00,,,,,,,,,,,,,,,,200.0,1.3669185214042354,4.0,2926.29,12053.0,12063.0,2026-01-24 03:00:00,2926.29,2987.18,-2.081,-87.23,MH,10.0,1.233,-3.218,16.2,DOWN,0.20352057793315084,0.20352057793315084,0.20352057793315084,-87.02647942206686,right_only
S,,,,,,,2026-01-29 23:00:00,,,,,,,,,,,,,,,,200.0,1.3914059809586092,4.0,2874.79,12203.0,12204.0,2026-01-30 00:00:00,2874.79,2822.65,1.814,68.55,TP,1.0,2.774,-0.042,11.1,DOWN,-0.04583873047898873,-0.04583873047898873,0.0,68.504161269521,right_only
S,200.0,1.7460539181449923,4.0,2290.88,12318.0,12322.0,2026-02-03 18:00:00,2026-02-03 22:00:00,2290.88,2311.06,-0.881,-39.24,ACX,4.0,0.942,-1.112,21.2,DOWN,0.0,0.0,0.0,-39.24,200.0,1.7460539181449923,4.0,2290.88,12318.0,12325.0,2026-02-04 01:00:00,2290.88,2239.88,2.226,85.05,TP,7.0,2.476,-1.112,21.2,DOWN,-0.15690272338001848,-0.15690272338001848,-0.15690272338001848,84.89309727661998,both
S,200.0,1.8203993956274005,4.0,2197.32,12346.0,12348.0,2026-02-04 22:00:00,2026-02-05 00:00:00,2197.32,2150.44,2.134,81.34,TP,2.0,2.836,-1.288,16.2,DOWN,-0.23944396203745832,-0.23944396203745832,0.0,81.10055603796255,200.0,1.8203993956274005,4.0,2197.32,12346.0,12348.0,2026-02-05 00:00:00,2197.32,2150.44,2.134,81.34,TP,2.0,2.836,-1.288,16.2,DOWN,-0.23944396203745832,-0.23944396203745832,0.0,81.10055603796255,both
S,200.0,2.0536200186879423,4.0,1947.78,12507.0,12513.0,2026-02-11 15:00:00,2026-02-11 21:00:00,1947.78,1951.21,-0.176,-11.04,ACX,6.0,0.893,-0.973,21.2,DOWN,-0.5192276615499508,-0.5192276615499508,-0.5192276615499508,-11.55922766154995,200.0,2.0536200186879423,4.0,1947.78,12507.0,12516.0,2026-02-12 00:00:00,1947.78,1928.05,1.013,36.52,TP,9.0,2.39,-3.473,21.2,DOWN,-1.0073947026489205,-1.0073947026489205,-0.5192276615499508,35.51260529735108,both
S,200.0,2.0539469157419625,4.0,1947.47,12540.0,12541.0,2026-02-13 00:00:00,2026-02-13 01:00:00,1947.47,1907.82,2.036,77.44,TP,1.0,2.757,-0.079,7.1,DOWN,0.0,-0.16413223336795676,0.0,77.44,200.0,2.0539469157419625,4.0,1947.47,12540.0,12541.0,2026-02-13 01:00:00,1947.47,1907.82,2.036,77.44,TP,1.0,2.757,-0.079,7.1,DOWN,0.0,-0.16413223336795676,0.0,77.44,both
S,200.0,2.0309929524544548,4.0,1969.48,12682.0,12688.0,2026-02-18 22:00:00,2026-02-19 04:00:00,1969.48,1939.82,1.506,56.24,TP,6.0,2.429,-2.047,19.2,DOWN,-0.034907921354578056,-0.034907921354578056,-0.034907921354578056,56.20509207864542,200.0,2.0309929524544548,4.0,1969.48,12682.0,12688.0,2026-02-19 04:00:00,1969.48,1939.82,1.506,56.24,TP,6.0,2.429,-2.047,19.2,DOWN,-0.034907921354578056,-0.034907921354578056,-0.034907921354578056,56.20509207864542,both
S,200.0,2.0831054936699633,4.0,1920.21,12706.0,12712.0,2026-02-19 22:00:00,2026-02-20 04:00:00,1920.21,1940.14,-1.038,-45.52,ACX,6.0,0.766,-1.445,12.1,DOWN,-0.31543083392953797,-0.31543083392953797,-0.31543083392953797,-45.83543083392954,200.0,2.0831054936699633,4.0,1920.21,12706.0,12716.0,2026-02-20 08:00:00,1920.21,1948.15,-1.455,-62.2,MH,10.0,0.766,-1.708,12.1,DOWN,-0.5036096591621948,-0.5036096591621948,-0.31543083392953797,-62.7036096591622,both
S,200.0,2.2043425548330213,4.0,1814.6,12826.0,12829.0,2026-02-24 22:00:00,2026-02-25 01:00:00,1814.6,1857.43,-2.36,-98.41,ACX,3.0,0.692,-2.647,28.3,DOWN,-0.121071801542207,-0.121071801542207,-0.121071801542207,-98.5310718015422,200.0,2.2043425548330213,4.0,1814.6,12826.0,12836.0,2026-02-25 08:00:00,1814.6,1851.09,-2.011,-84.44,MH,10.0,0.692,-2.754,28.3,DOWN,-0.221247057797029,-0.221247057797029,-0.121071801542207,-84.66124705779703,both
S,200.0,1.9510101354976541,4.0,2050.22,12875.0,12877.0,2026-02-26 23:00:00,2026-02-27 01:00:00,2050.22,1982.89,3.284,127.36,TP,2.0,3.63,-0.109,0.0,DOWN,0.15566968578981769,0.15566968578981769,0.15566968578981769,127.51566968578982,200.0,1.9510101354976541,4.0,2050.22,12875.0,12877.0,2026-02-27 01:00:00,2050.22,1982.89,3.284,127.36,TP,2.0,3.63,-0.109,0.0,DOWN,0.15566968578981769,0.15566968578981769,0.15566968578981769,127.51566968578982,both
S,200.0,2.020610224287735,4.0,1979.6,12895.0,12898.0,2026-02-27 19:00:00,2026-02-27 22:00:00,1979.6,1962.04,0.887,31.48,TP,3.0,2.202,-0.174,27.3,DOWN,0.0,0.0,0.0,31.48,200.0,2.020610224287735,4.0,1979.6,12895.0,12898.0,2026-02-27 22:00:00,1979.6,1962.04,0.887,31.48,TP,3.0,2.202,-0.174,27.3,DOWN,0.0,0.0,0.0,31.48,both
S,200.0,1.9008696478638976,4.0,2104.3,13036.0,13039.0,2026-03-05 16:00:00,2026-03-05 19:00:00,2104.3,2155.08,-2.413,-100.53,ACX,3.0,0.564,-2.79,7.1,MILD_UP,0.0,-0.03348222016232818,0.0,-100.53,200.0,1.9008696478638976,4.0,2104.3,13036.0,13045.0,2026-03-06 01:00:00,2104.3,2079.17,1.194,43.77,TP,9.0,2.317,-2.79,7.1,MILD_UP,-0.058016553471462624,-0.0914987736337908,-0.058016553471462624,43.71198344652854,both
S,200.0,1.9429642834590592,4.0,2058.71,13062.0,13066.0,2026-03-06 18:00:00,2026-03-06 22:00:00,2058.71,2018.52,1.952,74.09,TP,4.0,2.022,-0.467,4.0,MILD_UP,0.0,0.0,0.0,74.09,200.0,1.9429642834590592,4.0,2058.71,13062.0,13066.0,2026-03-06 22:00:00,2058.71,2018.52,1.952,74.09,TP,4.0,2.022,-0.467,4.0,MILD_UP,0.0,0.0,0.0,74.09,both
S,200.0,1.730343300110742,4.0,2311.68,13351.0,13352.0,2026-03-18 19:00:00,2026-03-18 20:00:00,2311.68,2268.1,1.885,71.41,TP,1.0,2.149,-0.292,19.2,UP,0.0,0.0,0.0,71.41,200.0,1.730343300110742,4.0,2311.68,13351.0,13352.0,2026-03-18 20:00:00,2311.68,2268.1,1.885,71.41,TP,1.0,2.149,-0.292,19.2,UP,0.0,0.0,0.0,71.41,both
S,200.0,1.8473446729507175,4.0,2165.27,13372.0,13378.0,2026-03-19 16:00:00,2026-03-19 22:00:00,2165.27,2136.67,1.321,48.83,TP,6.0,2.696,-1.234,11.1,UP,0.0,-0.03483953680935459,0.0,48.83,200.0,1.8473446729507175,4.0,2165.27,13372.0,13378.0,2026-03-19 22:00:00,2165.27,2136.67,1.321,48.83,TP,6.0,2.696,-1.234,11.1,UP,0.0,-0.03483953680935459,0.0,48.83,both
S,200.0,1.8880125364032416,4.0,2118.63,13538.0,13542.0,2026-03-26 14:00:00,2026-03-26 18:00:00,2118.63,2081.29,1.762,66.5,TP,4.0,2.154,-0.359,20.2,DOWN,0.028651371912942796,0.028651371912942796,0.028651371912942796,66.52865137191294,200.0,1.8880125364032416,4.0,2118.63,13538.0,13542.0,2026-03-26 18:00:00,2118.63,2081.29,1.762,66.5,TP,4.0,2.154,-0.359,20.2,DOWN,0.028651371912942796,0.028651371912942796,0.028651371912942796,66.52865137191294,both
S,200.0,1.9608900479927838,4.0,2039.89,13566.0,13567.0,2026-03-27 18:00:00,2026-03-27 19:00:00,2039.89,1989.7,2.46,94.42,TP,1.0,2.87,-0.188,26.3,DOWN,0.0,0.0,0.0,94.42,200.0,1.9608900479927838,4.0,2039.89,13566.0,13567.0,2026-03-27 19:00:00,2039.89,1989.7,2.46,94.42,TP,1.0,2.87,-0.188,26.3,DOWN,0.0,0.0,0.0,94.42,both
S,200.0,1.9744408630281012,4.0,2025.89,13713.0,13716.0,2026-04-02 21:00:00,2026-04-03 00:00:00,2025.89,2058.46,-1.608,-68.31,ACX,3.0,0.51,-2.276,23.2,DOWN,-0.29605870102283977,-0.29605870102283977,0.0,-68.60605870102285,200.0,1.9744408630281012,4.0,2025.89,13713.0,13723.0,2026-04-03 07:00:00,2025.89,2059.08,-1.638,-69.53,MH,10.0,0.51,-2.473,23.2,DOWN,-0.29605870102283977,-0.29605870102283977,-0.29605870102283977,-69.82605870102284,both
S,200.0,1.952124155096264,4.0,2049.05,13737.0,13740.0,2026-04-03 21:00:00,2026-04-04 00:00:00,2049.05,2050.31,-0.061,-6.46,ACX,3.0,0.429,-0.381,14.1,DOWN,-0.0383435693542303,-0.0383435693542303,0.0,-6.498343569354231,200.0,1.952124155096264,4.0,2049.05,13737.0,13747.0,2026-04-04 07:00:00,2049.05,2051.09,-0.1,-7.98,MH,10.0,0.429,-0.583,14.1,DOWN,-0.0383435693542303,-0.0383435693542303,-0.0383435693542303,-8.018343569354231,both
S,200.0,1.9154427785412946,4.0,2088.29,13831.0,13837.0,2026-04-07 19:00:00,2026-04-08 01:00:00,2088.29,2082.61,0.272,6.88,ACX,6.0,1.45,-0.237,28.3,MILD_UP,0.041063877151610174,0.041063877151610174,0.041063877151610174,6.92106387715161,200.0,1.9154427785412946,4.0,2088.29,13831.0,13841.0,2026-04-08 05:00:00,2088.29,2114.57,-1.258,-54.34,MH,10.0,1.45,-1.748,28.3,MILD_UP,0.041063877151610174,0.041063877151610174,0.041063877151610174,-54.298936122848396,both
S,200.0,1.8225476482300784,4.0,2194.73,13859.0,13862.0,2026-04-08 23:00:00,2026-04-09 02:00:00,2194.73,2230.7,-1.639,-69.56,ACX,3.0,0.085,-2.002,13.1,MILD_UP,0.2708666536658268,0.2708666536658268,0.2708666536658268,-69.28913334633418,,,,,,,,,,,,,,,,,,,,,,left_only
S,200.0,1.8367581219148204,4.0,2177.75,13870.0,13875.0,2026-04-09 10:00:00,2026-04-09 15:00:00,2177.75,2180.53,-0.128,-9.11,ACX,5.0,0.231,-0.497,5.1,MILD_UP,0.0,0.0,0.0,-9.11,,,,,,,,,,,,,,,,,,,,,,left_only
S,,,,,,,2026-04-09 22:00:00,,,,,,,,,,,,,,,,200.0,1.848249476714367,4.0,2164.21,13882.0,13892.0,2026-04-10 08:00:00,2164.21,2188.92,-1.142,-49.67,MH,10.0,0.379,-3.786,4.0,MILD_UP,0.12912954538191765,0.07855039945291815,0.12912954538191765,-49.54087045461809,right_only
S,200.0,1.700622427808578,4.0,2352.08,14003.0,14008.0,2026-04-14 23:00:00,2026-04-15 04:00:00,2352.08,2312.54,1.681,63.24,TP,5.0,2.146,-0.8,2.0,UP,0.14027304853576408,0.14027304853576408,0.14027304853576408,63.38027304853576,,,,,,,,,,,,,,,,,,,,,,left_only
S,200.0,1.7337482770876498,4.0,2307.14,14050.0,14055.0,2026-04-16 22:00:00,2026-04-17 03:00:00,2307.14,2342.14,-1.517,-64.68,ACX,5.0,1.059,-1.803,28.3,UP,-0.15369298906466985,-0.15369298906466985,-0.15369298906466985,-64.83369298906467,,,,,,,,,,,,,,,,,,,,,,left_only
S,200.0,1.733845973792918,4.0,2307.01,14169.0,14173.0,2026-04-21 21:00:00,2026-04-22 01:00:00,2307.01,2306.15,0.037,-2.51,ACX,4.0,0.79,-0.847,6.1,MILD_UP,-0.14718659320939223,-0.14718659320939223,-0.14718659320939223,-2.657186593209392,,,,,,,,,,,,,,,,,,,,,,left_only
S,200.0,1.8959682235725732,4.0,2109.74,14840.0,14846.0,2026-05-19 20:00:00,2026-05-20 02:00:00,2109.74,2114.86,-0.243,-13.71,ACX,6.0,0.786,-0.816,24.2,DOWN,0.14349482988425116,0.14349482988425116,0.14349482988425116,-13.56650517011575,200.0,1.8959682235725732,4.0,2109.74,14840.0,14850.0,2026-05-20 06:00:00,2109.74,2116.0,-0.297,-15.87,MH,10.0,0.786,-0.816,24.2,DOWN,0.14349482988425116,0.14349482988425116,0.14349482988425116,-15.726505170115749,both
S,200.0,1.8825389803227612,4.0,2124.79,14907.0,14913.0,2026-05-22 15:00:00,2026-05-22 21:00:00,2124.79,2134.21,-0.443,-21.73,ACX,6.0,0.331,-0.59,1.0,DOWN,0.12387851626179094,0.12387851626179094,0.12387851626179094,-21.60612148373821,200.0,1.8825389803227612,4.0,2124.79,14907.0,14918.0,2026-05-23 02:00:00,2124.79,2118.62,0.29,7.62,BE,11.0,0.649,-0.59,1.0,DOWN,0.3608959143105393,0.3608959143105393,0.3608959143105393,7.98089591431054,both
S,200.0,1.938228652834175,4.0,2063.74,15034.0,15037.0,2026-05-27 22:00:00,2026-05-28 01:00:00,2063.74,2069.32,-0.27,-14.82,ACX,3.0,0.494,-0.769,27.3,DOWN,0.24472139746285873,0.24472139746285873,0.24472139746285873,-14.575278602537141,200.0,1.938228652834175,4.0,2063.74,15034.0,15042.0,2026-05-28 06:00:00,2063.74,2020.09,2.115,80.6,TP,8.0,2.411,-0.769,27.3,DOWN,0.24472139746285873,0.24472139746285873,0.24472139746285873,80.84472139746285,both
S,200.0,2.026917463920869,4.0,1973.44,15178.0,15179.0,2026-06-02 22:00:00,2026-06-02 23:00:00,1973.44,1940.66,1.661,62.44,TP,1.0,2.505,-0.053,24.2,DOWN,0.0,0.0,0.0,62.44,200.0,2.026917463920869,4.0,1973.44,15178.0,15179.0,2026-06-02 23:00:00,1973.44,1940.66,1.661,62.44,TP,1.0,2.505,-0.053,24.2,DOWN,0.0,0.0,0.0,62.44,both
S,200.0,2.219250891861452,4.0,1802.41,15208.0,15211.0,2026-06-04 04:00:00,2026-06-04 07:00:00,1802.41,1828.45,-1.445,-61.79,ACX,3.0,1.925,-2.728,18.2,DOWN,0.0,0.0,0.0,-61.79,200.0,2.219250891861452,4.0,1802.41,15208.0,15214.0,2026-06-04 10:00:00,1802.41,1759.18,2.398,91.94,TP,6.0,2.677,-2.728,18.2,DOWN,0.3077447406527926,0.3077447406527926,0.3077447406527926,92.24774474065279,both
S,200.0,2.312780424626486,4.0,1729.52,15239.0,15242.0,2026-06-05 11:00:00,2026-06-05 14:00:00,1729.52,1683.37,2.668,102.73,TP,3.0,2.857,-1.011,3.0,DOWN,0.0,0.0,0.0,102.73,200.0,2.312780424626486,4.0,1729.52,15239.0,15242.0,2026-06-05 14:00:00,1729.52,1683.37,2.668,102.73,TP,3.0,2.857,-1.011,3.0,DOWN,0.0,0.0,0.0,102.73,both
S,200.0,2.406738868832732,4.0,1662.0,15333.0,15337.0,2026-06-09 09:00:00,2026-06-09 13:00:00,1662.0,1685.66,-1.424,-60.94,ACX,4.0,0.536,-2.046,22.2,DOWN,0.0,0.0,0.0,-60.94,200.0,2.406738868832732,4.0,1662.0,15333.0,15343.0,2026-06-09 19:00:00,1662.0,1673.69,-0.703,-32.13,MH,10.0,0.536,-2.046,22.2,DOWN,0.0014548938628158846,0.0014548938628158846,0.0014548938628158846,-32.12854510613719,both
S,200.0,2.2668412134401015,4.0,1764.57,15533.0,15541.0,2026-06-17 17:00:00,2026-06-18 01:00:00,1764.57,1770.99,-0.364,-18.55,ACX,8.0,1.372,-1.52,24.2,MILD_UP,-0.02961530043781318,-0.02961530043781318,-0.02961530043781318,-18.579615300437816,200.0,2.2668412134401015,4.0,1764.57,15533.0,15543.0,2026-06-18 03:00:00,1764.57,1769.25,-0.265,-14.61,MH,10.0,1.372,-1.757,24.2,MILD_UP,-0.02961530043781318,-0.02961530043781318,-0.02961530043781318,-14.639615300437812,both
S,200.0,2.3792387625579194,4.0,1681.21,15564.0,15568.0,2026-06-19 00:00:00,2026-06-19 04:00:00,1681.21,1704.79,-1.403,-60.1,ACX,4.0,0.633,-1.526,18.2,MILD_UP,0.0,-0.027643945729563826,0.0,-60.1,200.0,2.3792387625579194,4.0,1681.21,15564.0,15574.0,2026-06-19 10:00:00,1681.21,1712.79,-1.878,-79.14,MH,10.0,0.633,-2.238,18.2,MILD_UP,0.2665555146229078,0.23891156889334395,0.2665555146229078,-78.87344448537709,both
S,200.0,2.335384579455622,4.0,1712.78,15674.0,15677.0,2026-06-23 14:00:00,2026-06-23 17:00:00,1712.78,1647.36,3.82,148.78,TP,3.0,4.639,-0.014,31.3,MILD_UP,0.01315895678370836,0.01315895678370836,0.01315895678370836,148.7931589567837,200.0,2.335384579455622,4.0,1712.78,15674.0,15677.0,2026-06-23 17:00:00,1712.78,1647.36,3.82,148.78,TP,3.0,4.639,-0.014,31.3,MILD_UP,0.01315895678370836,0.01315895678370836,0.01315895678370836,148.7931589567837,both
S,200.0,2.602455416685643,4.0,1537.01,15730.0,15739.0,2026-06-25 22:00:00,2026-06-26 07:00:00,1537.01,1569.48,-2.113,-88.5,ACX,9.0,0.001,-3.685,13.1,DOWN,-0.332263630034938,-0.332263630034938,-0.332263630034938,-88.83226363003494,200.0,2.602455416685643,4.0,1537.01,15730.0,15740.0,2026-06-26 08:00:00,1537.01,1566.97,-1.949,-81.97,MH,10.0,0.001,-3.685,13.1,DOWN,-0.40015749019199615,-0.40015749019199615,-0.332263630034938,-82.370157490192,both
S,200.0,2.52641684614753,4.0,1583.27,15845.0,15849.0,2026-06-30 17:00:00,2026-06-30 21:00:00,1583.27,1551.81,1.987,75.48,TP,4.0,2.101,-0.202,16.2,DOWN,0.0,0.0,0.0,75.48,200.0,2.52641684614753,4.0,1583.27,15845.0,15849.0,2026-06-30 21:00:00,1583.27,1551.81,1.987,75.48,TP,4.0,2.101,-0.202,16.2,DOWN,0.0,0.0,0.0,75.48,both
S,200.0,2.3136365739669613,4.0,1728.88,16043.0,16046.0,2026-07-08 23:00:00,2026-07-09 02:00:00,1728.88,1732.28,-0.197,-11.87,ACX,3.0,0.95,-0.979,33.3,UP,0.18078535107253277,0.18078535107253277,0.18078535107253277,-11.689214648927466,200.0,2.3136365739669613,4.0,1728.88,16043.0,16051.0,2026-07-09 07:00:00,1728.88,1740.5,-0.672,-30.88,MH,8.0,0.95,-0.979,33.3,UP,0.18078535107253277,0.18078535107253277,0.18078535107253277,-30.699214648927466,both
S,200.0,2.094339523851909,4.0,1909.91,16228.0,16233.0,2026-07-16 16:00:00,2026-07-16 21:00:00,1909.91,1871.73,1.999,75.96,TP,5.0,2.271,-0.119,12.1,MILD_UP,0.0,0.0,0.24316733515500374,75.96,200.0,2.094339523851909,4.0,1909.91,16228.0,16233.0,2026-07-16 21:00:00,1909.91,1871.73,1.999,75.96,TP,5.0,2.271,-0.119,12.1,MILD_UP,0.0,0.0,0.24316733515500374,75.96,both
S,200.0,2.1939326791757394,4.0,1823.21,16250.0,16255.0,2026-07-17 14:00:00,2026-07-17 19:00:00,1823.21,1835.9,-0.696,-31.84,ACX,5.0,0.182,-0.896,33.3,MILD_UP,0.191395711519792,0.191395711519792,0.191395711519792,-31.648604288480207,200.0,2.1939326791757394,4.0,1823.21,16250.0,16260.0,2026-07-18 00:00:00,1823.21,1830.2,-0.383,-19.34,MH,10.0,1.138,-1.066,33.3,MILD_UP,0.28945020661361004,0.191395711519792,0.28945020661361004,-19.05054979338639,both
S,200.0,2.0871489024205707,4.0,1916.49,16371.0,16374.0,2026-07-22 15:00:00,2026-07-22 18:00:00,1916.49,1923.57,-0.369,-18.78,ACX,3.0,0.374,-0.489,26.3,MILD_UP,0.057065636960848425,0.057065636960848425,0.057065636960848425,-18.72293436303915,200.0,2.0871489024205707,4.0,1916.49,16371.0,16381.0,2026-07-23 01:00:00,1916.49,1949.0,-1.696,-71.85,MH,10.0,0.374,-2.205,26.3,MILD_UP,0.3187077370410133,0.3187077370410133,0.3187077370410133,-71.53129226295898,both
S,200.0,2.0891983223737474,4.0,1914.61,16396.0,16406.0,2026-07-23 16:00:00,2026-07-24 02:00:00,1914.61,1877.73,1.926,73.05,TP,10.0,2.176,-0.842,3.0,MILD_UP,-0.1287130325235949,-0.2612330325235949,-0.1287130325235949,72.9212869674764,200.0,2.0891983223737474,4.0,1914.61,16396.0,16406.0,2026-07-24 02:00:00,1914.61,1877.73,1.926,73.05,TP,10.0,2.176,-0.842,3.0,MILD_UP,-0.1287130325235949,-0.2612330325235949,-0.1287130325235949,72.9212869674764,both
S,200.0,2.1542090552177635,4.0,1856.83,16426.0,16431.0,2026-07-24 22:00:00,2026-07-25 03:00:00,1856.83,1861.76,-0.266,-14.62,ACX,5.0,0.574,-0.64,26.3,MILD_UP,0.06880413004960065,0.06880413004960065,0.06880413004960065,-14.551195869950398,200.0,2.1542090552177635,4.0,1856.83,16426.0,16436.0,2026-07-25 08:00:00,1856.83,1860.57,-0.201,-12.06,MH,10.0,0.574,-0.64,26.3,MILD_UP,0.2857302397158451,0.06880413004960065,0.2857302397158451,-11.774269760284156,both
S,200.0,2.1151375103773935,4.0,1891.13,16548.0,16551.0,2026-07-30 00:00:00,2026-07-30 03:00:00,1891.13,1919.59,-1.505,-64.2,ACX,3.0,0.246,-2.32,13.1,MILD_UP,0.0,0.0,0.08573490252351071,-64.2,200.0,2.1151375103773935,4.0,1891.13,16548.0,16558.0,2026-07-30 10:00:00,1891.13,1916.28,-1.33,-57.2,MH,10.0,1.104,-2.32,13.1,MILD_UP,0.15568234944516052,0.15568234944516052,0.24141725196867123,-57.044317650554845,both
S,200.0,1.6425418334873216,4.0,2435.25,17201.0,17206.0,2026-08-26 05:00:00,2026-08-26 10:00:00,2435.25,2454.99,-0.811,-36.42,ACX,5.0,0.926,-1.08,27.3,UP,0.1260941206036341,0.1260941206036341,0.1260941206036341,-36.29390587939637,200.0,1.6425418334873216,4.0,2435.25,17201.0,17209.0,2026-08-26 13:00:00,2435.25,2455.77,-0.843,-37.7,MH,8.0,0.926,-1.509,27.3,UP,0.1260941206036341,0.1260941206036341,0.1260941206036341,-37.57390587939637,both
S,200.0,1.6059290902010221,4.0,2490.77,17255.0,17259.0,2026-08-28 11:00:00,2026-08-28 15:00:00,2490.77,2501.7,-0.439,-21.55,ACX,4.0,0.686,-0.541,17.2,UP,0.0,0.0,0.0,-21.55,200.0,1.6059290902010221,4.0,2490.77,17255.0,17263.0,2026-08-28 19:00:00,2490.77,2505.52,-0.592,-27.69,MH,8.0,0.686,-0.727,17.2,UP,-0.005329760997603151,-0.005329760997603151,-0.005329760997603151,-27.695329760997605,both
