side,margin_c,qty_exact_c,fee_exact_c,entry_exact_c,entry_bar_c,exit_bar_c,entry_dt,exit_dt_c,entry_price_c,exit_price_c,pnl_pct_c,pnl_c,reason_code_c,bars_held_c,mfe_pct_c,mae_pct_c,gk_pctile_c,regime_code_c,funding_c,funding_low_c,funding_high_c,net_c,margin_b,qty_exact_b,fee_exact_b,entry_exact_b,entry_bar_b,exit_bar_b,exit_dt_b,entry_price_b,exit_price_b,pnl_pct_b,pnl_b,reason_code_b,bars_held_b,mfe_pct_b,mae_pct_b,gk_pctile_b,regime_code_b,funding_b,funding_low_b,funding_high_b,net_b,_merge
L,200.0,1.5054244970310424,4.0,2657.0578649999998,555.0,558.0,2024-10-01 15:00:00,2024-10-01 18:00:00,2657.06,2632.88,-0.91,-40.39,ACX,3.0,0.0,-0.901,8.1,MILD_UP,-0.3981531655502731,-0.3981531655502731,-0.3981531655502731,-40.78815316555028,200.0,1.5054244970310424,4.0,2657.0578649999998,555.0,562.0,2024-10-01 22:00:00,2657.06,2578.43,-2.959,-122.37,MH,7.0,0.0,-3.458,8.1,MILD_UP,-0.3981531655502731,-0.3981531655502731,-0.3981531655502731,-122.76815316555027,both
L,200.0,1.68210814610534,4.0,2377.96839,622.0,629.0,2024-10-04 10:00:00,2024-10-04 17:00:00,2377.97,2379.03,0.045,-2.21,BE,7.0,0.609,-0.756,16.2,DOWN,-0.1497223678402218,-0.1497223678402218,-0.1497223678402218,-2.359722367840222,,,,,,,,,,,,,,,,,,,,,,left_only
L,200.0,1.6338377603188596,4.0,2448.2235,730.0,735.0,2024-10-08 22:00:00,2024-10-09 03:00:00,2448.22,2434.29,-0.569,-26.76,MH,5.0,0.289,-1.969,10.1,DOWN,-0.331002889470344,-0.331002889470344,-0.331002889470344,-27.091002889470346,,,,,,,,,,,,,,,,,,,,,,left_only
L,200.0,1.6243386649793201,4.0,2462.540655,742.0,745.0,2024-10-09 10:00:00,2024-10-09 13:00:00,2462.54,2442.78,-0.803,-36.1,ACX,3.0,0.0,-1.01,19.2,DOWN,0.0,0.0,0.0,-36.1,,,,,,,,,,,,,,,,,,,,,,left_only
L,200.0,1.5759892304145544,4.0,2538.08841,1305.0,1307.0,2024-11-01 21:00:00,2024-11-01 23:00:00,2538.09,2560.72,0.892,31.67,MFE,2.0,1.961,-0.318,17.2,SIDE,0.0,0.0,0.0,31.67,200.0,1.5759892304145544,4.0,2538.08841,1305.0,1307.0,2024-11-01 23:00:00,2538.09,2560.72,0.892,31.67,MFE,2.0,1.961,-0.318,17.2,SIDE,0.0,0.0,0.0,31.67,both
L,200.0,1.6369685379066827,4.0,2443.54116,1396.0,1399.0,2024-11-05 16:00:00,2024-11-05 19:00:00,2443.54,2433.44,-0.413,-20.53,ACX,3.0,0.154,-0.588,9.1,SIDE,0.0,-0.3998152220673049,0.0,-20.53,200.0,1.6369685379066827,4.0,2443.54116,1396.0,1402.0,2024-11-05 22:00:00,2443.54,2439.97,-0.146,-9.85,MH,6.0,0.164,-0.588,9.1,SIDE,0.0,-0.3998152220673049,0.0,-9.85,both
L,200.0,1.5176826303582953,4.0,2635.59714,1428.0,1435.0,2024-11-07 00:00:00,2024-11-07 07:00:00,2635.6,2734.9,3.768,146.71,TP,7.0,4.19,-0.074,14.1,SIDE,0.0,-0.39980609134672235,0.0,146.71,200.0,1.5176826303582953,4.0,2635.59714,1428.0,1435.0,2024-11-07 07:00:00,2635.6,2734.9,3.768,146.71,TP,7.0,4.19,-0.074,14.1,SIDE,0.0,-0.39980609134672235,0.0,146.71,both
L,200.0,1.3669360875482512,4.0,2926.252395,1471.0,1475.0,2024-11-08 19:00:00,2024-11-08 23:00:00,2926.25,2912.0,-0.487,-23.48,MFE,4.0,1.085,-0.615,2.0,MILD_UP,0.0,0.0,0.0,-23.48,200.0,1.3669360875482512,4.0,2926.252395,1471.0,1475.0,2024-11-08 23:00:00,2926.25,2912.0,-0.487,-23.48,MFE,4.0,1.085,-0.615,2.0,MILD_UP,0.0,0.0,0.0,-23.48,both
L,200.0,1.2692026372932943,4.0,3151.585005,1784.0,1785.0,2024-11-21 20:00:00,2024-11-21 21:00:00,3151.59,3286.41,4.278,167.12,TP,1.0,5.376,-0.097,6.1,DOWN,0.0,0.0,0.0,167.12,200.0,1.2692026372932943,4.0,3151.585005,1784.0,1785.0,2024-11-21 21:00:00,3151.59,3286.41,4.278,167.12,TP,1.0,5.376,-0.097,6.1,DOWN,0.0,0.0,0.0,167.12,both
L,200.0,1.1753122747784899,4.0,3403.350825,1876.0,1879.0,2024-11-25 16:00:00,2024-11-25 19:00:00,3403.35,3502.82,2.923,112.9,TP,3.0,3.778,-0.133,22.2,MILD_UP,0.0,-0.9569243523403145,0.0,112.9,200.0,1.1753122747784899,4.0,3403.350825,1876.0,1879.0,2024-11-25 19:00:00,3403.35,3502.82,2.923,112.9,TP,3.0,3.778,-0.133,22.2,MILD_UP,0.0,-0.9569243523403145,0.0,112.9,both
L,200.0,1.156169949276671,4.0,3459.6989849999995,1927.0,1935.0,2024-11-27 19:00:00,2024-11-28 03:00:00,3459.7,3586.19,3.656,142.24,TP,8.0,3.95,-0.645,24.2,MILD_UP,-0.6454402046194201,-0.6454402046194201,-0.6454402046194201,141.59455979538058,200.0,1.156169949276671,4.0,3459.6989849999995,1927.0,1935.0,2024-11-28 03:00:00,3459.7,3586.19,3.656,142.24,TP,8.0,3.95,-0.645,24.2,MILD_UP,-0.6454402046194201,-0.6454402046194201,-0.6454402046194201,141.59455979538058,both
L,200.0,1.0997356562653695,4.0,3637.23771,2083.0,2087.0,2024-12-04 07:00:00,2024-12-04 11:00:00,3637.24,3649.2,0.329,9.16,MFE,4.0,2.05,-0.641,11.1,MILD_UP,-0.7450676132819665,-0.7450676132819665,-0.7450676132819665,8.414932386718034,200.0,1.0997356562653695,4.0,3637.23771,2083.0,2087.0,2024-12-04 11:00:00,3637.24,3649.2,0.329,9.16,MFE,4.0,2.05,-0.641,11.1,MILD_UP,-0.7450676132819665,-0.7450676132819665,-0.7450676132819665,8.414932386718034,both
L,200.0,1.0722152045066953,4.0,3730.594365,2094.0,2098.0,2024-12-04 18:00:00,2024-12-04 22:00:00,3730.59,3708.82,-0.584,-27.34,ACX,4.0,0.629,-1.076,1.0,MILD_UP,0.0,0.0,0.0,-27.34,200.0,1.0722152045066953,4.0,3730.594365,2094.0,2100.0,2024-12-05 00:00:00,3730.59,3822.48,2.463,94.52,MFE,6.0,3.42,-1.076,1.0,MILD_UP,-0.8136157584827111,-0.8136157584827111,0.0,93.70638424151728,both
L,200.0,1.0187702899086852,4.0,3926.30217,2118.0,2125.0,2024-12-05 18:00:00,2024-12-06 01:00:00,3926.3,3902.6,-0.604,-28.15,MH,7.0,0.858,-1.628,22.2,MILD_UP,-1.2356766804833057,-1.2356766804833057,-1.2356766804833057,-29.385676680483304,200.0,1.0187702899086852,4.0,3926.30217,2118.0,2125.0,2024-12-06 01:00:00,3926.3,3902.6,-0.604,-28.15,MH,7.0,0.858,-1.628,22.2,MILD_UP,-1.2356766804833057,-1.2356766804833057,-1.2356766804833057,-29.385676680483304,both
L,200.0,1.0879624790463185,4.0,3676.59738,2259.0,2268.0,2024-12-11 15:00:00,2024-12-12 00:00:00,3676.6,3784.86,2.945,113.78,TP,9.0,3.9,-0.718,24.2,MILD_UP,-0.8092732223760655,-0.8092732223760655,-0.3973423927098593,112.97072677762394,200.0,1.0879624790463185,4.0,3676.59738,2259.0,2268.0,2024-12-12 00:00:00,3676.6,3784.86,2.945,113.78,TP,9.0,3.9,-0.718,24.2,MILD_UP,-0.8092732223760655,-0.8092732223760655,-0.3973423927098593,112.97072677762394,both
L,200.0,1.0305826217469505,4.0,3881.29968,2279.0,2281.0,2024-12-12 11:00:00,2024-12-12 13:00:00,3881.3,3905.79,0.631,21.24,MFE,2.0,1.709,-0.856,22.2,MILD_UP,0.0,0.0,0.0,21.24,200.0,1.0305826217469505,4.0,3881.29968,2279.0,2281.0,2024-12-12 13:00:00,3881.3,3905.79,0.631,21.24,MFE,2.0,1.709,-0.856,22.2,MILD_UP,0.0,0.0,0.0,21.24,both
L,200.0,1.1575558147043283,4.0,3455.5569149999997,2579.0,2581.0,2024-12-24 23:00:00,2024-12-25 01:00:00,3455.56,3476.52,0.607,20.27,MFE,2.0,1.788,-0.4,23.2,DOWN,-0.1114247425102346,-0.1114247425102346,-0.1114247425102346,20.158575257489765,200.0,1.1575558147043283,4.0,3455.5569149999997,2579.0,2581.0,2024-12-25 01:00:00,3455.56,3476.52,0.607,20.27,MFE,2.0,1.788,-0.4,23.2,DOWN,-0.1114247425102346,-0.1114247425102346,-0.1114247425102346,20.158575257489765,both
L,200.0,1.144417886892225,4.0,3495.2267399999996,2598.0,2599.0,2024-12-25 18:00:00,2024-12-25 19:00:00,3495.23,3511.33,0.461,14.43,MFE,1.0,1.482,-0.141,17.2,DOWN,0.0,0.0,0.0,14.43,200.0,1.144417886892225,4.0,3495.2267399999996,2598.0,2599.0,2024-12-25 19:00:00,3495.23,3511.33,0.461,14.43,MFE,1.0,1.482,-0.141,17.2,DOWN,0.0,0.0,0.0,14.43,both
L,200.0,1.2740561691964811,4.0,3139.579005,3070.0,3078.0,2025-01-14 10:00:00,2025-01-14 18:00:00,3139.58,3240.9,3.227,125.09,MHx,8.0,3.703,-0.294,22.2,DOWN,-0.30100527799904814,-0.30100527799904814,-0.30100527799904814,124.78899472200095,200.0,1.2740561691964811,4.0,3139.579005,3070.0,3078.0,2025-01-14 18:00:00,3139.58,3240.9,3.227,125.09,MHx,8.0,3.703,-0.294,22.2,DOWN,-0.30100527799904814,-0.30100527799904814,-0.30100527799904814,124.78899472200095,both
L,200.0,1.1738456794093337,4.0,3407.60295,3149.0,3154.0,2025-01-17 17:00:00,2025-01-17 22:00:00,3407.6,3399.1,-0.25,-13.98,ACX,5.0,0.899,-0.517,8.1,DOWN,0.0,0.0,0.0,-13.98,200.0,1.1738456794093337,4.0,3407.60295,3149.0,3156.0,2025-01-18 00:00:00,3407.6,3418.73,0.327,9.06,MFE,7.0,1.244,-0.517,8.1,DOWN,-0.40150687156788617,-0.40150687156788617,0.0,8.658493128432115,both
L,200.0,1.248801644088575,4.0,3203.070735,3408.0,3412.0,2025-01-28 12:00:00,2025-01-28 16:00:00,3203.07,3193.02,-0.314,-16.55,ACX,4.0,0.59,-0.486,6.1,DOWN,-0.1614150986353088,-0.1614150986353088,0.0,-16.71141509863531,200.0,1.248801644088575,4.0,3203.070735,3408.0,3414.0,2025-01-28 18:00:00,3203.07,3194.11,-0.28,-15.19,MH,6.0,0.59,-0.662,6.1,DOWN,-0.1614150986353088,-0.1614150986353088,-0.1614150986353088,-15.351415098635309,both
L,200.0,1.2492581943881043,4.0,3201.90015,3456.0,3459.0,2025-01-30 12:00:00,2025-01-30 15:00:00,3201.9,3183.51,-0.574,-26.98,ACX,3.0,0.404,-0.641,23.2,DOWN,0.0,0.0,0.0,-26.98,200.0,1.2492581943881043,4.0,3201.90015,3456.0,3464.0,2025-01-30 20:00:00,3201.9,3219.55,0.551,18.05,MHx,8.0,0.846,-0.778,23.2,DOWN,-0.3984770800001368,-0.3984770800001368,-0.3984770800001368,17.651522919999863,both
L,200.0,1.4473659248225186,4.0,2763.64113,3568.0,3571.0,2025-02-04 04:00:00,2025-02-04 07:00:00,2763.64,2866.43,3.719,144.77,TP,3.0,5.634,-2.534,10.1,DOWN,0.0,0.0,0.0,144.77,200.0,1.4473659248225186,4.0,2763.64113,3568.0,3571.0,2025-02-04 07:00:00,2763.64,2866.43,3.719,144.77,TP,3.0,5.634,-2.534,10.1,DOWN,0.0,0.0,0.0,144.77,both
L,200.0,1.428581994976113,4.0,2799.9792899999998,3608.0,3611.0,2025-02-05 20:00:00,2025-02-05 23:00:00,2799.98,2784.37,-0.558,-26.3,MFE,3.0,1.0,-1.181,17.2,DOWN,0.0,0.0,0.0,-26.3,200.0,1.428581994976113,4.0,2799.9792899999998,3608.0,3611.0,2025-02-05 23:00:00,2799.98,2784.37,-0.558,-26.3,MFE,3.0,1.0,-1.181,17.2,DOWN,0.0,0.0,0.0,-26.3,both
L,200.0,1.4410690146811125,4.0,2775.7171649999996,3658.0,3661.0,2025-02-07 22:00:00,2025-02-08 01:00:00,2775.72,2691.03,-3.051,-126.03,ACX,3.0,0.735,-3.101,22.2,DOWN,0.046930332140003764,0.046930332140003764,0.046930332140003764,-125.98306966786,200.0,1.4410690146811125,4.0,2775.7171649999996,3658.0,3662.0,2025-02-08 02:00:00,2775.72,2672.61,-3.715,-152.59,SN,4.0,0.735,-4.166,22.2,DOWN,0.046930332140003764,0.046930332140003764,0.046930332140003764,-152.54306966786,both
L,200.0,1.5125094104317913,4.0,2644.611645,3725.0,3731.0,2025-02-10 17:00:00,2025-02-10 23:00:00,2644.61,2648.16,0.134,1.36,MFE,6.0,1.552,-0.553,24.2,DOWN,0.0,0.0,0.0,1.36,200.0,1.5125094104317913,4.0,2644.611645,3725.0,3731.0,2025-02-10 23:00:00,2644.61,2648.16,0.134,1.36,MFE,6.0,1.552,-0.553,24.2,DOWN,0.0,0.0,0.0,1.36,both
L,200.0,1.4569974487974673,4.0,2745.372,3787.0,3793.0,2025-02-13 07:00:00,2025-02-13 13:00:00,2745.37,2719.32,-0.949,-41.96,MH,6.0,0.406,-1.206,21.2,DOWN,-0.38045577211394305,-0.38045577211394305,-0.38045577211394305,-42.34045577211394,200.0,1.4569974487974673,4.0,2745.372,3787.0,3793.0,2025-02-13 13:00:00,2745.37,2719.32,-0.949,-41.96,MH,6.0,0.406,-1.206,21.2,DOWN,-0.38045577211394305,-0.38045577211394305,-0.38045577211394305,-42.34045577211394,both
L,200.0,1.490551145688569,4.0,2683.5711149999997,3814.0,3817.0,2025-02-14 10:00:00,2025-02-14 13:00:00,2683.57,2697.04,0.502,16.08,MFE,3.0,1.384,-0.182,24.2,DOWN,0.0,0.0,0.0,16.08,200.0,1.490551145688569,4.0,2683.5711149999997,3814.0,3817.0,2025-02-14 13:00:00,2683.57,2697.04,0.502,16.08,MFE,3.0,1.384,-0.182,24.2,DOWN,0.0,0.0,0.0,16.08,both
L,200.0,1.481954117815045,4.0,2699.1388949999996,3939.0,3945.0,2025-02-19 15:00:00,2025-02-19 21:00:00,2699.14,2701.97,0.105,0.19,MFE,6.0,1.37,-0.104,21.2,SIDE,-0.29177759189865127,-0.29177759189865127,-0.29177759189865127,-0.10177759189865127,200.0,1.481954117815045,4.0,2699.1388949999996,3939.0,3945.0,2025-02-19 21:00:00,2699.14,2701.97,0.105,0.19,MFE,6.0,1.37,-0.104,21.2,SIDE,-0.29177759189865127,-0.29177759189865127,-0.29177759189865127,-0.10177759189865127,both
L,200.0,1.4568063226035395,4.0,2745.73218,3967.0,3972.0,2025-02-20 19:00:00,2025-02-21 00:00:00,2745.73,2709.89,-1.305,-56.21,ACX,5.0,0.902,-1.447,0.0,MILD_UP,-0.252952662702886,-0.252952662702886,0.0,-56.46295266270289,200.0,1.4568063226035395,4.0,2745.73218,3967.0,3974.0,2025-02-21 02:00:00,2745.73,2732.8,-0.471,-22.84,MH,7.0,0.902,-1.46,0.0,MILD_UP,-0.252952662702886,-0.252952662702886,-0.252952662702886,-23.092952662702885,both
L,200.0,1.8259047312295626,4.0,2190.6947999999998,4275.0,4278.0,2025-03-05 15:00:00,2025-03-05 18:00:00,2190.69,2236.91,2.11,80.39,MFE,3.0,3.246,-0.157,1.0,DOWN,-0.28796680417317144,-0.28796680417317144,-0.28796680417317144,80.10203319582683,200.0,1.8259047312295626,4.0,2190.6947999999998,4275.0,4278.0,2025-03-05 18:00:00,2190.69,2236.91,2.11,80.39,MFE,3.0,3.246,-0.157,1.0,DOWN,-0.28796680417317144,-0.28796680417317144,-0.28796680417317144,80.10203319582683,both
L,200.0,1.9274905985441375,4.0,2075.2371,4396.0,4398.0,2025-03-10 16:00:00,2025-03-10 18:00:00,2075.24,2099.93,1.19,43.59,MFE,2.0,3.747,-1.373,19.2,DOWN,0.0,-0.1029584810695173,0.0,43.59,200.0,1.9274905985441375,4.0,2075.2371,4396.0,4398.0,2025-03-10 18:00:00,2075.24,2099.93,1.19,43.59,MFE,2.0,3.747,-1.373,19.2,DOWN,0.0,-0.1029584810695173,0.0,43.59,both
L,200.0,2.0864542287481016,4.0,1917.128085,4422.0,4425.0,2025-03-11 18:00:00,2025-03-11 21:00:00,1917.13,1893.26,-1.245,-53.79,ACX,3.0,0.562,-1.617,10.1,DOWN,0.0,0.0,0.0,-53.79,200.0,2.0864542287481016,4.0,1917.128085,4422.0,4426.0,2025-03-11 22:00:00,1917.13,1901.54,-0.813,-36.53,MFE,4.0,2.746,-2.721,10.1,DOWN,0.0,0.0,0.0,-36.53,both
L,200.0,2.1099746146052905,4.0,1895.7574049999998,4490.0,4497.0,2025-03-14 14:00:00,2025-03-14 21:00:00,1895.76,1900.85,0.269,6.74,BE,7.0,0.656,-0.442,23.2,DOWN,-0.30665211680921806,-0.30665211680921806,-0.30665211680921806,6.433347883190782,200.0,2.1099746146052905,4.0,1895.7574049999998,4490.0,4497.0,2025-03-14 21:00:00,1895.76,1900.85,0.269,6.74,BE,7.0,0.656,-0.442,23.2,DOWN,-0.30665211680921806,-0.30665211680921806,-0.30665211680921806,6.433347883190782,both
L,200.0,2.026479562619242,4.0,1973.86644,4615.0,4617.0,2025-03-19 19:00:00,2025-03-19 21:00:00,1973.87,2002.11,1.431,53.23,MFE,2.0,2.982,-0.059,20.2,DOWN,0.0,0.0,0.0,53.23,200.0,2.026479562619242,4.0,1973.86644,4615.0,4617.0,2025-03-19 21:00:00,1973.87,2002.11,1.431,53.23,MFE,2.0,2.982,-0.059,20.2,DOWN,0.0,0.0,0.0,53.23,both
L,200.0,2.153167276766615,4.0,1857.7284,4923.0,4927.0,2025-04-01 15:00:00,2025-04-01 19:00:00,1857.73,1871.55,0.744,25.77,MFE,4.0,1.814,-0.337,4.0,DOWN,-0.11481147151888792,-0.11481147151888792,-0.11481147151888792,25.655188528481112,200.0,2.153167276766615,4.0,1857.7284,4923.0,4927.0,2025-04-01 19:00:00,1857.73,1871.55,0.744,25.77,MFE,4.0,1.814,-0.337,4.0,DOWN,-0.11481147151888792,-0.11481147151888792,-0.11481147151888792,25.655188528481112,both
L,200.0,2.2004760906060112,4.0,1817.78844,4996.0,5000.0,2025-04-04 16:00:00,2025-04-04 20:00:00,1817.79,1782.27,-1.954,-82.16,ACX,4.0,0.93,-3.315,10.1,DOWN,0.0,0.0,0.08367770035989446,-82.16,200.0,2.2004760906060112,4.0,1817.78844,4996.0,5002.0,2025-04-04 22:00:00,1817.79,1800.43,-0.955,-42.2,MH,6.0,0.93,-3.315,10.1,DOWN,0.0,0.0,0.08367770035989446,-42.2,both
L,200.0,2.546140667868356,4.0,1571.0051099999998,5081.0,5085.0,2025-04-08 05:00:00,2025-04-08 09:00:00,1571.01,1543.0,-1.783,-75.31,ACX,4.0,0.864,-1.77,15.2,DOWN,0.017312960108703913,0.017312960108703913,0.017312960108703913,-75.2926870398913,200.0,2.546140667868356,4.0,1571.0051099999998,5081.0,5087.0,2025-04-08 11:00:00,1571.01,1588.16,1.092,39.67,MFE,6.0,2.991,-1.961,15.2,DOWN,0.017312960108703913,0.017312960108703913,0.017312960108703913,39.687312960108706,both
L,,,,,,,2025-04-09 19:00:00,,,,,,,,,,,,,,,,200.0,2.691477215015349,4.0,1486.172715,5119.0,5124.0,2025-04-10 00:00:00,1486.17,1484.06,-0.142,-9.69,MH,5.0,1.0,-3.172,23.2,DOWN,-0.06357179770993171,-0.06357179770993171,0.0,-9.753571797709931,right_only
L,,,,,,,2025-04-11 16:00:00,,,,,,,,,,,,,,,,200.0,2.5760481700914633,4.0,1552.765995,5164.0,5165.0,2025-04-11 17:00:00,1552.77,1550.01,-0.177,-11.09,MFE,1.0,1.259,-1.049,6.1,DOWN,0.0,0.0,0.23416291854072965,-11.09,right_only
L,,,,,,,2025-04-14 17:00:00,,,,,,,,,,,,,,,,200.0,2.4414229617666727,4.0,1638.3887849999999,5237.0,5240.0,2025-04-14 20:00:00,1638.39,1673.79,2.161,82.44,MFE,3.0,3.246,-0.475,9.1,DOWN,0.0,0.0,0.0,82.44,right_only
L,,,,,,,2025-04-15 18:00:00,,,,,,,,,,,,,,,,200.0,2.4263984557356877,4.0,1648.533855,5262.0,5267.0,2025-04-15 23:00:00,1648.53,1618.76,-1.806,-76.24,MH,5.0,0.737,-2.943,0.0,DOWN,0.0,0.0,0.0,-76.24,right_only
L,,,,,,,2025-04-17 14:00:00,,,,,,,,,,,,,,,,200.0,2.501424021610753,4.0,1599.089145,5306.0,5312.0,2025-04-17 20:00:00,1599.09,1591.7,-0.462,-22.47,MH,6.0,0.676,-0.713,2.0,DOWN,-0.20760649113154978,-0.20760649113154978,-0.20760649113154978,-22.67760649113155,right_only
L,,,,,,,2025-04-18 20:00:00,,,,,,,,,,,,,,,,200.0,2.514640006227003,4.0,1590.684945,5336.0,5343.0,2025-04-19 03:00:00,1590.68,1591.92,0.078,-0.89,BE,7.0,0.374,-0.825,23.2,SIDE,0.05936734491627592,0.05936734491627592,0.05936734491627592,-0.8306326550837241,right_only
L,,,,,,,2025-04-22 22:00:00,,,,,,,,,,,,,,,,200.0,2.4343765790260368,4.0,1643.1311549999998,5434.0,5436.0,2025-04-23 00:00:00,1643.13,1701.56,3.556,138.23,TP,2.0,5.039,-0.365,22.2,SIDE,-0.33582796731036363,-0.33582796731036363,0.0,137.89417203268962,right_only
L,,,,,,,2025-04-23 06:00:00,,,,,,,,,,,,,,,,200.0,2.2798169529268955,4.0,1754.526825,5442.0,5446.0,2025-04-23 10:00:00,1754.53,1760.46,0.338,9.53,MFE,4.0,1.965,-0.964,24.2,SIDE,-0.2673203658769937,-0.2673203658769937,-0.2673203658769937,9.262679634123005,right_only
L,,,,,,,2025-04-25 09:00:00,,,,,,,,,,,,,,,,200.0,2.2545669346244837,4.0,1774.1766449999998,5493.0,5498.0,2025-04-25 14:00:00,1774.18,1765.74,-0.476,-23.03,MH,5.0,0.885,-2.073,12.1,MILD_UP,0.0,0.0,0.0,-23.03,right_only
L,200.0,2.169054361708035,4.0,1844.1216,5790.0,5794.0,2025-05-07 18:00:00,2025-05-07 22:00:00,1844.12,1827.06,-0.925,-41.02,ACX,4.0,0.129,-1.219,2.0,SIDE,0.0,0.0,0.0,-41.02,200.0,2.169054361708035,4.0,1844.1216,5790.0,5796.0,2025-05-08 00:00:00,1844.12,1815.82,-1.535,-65.38,MH,6.0,0.129,-1.668,2.0,SIDE,0.025534998125937035,0.0,0.025534998125937035,-65.35446500187406,both
L,200.0,1.7722106968714815,4.0,2257.06797,5835.0,5836.0,2025-05-09 15:00:00,2025-05-09 16:00:00,2257.07,2362.63,4.677,183.07,TP,1.0,6.052,-0.082,16.2,MILD_UP,-0.41898959737574937,-0.41898959737574937,0.0,182.65101040262425,200.0,1.7722106968714815,4.0,2257.06797,5835.0,5836.0,2025-05-09 16:00:00,2257.07,2362.63,4.677,183.07,TP,1.0,6.052,-0.082,16.2,MILD_UP,-0.41898959737574937,-0.41898959737574937,0.0,182.65101040262425,both
L,200.0,1.5176077374061936,4.0,2635.7272049999997,6148.0,6150.0,2025-05-22 16:00:00,2025-05-22 18:00:00,2635.73,2663.03,1.036,37.43,MFE,2.0,2.158,-0.353,16.2,SIDE,0.0,-0.39971056109351816,0.0,37.43,200.0,1.5176077374061936,4.0,2635.7272049999997,6148.0,6150.0,2025-05-22 18:00:00,2635.73,2663.03,1.036,37.43,MFE,2.0,2.158,-0.353,16.2,SIDE,0.0,-0.39971056109351816,0.0,37.43,both
L,200.0,1.4946915655377038,4.0,2676.1374,6166.0,6167.0,2025-05-23 10:00:00,2025-05-23 11:00:00,2676.14,2703.48,1.022,36.87,MFE,1.0,2.173,-0.183,24.2,SIDE,0.0,0.0,0.0,36.87,200.0,1.4946915655377038,4.0,2676.1374,6166.0,6167.0,2025-05-23 11:00:00,2676.14,2703.48,1.022,36.87,MFE,1.0,2.173,-0.183,24.2,SIDE,0.0,0.0,0.0,36.87,both
L,200.0,1.512881436555963,4.0,2643.96132,6462.0,6465.0,2025-06-04 18:00:00,2025-06-04 21:00:00,2643.96,2614.41,-1.118,-48.7,ACX,3.0,0.205,-1.151,14.1,SIDE,0.0,0.0,0.0,-48.7,200.0,1.512881436555963,4.0,2643.96132,6462.0,6470.0,2025-06-05 02:00:00,2643.96,2632.77,-0.423,-20.93,MFE,8.0,1.349,-1.92,14.1,SIDE,-0.31862173036631264,-0.31862173036631264,-0.31862173036631264,-21.248621730366313,both
L,200.0,1.5978326550473796,4.0,2503.3910699999997,6514.0,6516.0,2025-06-06 22:00:00,2025-06-07 00:00:00,2503.39,2507.04,0.146,1.82,MFE,2.0,1.05,-0.409,8.1,SIDE,-0.10758139184611344,-0.10758139184611344,0.0,1.7124186081538866,200.0,1.5978326550473796,4.0,2503.3910699999997,6514.0,6516.0,2025-06-07 00:00:00,2503.39,2507.04,0.146,1.82,MFE,2.0,1.05,-0.409,8.1,SIDE,-0.10758139184611344,-0.10758139184611344,0.0,1.7124186081538866,both
L,200.0,1.4417653866405038,4.0,2774.3764949999995,6608.0,6611.0,2025-06-10 20:00:00,2025-06-10 23:00:00,2774.38,2733.77,-1.464,-62.54,ACX,3.0,0.149,-2.068,21.2,SIDE,0.0,0.0,0.0,-62.54,200.0,1.4417653866405038,4.0,2774.3764949999995,6608.0,6613.0,2025-06-11 01:00:00,2774.38,2728.38,-1.658,-70.32,MH,5.0,0.149,-3.094,21.2,SIDE,-0.39386579361861274,-0.39386579361861274,-0.39386579361861274,-70.71386579361861,both
L,200.0,1.6304396229763265,4.0,2453.3260499999997,7135.0,7141.0,2025-07-02 19:00:00,2025-07-03 01:00:00,2453.33,2558.5,4.287,167.48,TP,6.0,4.472,-0.934,2.0,MILD_UP,-0.21328247108536627,-0.21328247108536627,-0.21328247108536627,167.26671752891463,200.0,1.6304396229763265,4.0,2453.3260499999997,7135.0,7141.0,2025-07-03 01:00:00,2453.33,2558.5,4.287,167.48,TP,6.0,4.472,-0.934,2.0,MILD_UP,-0.21328247108536627,-0.21328247108536627,-0.21328247108536627,167.26671752891463,both
L,200.0,1.5672350732461713,4.0,2552.2654949999996,7274.0,7277.0,2025-07-08 14:00:00,2025-07-08 17:00:00,2552.27,2543.85,-0.33,-17.19,ACX,3.0,0.421,-0.284,13.1,MILD_UP,-0.11147578724169323,-0.11147578724169323,-0.11147578724169323,-17.301475787241696,200.0,1.5672350732461713,4.0,2552.2654949999996,7274.0,7283.0,2025-07-08 23:00:00,2552.27,2561.64,0.367,10.69,MFE,9.0,1.87,-0.402,13.1,MILD_UP,-0.11147578724169323,-0.11147578724169323,-0.11147578724169323,10.578524212758307,both
L,200.0,1.5035731476119782,4.0,2660.3295,7305.0,7312.0,2025-07-09 21:00:00,2025-07-10 04:00:00,2660.33,2762.18,3.828,149.14,TP,7.0,5.09,-1.215,9.1,MILD_UP,-0.2502554243750634,-0.2502554243750634,-0.2502554243750634,148.88974457562492,200.0,1.5035731476119782,4.0,2660.3295,7305.0,7312.0,2025-07-10 04:00:00,2660.33,2762.18,3.828,149.14,TP,7.0,5.09,-1.215,9.1,MILD_UP,-0.2502554243750634,-0.2502554243750634,-0.2502554243750634,148.88974457562492,both
L,200.0,1.4369978324630057,4.0,2783.581095,7319.0,7324.0,2025-07-10 11:00:00,2025-07-10 16:00:00,2783.58,2788.15,0.164,2.56,MFE,5.0,1.388,-0.688,8.1,MILD_UP,-0.1125691834569957,-0.1125691834569957,0.0,2.4474308165430045,200.0,1.4369978324630057,4.0,2783.581095,7319.0,7324.0,2025-07-10 16:00:00,2783.58,2788.15,0.164,2.56,MFE,5.0,1.388,-0.688,8.1,MILD_UP,-0.1125691834569957,-0.1125691834569957,0.0,2.4474308165430045,both
L,200.0,1.3309367820167948,4.0,3005.40195,7346.0,7350.0,2025-07-11 14:00:00,2025-07-11 18:00:00,3005.4,3013.35,0.265,6.58,MFE,4.0,1.183,-1.494,7.1,MILD_UP,-0.39506861968995527,-0.39506861968995527,-0.39506861968995527,6.1849313803100445,200.0,1.3309367820167948,4.0,3005.40195,7346.0,7350.0,2025-07-11 18:00:00,3005.4,3013.35,0.265,6.58,MFE,4.0,1.183,-1.494,7.1,MILD_UP,-0.39506861968995527,-0.39506861968995527,-0.39506861968995527,6.1849313803100445,both
L,200.0,1.0444835449470704,4.0,3829.643865,7779.0,7782.0,2025-07-29 15:00:00,2025-07-29 18:00:00,3829.64,3869.99,1.054,38.15,ACX,3.0,1.457,-0.057,15.2,MILD_UP,-0.4048971796493667,-0.4048971796493667,-0.4048971796493667,37.74510282035063,200.0,1.0444835449470704,4.0,3829.643865,7779.0,7783.0,2025-07-29 19:00:00,3829.64,3826.81,-0.074,-6.96,MFE,4.0,1.457,-0.173,15.2,MILD_UP,-0.4048971796493667,-0.4048971796493667,-0.4048971796493667,-7.3648971796493665,both
L,200.0,1.0354859762652198,4.0,3862.9204949999994,7823.0,7829.0,2025-07-31 11:00:00,2025-07-31 17:00:00,3862.92,3860.15,-0.072,-6.87,ACX,6.0,0.39,-0.252,4.0,MILD_UP,-0.399936459807465,-0.399936459807465,-0.399936459807465,-7.269936459807465,200.0,1.0354859762652198,4.0,3862.9204949999994,7823.0,7830.0,2025-07-31 18:00:00,3862.92,3859.62,-0.085,-7.42,MH,7.0,0.39,-0.257,4.0,MILD_UP,-0.399936459807465,-0.399936459807465,-0.399936459807465,-7.819936459807465,both
L,200.0,1.0992004815531358,4.0,3639.008595,7970.0,7974.0,2025-08-06 14:00:00,2025-08-06 18:00:00,3639.01,3624.18,-0.408,-20.3,ACX,4.0,0.247,-0.852,13.1,DOWN,-0.3279451446308002,-0.3279451446308002,-0.3279451446308002,-20.6279451446308,200.0,1.0992004815531358,4.0,3639.008595,7970.0,7976.0,2025-08-06 20:00:00,3639.01,3616.35,-0.623,-28.91,MH,6.0,0.247,-0.852,13.1,DOWN,-0.3279451446308002,-0.3279451446308002,-0.3279451446308002,-29.2379451446308,both
L,200.0,1.080248851526682,4.0,3702.8505,7996.0,8002.0,2025-08-07 16:00:00,2025-08-07 22:00:00,3702.85,3854.03,4.083,159.31,TP,6.0,4.367,-0.053,17.2,DOWN,0.0,-0.17131434282858568,0.0,159.31,200.0,1.080248851526682,4.0,3702.8505,7996.0,8002.0,2025-08-07 22:00:00,3702.85,3854.03,4.083,159.31,TP,6.0,4.367,-0.053,17.2,DOWN,0.0,-0.17131434282858568,0.0,159.31,both
L,200.0,0.9997626875805525,4.0,4000.9494749999994,8026.0,8029.0,2025-08-08 22:00:00,2025-08-09 01:00:00,4000.95,3967.83,-0.828,-37.12,ACX,3.0,0.101,-1.898,5.1,DOWN,-0.39520675513154296,-0.39520675513154296,-0.39520675513154296,-37.51520675513154,200.0,0.9997626875805525,4.0,4000.9494749999994,8026.0,8033.0,2025-08-09 05:00:00,4000.95,4054.79,1.346,49.83,MHx,7.0,1.726,-1.898,5.1,DOWN,-0.39520675513154296,-0.39520675513154296,-0.39520675513154296,49.43479324486846,both
L,200.0,0.9436035354441874,4.0,4239.068475,8309.0,8313.0,2025-08-20 17:00:00,2025-08-20 21:00:00,4239.07,4201.18,-0.894,-39.75,ACX,4.0,0.0,-2.19,5.1,MILD_UP,0.0,0.0,0.0,-39.75,200.0,0.9436035354441874,4.0,4239.068475,8309.0,8316.0,2025-08-21 00:00:00,4239.07,4251.34,0.29,7.58,MFE,7.0,1.592,-3.178,5.1,MILD_UP,-0.3640448840693992,-0.3640448840693992,0.0,7.215955115930601,both
L,200.0,0.9238101728851501,4.0,4329.893864999999,8357.0,8360.0,2025-08-22 17:00:00,2025-08-22 20:00:00,4329.89,4270.58,-1.37,-58.79,ACX,3.0,0.022,-1.358,22.2,DOWN,0.0,0.0,0.0,-58.79,200.0,0.9238101728851501,4.0,4329.893864999999,8357.0,8363.0,2025-08-22 23:00:00,4329.89,4609.49,6.457,254.3,TP,6.0,7.276,-2.861,22.2,DOWN,0.0,0.0,0.0,254.3,both
L,200.0,0.8675181997591976,4.0,4610.854275,8503.0,8507.0,2025-08-28 19:00:00,2025-08-28 23:00:00,4610.85,4563.01,-1.038,-45.51,ACX,4.0,0.045,-1.515,6.1,MILD_UP,0.0,0.0,0.0,-45.51,200.0,0.8675181997591976,4.0,4610.854275,8503.0,8510.0,2025-08-29 02:00:00,4610.85,4485.77,-2.713,-112.52,MH,7.0,0.045,-3.358,6.1,MILD_UP,-0.08494609056984348,-0.08494609056984348,-0.08494609056984348,-112.60494609056984,both
L,200.0,0.9190975924845171,4.0,4352.094959999999,8646.0,8649.0,2025-09-03 18:00:00,2025-09-03 21:00:00,4352.09,4350.02,-0.048,-5.9,ACX,3.0,0.731,-0.288,9.1,DOWN,0.0,0.0,0.0,-5.9,200.0,0.9190975924845171,4.0,4352.094959999999,8646.0,8654.0,2025-09-04 02:00:00,4352.09,4467.61,2.654,102.17,MHx,8.0,3.131,-0.288,9.1,DOWN,-0.13060715733824357,-0.13060715733824357,-0.13060715733824357,102.03939284266175,both
L,200.0,0.9055494902605323,4.0,4417.2074999999995,8692.0,8698.0,2025-09-05 16:00:00,2025-09-05 22:00:00,4417.21,4439.01,0.494,15.74,MFE,6.0,1.749,-1.057,23.2,DOWN,0.0,0.0,0.13818207294756754,15.74,200.0,0.9055494902605323,4.0,4417.2074999999995,8692.0,8698.0,2025-09-05 22:00:00,4417.21,4439.01,0.494,15.74,MFE,6.0,1.749,-1.057,23.2,DOWN,0.0,0.0,0.13818207294756754,15.74,both
L,200.0,0.9233237335480172,4.0,4332.175005,8813.0,8819.0,2025-09-10 17:00:00,2025-09-10 23:00:00,4332.18,4397.22,1.501,56.06,MFE,6.0,2.802,-0.614,21.2,DOWN,0.0,0.0,0.0,56.06,200.0,0.9233237335480172,4.0,4332.175005,8813.0,8819.0,2025-09-10 23:00:00,4332.18,4397.22,1.501,56.06,MFE,6.0,2.802,-0.614,21.2,DOWN,0.0,0.0,0.0,56.06,both
L,200.0,0.9050861845352661,4.0,4419.46863,8834.0,8838.0,2025-09-11 14:00:00,2025-09-11 18:00:00,4419.47,4412.8,-0.151,-10.03,ACX,4.0,0.697,-0.333,14.1,SIDE,-0.4017677573152047,-0.4017677573152047,-0.4017677573152047,-10.431767757315203,200.0,0.9050861845352661,4.0,4419.46863,8834.0,8841.0,2025-09-11 21:00:00,4419.47,4422.24,0.063,-1.49,MFE,7.0,1.447,-2.05,14.1,SIDE,-0.4017677573152047,-0.4017677573152047,-0.4017677573152047,-1.8917677573152047,both
L,200.0,0.8981486638975442,4.0,4453.605689999999,8851.0,8854.0,2025-09-12 07:00:00,2025-09-12 10:00:00,4453.61,4494.32,0.914,32.57,MFE,3.0,1.908,-0.118,0.0,SIDE,-0.1944645078642723,-0.1944645078642723,-0.1944645078642723,32.375535492135725,200.0,0.8981486638975442,4.0,4453.605689999999,8851.0,8854.0,2025-09-12 10:00:00,4453.61,4494.32,0.914,32.57,MFE,3.0,1.908,-0.118,0.0,SIDE,-0.1944645078642723,-0.1944645078642723,-0.1944645078642723,32.375535492135725,both
L,200.0,0.8829039537436731,4.0,4530.50412,8975.0,8981.0,2025-09-17 11:00:00,2025-09-17 17:00:00,4530.5,4507.03,-0.518,-24.73,BE,6.0,0.521,-1.526,16.2,MILD_UP,-0.21487612358688246,-0.21487612358688246,-0.21487612358688246,-24.944876123586884,200.0,0.8829039537436731,4.0,4530.50412,8975.0,8981.0,2025-09-17 17:00:00,4530.5,4507.03,-0.518,-24.73,BE,6.0,0.521,-1.526,16.2,MILD_UP,-0.21487612358688246,-0.21487612358688246,-0.21487612358688246,-24.944876123586884,both
L,200.0,0.9537739426304997,4.0,4193.865885,9155.0,9160.0,2025-09-24 23:00:00,2025-09-25 04:00:00,4193.87,4156.87,-0.882,-39.29,ACX,5.0,0.05,-0.993,22.2,DOWN,0.14360341863912515,0.14360341863912515,0.14360341863912515,-39.146396581360875,200.0,0.9537739426304997,4.0,4193.865885,9155.0,9161.0,2025-09-25 05:00:00,4193.87,4160.98,-0.784,-35.37,MH,6.0,0.05,-1.146,22.2,DOWN,0.14360341863912515,0.14360341863912515,0.14360341863912515,-35.22639658136087,both
L,200.0,0.9319371372661126,4.0,4292.134994999999,9317.0,9320.0,2025-10-01 17:00:00,2025-10-01 20:00:00,4292.13,4293.73,0.037,-2.51,ACX,3.0,0.582,-0.345,9.1,DOWN,0.0,0.0,0.0,-2.51,200.0,0.9319371372661126,4.0,4292.134994999999,9317.0,9325.0,2025-10-02 01:00:00,4292.13,4320.48,0.66,22.41,MHx,8.0,1.192,-0.371,9.1,DOWN,0.029987942539071985,0.029987942539071985,0.029987942539071985,22.439987942539073,both
L,200.0,0.9228484570338324,4.0,4334.40612,9328.0,9331.0,2025-10-02 04:00:00,2025-10-02 07:00:00,4334.41,4308.39,-0.6,-28.0,ACX,3.0,0.022,-1.15,22.2,DOWN,0.0,0.0,0.0,-28.0,,,,,,,,,,,,,,,,,,,,,,left_only
L,,,,,,,2025-10-02 08:00:00,,,,,,,,,,,,,,,,200.0,0.9199583509555668,4.0,4348.022925,9332.0,9340.0,2025-10-02 16:00:00,4348.02,4371.46,0.539,17.56,MFE,8.0,1.708,-0.412,12.1,DOWN,-0.12203521079503157,-0.18148835841154282,0.0,17.437964789204965,right_only
L,200.0,0.9078504748161819,4.0,4406.011905,9345.0,9353.0,2025-10-02 21:00:00,2025-10-03 05:00:00,4406.01,4486.75,1.832,69.29,MHx,8.0,2.511,-1.675,16.2,DOWN,-0.1503300160146801,-0.1503300160146801,-0.1503300160146801,69.13966998398533,,,,,,,,,,,,,,,,,,,,,,left_only
L,,,,,,,2025-10-02 22:00:00,,,,,,,,,,,,,,,,200.0,0.9055556435265132,4.0,4417.177485,9346.0,9354.0,2025-10-03 06:00:00,4417.18,4464.43,1.07,38.79,MFE,8.0,2.252,-1.923,8.1,DOWN,-0.14995001728791096,-0.14995001728791096,-0.14995001728791096,38.640049982712085,right_only
L,200.0,0.8868680123115018,4.0,4510.254,9359.0,9360.0,2025-10-03 11:00:00,2025-10-03 12:00:00,4510.25,4496.71,-0.3,-16.01,MFE,1.0,1.081,-0.504,1.0,SIDE,0.0,0.0,0.0,-16.01,,,,,,,,,,,,,,,,,,,,,,left_only
L,200.0,0.989609106852076,4.0,4041.99999,9675.0,9681.0,2025-10-16 15:00:00,2025-10-16 21:00:00,4042.0,4050.5,0.21,4.42,MFE,6.0,1.171,-2.59,17.2,DOWN,-0.030307639551143593,-0.030307639551143593,-0.030307639551143593,4.389692360448857,200.0,0.989609106852076,4.0,4041.99999,9675.0,9681.0,2025-10-16 21:00:00,4042.0,4050.5,0.21,4.42,MFE,6.0,1.171,-2.59,17.2,DOWN,-0.030307639551143593,-0.030307639551143593,-0.030307639551143593,4.389692360448857,both
L,200.0,0.9948889396398319,4.0,4020.5492699999995,9763.0,9766.0,2025-10-20 07:00:00,2025-10-20 10:00:00,4020.55,3934.17,-2.148,-89.94,ACX,3.0,0.0,-2.827,16.2,DOWN,-0.0982602983992917,-0.0982602983992917,-0.0982602983992917,-90.0382602983993,200.0,0.9948889396398319,4.0,4020.5492699999995,9763.0,9770.0,2025-10-20 14:00:00,4020.55,4057.23,0.912,32.49,MHx,7.0,1.325,-2.827,16.2,DOWN,-0.0982602983992917,-0.0982602983992917,-0.0982602983992917,32.39173970160071,both
L,200.0,1.0278218818288567,4.0,3891.72489,9843.0,9848.0,2025-10-23 15:00:00,2025-10-23 20:00:00,3891.72,3859.93,-0.817,-36.68,ACX,5.0,0.353,-0.889,0.0,SIDE,-0.16641084058501948,-0.16641084058501948,-0.16641084058501948,-36.84641084058502,200.0,1.0278218818288567,4.0,3891.72489,9843.0,9849.0,2025-10-23 21:00:00,3891.72,3849.66,-1.081,-47.23,MH,6.0,0.353,-1.458,0.0,SIDE,-0.16641084058501948,-0.16641084058501948,-0.16641084058501948,-47.39641084058502,both
L,,,,,,,2025-10-28 22:00:00,,,,,,,,,,,,,,,,200.0,0.9617329951553134,4.0,4159.158539999999,9970.0,9975.0,2025-10-29 03:00:00,4159.16,4111.13,-1.155,-50.19,MH,5.0,0.359,-2.24,22.2,MILD_UP,-0.07073785266189926,-0.07073785266189926,-0.07073785266189926,-50.2607378526619,right_only
L,,,,,,,2025-10-31 20:00:00,,,,,,,,,,,,,,,,200.0,1.0325015816794934,4.0,3874.0860749999997,10040.0,10046.0,2025-11-01 02:00:00,3874.09,3824.77,-1.273,-54.92,MH,6.0,0.334,-1.844,22.2,SIDE,0.0511207412974536,0.0511207412974536,0.0511207412974536,-54.86887925870255,right_only
L,200.0,1.1957353709381495,4.0,3345.221775,10161.0,10169.0,2025-11-05 21:00:00,2025-11-06 05:00:00,3345.22,3447.8,3.066,118.65,MFE,8.0,3.999,-0.829,7.1,DOWN,-0.17612990504941933,-0.17612990504941933,-0.17612990504941933,118.47387009495058,200.0,1.1957353709381495,4.0,3345.221775,10161.0,10169.0,2025-11-06 05:00:00,3345.22,3447.8,3.066,118.65,MFE,8.0,3.999,-0.829,7.1,DOWN,-0.17612990504941933,-0.17612990504941933,-0.17612990504941933,118.47387009495058,both
L,200.0,1.1481678999848508,4.0,3483.811035,10326.0,10331.0,2025-11-12 18:00:00,2025-11-12 23:00:00,3483.81,3499.19,0.441,13.66,MFE,5.0,2.969,-0.165,19.2,DOWN,0.0,0.0,0.0,13.66,200.0,1.1481678999848508,4.0,3483.811035,10326.0,10331.0,2025-11-12 23:00:00,3483.81,3499.19,0.441,13.66,MFE,5.0,2.969,-0.165,19.2,DOWN,0.0,0.0,0.0,13.66,both
L,200.0,1.2550189758006316,4.0,3187.202805,10442.0,10449.0,2025-11-17 14:00:00,2025-11-17 21:00:00,3187.2,3181.09,-0.192,-11.67,MFE,7.0,1.13,-0.548,21.2,DOWN,-0.40126596211376014,-0.40126596211376014,-0.40126596211376014,-12.07126596211376,200.0,1.2550189758006316,4.0,3187.202805,10442.0,10449.0,2025-11-17 21:00:00,3187.2,3181.09,-0.192,-11.67,MFE,7.0,1.13,-0.548,21.2,DOWN,-0.40126596211376014,-0.40126596211376014,-0.40126596211376014,-12.07126596211376,both
L,200.0,1.3046177188775494,4.0,3066.0322499999997,10471.0,10474.0,2025-11-18 19:00:00,2025-11-18 22:00:00,3066.03,3045.48,-0.67,-30.82,ACX,3.0,0.25,-1.501,22.2,DOWN,0.0,0.0,0.0,-30.82,200.0,1.3046177188775494,4.0,3066.0322499999997,10471.0,10478.0,2025-11-19 02:00:00,3066.03,3132.72,2.175,83.01,MFE,7.0,3.322,-1.501,22.2,DOWN,-0.24015332435497147,-0.24015332435497147,-0.24015332435497147,82.76984667564503,both
L,200.0,1.3178412853729708,4.0,3035.266875,10677.0,10679.0,2025-11-27 09:00:00,2025-11-27 11:00:00,3035.27,3034.23,-0.034,-5.36,MFE,2.0,1.144,-0.297,13.1,DOWN,0.0,0.0,0.0,-5.36,200.0,1.3178412853729708,4.0,3035.266875,10677.0,10679.0,2025-11-27 11:00:00,3035.27,3034.23,-0.034,-5.36,MFE,2.0,1.144,-0.297,13.1,DOWN,0.0,0.0,0.0,-5.36,both
L,200.0,1.4219058083664982,4.0,2813.1258599999996,10803.0,10806.0,2025-12-02 15:00:00,2025-12-02 18:00:00,2813.13,2795.2,-0.637,-29.49,ACX,3.0,0.01,-1.156,23.2,MILD_UP,-0.22138622729952598,-0.22138622729952598,-0.22138622729952598,-29.711386227299524,200.0,1.4219058083664982,4.0,2813.1258599999996,10803.0,10812.0,2025-12-03 00:00:00,2813.13,3004.05,6.787,267.47,TP,9.0,7.569,-1.156,23.2,MILD_UP,-0.39861279262639693,-0.39861279262639693,-0.22138622729952598,267.0713872073736,both
L,,,,,,,2025-12-03 11:00:00,,,,,,,,,,,,,,,,200.0,1.3197074724539193,4.0,3030.97473,10823.0,10828.0,2025-12-03 16:00:00,3030.97,3054.88,0.789,27.55,MFE,5.0,1.761,-0.373,12.1,MILD_UP,-0.04465144188120632,-0.04465144188120632,0.0,27.505348558118794,right_only
L,200.0,1.3014537995410898,4.0,3073.4859749999996,10832.0,10835.0,2025-12-03 20:00:00,2025-12-03 23:00:00,3073.49,3073.25,-0.008,-4.3,MFE,3.0,2.331,-1.415,19.2,MILD_UP,0.0,0.0,0.0,-4.3,,,,,,,,,,,,,,,,,,,,,,left_only
L,200.0,1.2723329703780877,4.0,3143.83113,10949.0,10952.0,2025-12-08 17:00:00,2025-12-08 20:00:00,3143.83,3139.04,-0.152,-10.1,MFE,3.0,1.15,-0.346,8.1,MILD_UP,0.0,0.0,0.0,-10.1,200.0,1.2723329703780877,4.0,3143.83113,10949.0,10952.0,2025-12-08 20:00:00,3143.83,3139.04,-0.152,-10.1,MFE,3.0,1.15,-0.346,8.1,MILD_UP,0.0,0.0,0.0,-10.1,both
L,200.0,1.4022513878708616,4.0,2852.555565,11190.0,11194.0,2025-12-18 18:00:00,2025-12-18 22:00:00,2852.56,2961.39,3.815,148.61,TP,4.0,4.456,-0.16,1.0,DOWN,0.0,0.0,0.0,148.61,200.0,1.4022513878708616,4.0,2852.555565,11190.0,11194.0,2025-12-18 22:00:00,2852.56,2961.39,3.815,148.61,TP,4.0,4.456,-0.16,1.0,DOWN,0.0,0.0,0.0,148.61,both
L,200.0,1.353442339748557,4.0,2955.426975,11214.0,11220.0,2025-12-19 18:00:00,2025-12-20 00:00:00,2955.43,2962.0,0.222,4.89,MFE,6.0,2.117,-0.472,20.2,DOWN,-0.36884904472108315,-0.36884904472108315,0.0,4.521150955278917,200.0,1.353442339748557,4.0,2955.426975,11214.0,11220.0,2025-12-20 00:00:00,2955.43,2962.0,0.222,4.89,MFE,6.0,2.117,-0.472,20.2,DOWN,-0.36884904472108315,-0.36884904472108315,0.0,4.521150955278917,both
L,200.0,1.351406503346488,4.0,2959.8792,11347.0,11353.0,2025-12-25 07:00:00,2025-12-25 13:00:00,2959.88,2942.17,-0.598,-27.93,MH,6.0,0.0,-0.852,12.1,DOWN,-0.2598760545362797,-0.2598760545362797,-0.2598760545362797,-28.189876054536278,200.0,1.351406503346488,4.0,2959.8792,11347.0,11353.0,2025-12-25 13:00:00,2959.88,2942.17,-0.598,-27.93,MH,6.0,0.0,-0.852,12.1,DOWN,-0.2598760545362797,-0.2598760545362797,-0.2598760545362797,-28.189876054536278,both
L,200.0,1.3402573238105973,4.0,2984.501505,11386.0,11391.0,2025-12-26 22:00:00,2025-12-27 03:00:00,2984.5,2920.4,-2.148,-89.91,MH,5.0,0.0,-3.066,1.0,SIDE,-0.13512649925770434,-0.13512649925770434,-0.13512649925770434,-90.0451264992577,200.0,1.3402573238105973,4.0,2984.501505,11386.0,11391.0,2025-12-27 03:00:00,2984.5,2920.4,-2.148,-89.91,MH,5.0,0.0,-3.066,1.0,SIDE,-0.13512649925770434,-0.13512649925770434,-0.13512649925770434,-90.0451264992577,both
L,200.0,1.3549789871552396,4.0,2952.0753,11472.0,11477.0,2025-12-30 12:00:00,2025-12-30 17:00:00,2952.08,2975.21,0.784,27.35,MFE,5.0,1.725,-0.549,13.1,SIDE,-0.15666360286390796,-0.15666360286390796,-0.15666360286390796,27.193336397136093,200.0,1.3549789871552396,4.0,2952.0753,11472.0,11477.0,2025-12-30 17:00:00,2952.08,2975.21,0.784,27.35,MFE,5.0,1.725,-0.549,13.1,SIDE,-0.15666360286390796,-0.15666360286390796,-0.15666360286390796,27.193336397136093,both
L,200.0,1.3348026841280216,4.0,2996.6975999999995,11483.0,11486.0,2025-12-30 23:00:00,2025-12-31 02:00:00,2996.7,2974.18,-0.751,-34.05,ACX,3.0,0.158,-1.097,20.2,SIDE,-0.3989044473489751,-0.3989044473489751,-0.3989044473489751,-34.44890444734897,200.0,1.3348026841280216,4.0,2996.6975999999995,11483.0,11489.0,2025-12-31 05:00:00,2996.7,2956.03,-1.357,-58.28,MH,6.0,0.158,-1.85,20.2,SIDE,-0.3989044473489751,-0.3989044473489751,-0.3989044473489751,-58.67890444734898,both
L,200.0,1.3324538072242609,4.0,3001.98024,11504.0,11509.0,2025-12-31 20:00:00,2026-01-01 01:00:00,3001.98,2973.33,-0.954,-42.17,ACX,5.0,0.858,-1.479,13.1,SIDE,-0.1402491057036405,-0.1402491057036405,-0.1402491057036405,-42.31024910570364,200.0,1.3324538072242609,4.0,3001.98024,11504.0,11510.0,2026-01-01 02:00:00,3001.98,2973.07,-0.963,-42.52,MH,6.0,0.858,-1.479,13.1,SIDE,-0.1402491057036405,-0.1402491057036405,-0.1402491057036405,-42.66024910570364,both
L,200.0,1.3400012734702103,4.0,2985.07179,11527.0,11530.0,2026-01-01 19:00:00,2026-01-01 22:00:00,2985.07,2979.93,-0.172,-10.89,ACX,3.0,0.23,-0.17,0.0,SIDE,0.0,0.0,0.0,-10.89,200.0,1.3400012734702103,4.0,2985.07179,11527.0,11533.0,2026-01-02 01:00:00,2985.07,2979.86,-0.175,-10.98,MH,6.0,0.296,-0.304,0.0,SIDE,0.022425350111931475,0.022425350111931475,0.022425350111931475,-10.95757464988807,both
L,200.0,1.2201414849527874,4.0,3278.3083349999997,11651.0,11654.0,2026-01-06 23:00:00,2026-01-07 02:00:00,3278.31,3192.88,-2.606,-108.23,ACX,3.0,0.688,-2.754,8.1,MILD_UP,-0.1696075363210154,-0.1696075363210154,-0.1696075363210154,-108.39960753632101,200.0,1.2201414849527874,4.0,3278.3083349999997,11651.0,11658.0,2026-01-07 06:00:00,3278.31,3273.13,-0.158,-10.32,MH,7.0,0.688,-2.977,8.1,MILD_UP,-0.1696075363210154,-0.1696075363210154,-0.1696075363210154,-10.489607536321016,both
L,,,,,,,2026-01-13 14:00:00,,,,,,,,,,,,,,,,200.0,1.2770391734384385,4.0,3132.2453399999995,11810.0,11817.0,2026-01-13 21:00:00,3132.25,3132.37,0.004,-3.84,BE,7.0,0.508,-0.37,17.2,SIDE,-0.36525334404360554,-0.36525334404360554,-0.36525334404360554,-4.205253344043605,right_only
L,,,,,,,2026-01-26 23:00:00,,,,,,,,,,,,,,,,200.0,1.3685222836654516,4.0,2922.8606999999997,12131.0,12137.0,2026-01-27 05:00:00,2922.86,2898.72,-0.826,-37.04,MH,6.0,0.929,-1.298,22.2,DOWN,-0.05259041077347382,-0.05259041077347382,-0.05259041077347382,-37.092590410773475,right_only
L,200.0,2.021029723738879,4.0,1979.1890999999998,12395.0,12398.0,2026-02-06 23:00:00,2026-02-07 02:00:00,1979.19,2065.5,4.361,170.43,TP,3.0,5.599,-0.97,5.1,DOWN,-0.07408939105414436,-0.07408939105414436,-0.07408939105414436,170.35591060894586,200.0,2.021029723738879,4.0,1979.1890999999998,12395.0,12398.0,2026-02-07 02:00:00,1979.19,2065.5,4.361,170.43,TP,3.0,5.599,-0.97,5.1,DOWN,-0.07408939105414436,-0.07408939105414436,-0.07408939105414436,170.35591060894586,both
L,200.0,2.029648187379556,4.0,1970.7848999999999,12530.0,12533.0,2026-02-12 14:00:00,2026-02-12 17:00:00,1970.78,1963.61,-0.364,-18.57,ACX,3.0,0.587,-0.741,7.1,DOWN,-0.08947566750247193,-0.08947566750247193,-0.08947566750247193,-18.659475667502473,200.0,2.029648187379556,4.0,1970.7848999999999,12530.0,12537.0,2026-02-12 21:00:00,1970.78,1978.85,0.409,12.37,MFE,7.0,1.528,-0.741,7.1,DOWN,-0.08947566750247193,-0.08947566750247193,-0.08947566750247193,12.280524332497528,both
L,200.0,2.041556750208215,4.0,1959.289155,12557.0,12560.0,2026-02-13 17:00:00,2026-02-13 20:00:00,1959.29,1958.27,-0.052,-6.08,ACX,3.0,0.47,-0.791,16.2,DOWN,0.0,0.0,0.0,-6.08,200.0,2.041556750208215,4.0,1959.289155,12557.0,12564.0,2026-02-14 00:00:00,1959.29,2032.69,3.746,145.86,TP,7.0,4.629,-0.791,16.2,DOWN,-0.17689414710203913,-0.17689414710203913,0.0,145.68310585289797,both
L,200.0,2.0231672323404317,4.0,1977.0980549999997,12629.0,12632.0,2026-02-16 17:00:00,2026-02-16 20:00:00,1977.1,1974.16,-0.148,-9.94,ACX,3.0,0.765,-1.065,11.1,DOWN,0.0,0.0,0.0,-9.94,200.0,2.0231672323404317,4.0,1977.0980549999997,12629.0,12634.0,2026-02-16 22:00:00,1977.1,1965.79,-0.572,-26.88,MFE,5.0,2.337,-1.065,11.1,DOWN,0.0,0.0,0.0,-26.88,both
L,200.0,1.9978816860059618,4.0,2002.1205599999998,12675.0,12677.0,2026-02-18 15:00:00,2026-02-18 17:00:00,2002.12,2018.58,0.822,28.88,MFE,2.0,1.806,-0.328,9.1,SIDE,0.15245894622849288,0.15245894622849288,0.15245894622849288,29.03245894622849,200.0,1.9978816860059618,4.0,2002.1205599999998,12675.0,12677.0,2026-02-18 17:00:00,2002.12,2018.58,0.822,28.88,MFE,2.0,1.806,-0.328,9.1,SIDE,0.15245894622849288,0.15245894622849288,0.15245894622849288,29.03245894622849,both
L,200.0,2.1498558873666425,4.0,1860.58983,12835.0,12839.0,2026-02-25 07:00:00,2026-02-25 11:00:00,1860.59,1918.99,3.139,121.55,TP,4.0,4.574,-0.8,23.2,DOWN,0.09769913662271282,0.09769913662271282,0.09769913662271282,121.6476991366227,200.0,2.1498558873666425,4.0,1860.58983,12835.0,12839.0,2026-02-25 11:00:00,1860.59,1918.99,3.139,121.55,TP,4.0,4.574,-0.8,23.2,DOWN,0.09769913662271282,0.09769913662271282,0.09769913662271282,121.6476991366227,both
L,200.0,2.0765815878730627,4.0,1926.24264,12848.0,12852.0,2026-02-25 20:00:00,2026-02-26 00:00:00,1926.24,2011.85,4.444,173.78,TP,4.0,5.279,-0.26,14.1,DOWN,-0.24048281605793925,-0.24048281605793925,0.0,173.53951718394205,200.0,2.0765815878730627,4.0,1926.24264,12848.0,12852.0,2026-02-26 00:00:00,1926.24,2011.85,4.444,173.78,TP,4.0,5.279,-0.26,14.1,DOWN,-0.24048281605793925,-0.24048281605793925,0.0,173.53951718394205,both
L,200.0,2.0206926351888774,4.0,1979.519265,12971.0,12972.0,2026-03-02 23:00:00,2026-03-03 00:00:00,1979.52,2045.37,3.326,129.06,TP,1.0,4.308,-0.329,8.1,SIDE,0.27854541111055464,0.0,0.27854541111055464,129.33854541111054,200.0,2.0206926351888774,4.0,1979.519265,12971.0,12972.0,2026-03-03 00:00:00,1979.52,2045.37,3.326,129.06,TP,1.0,4.308,-0.329,8.1,SIDE,0.27854541111055464,0.0,0.27854541111055464,129.33854541111054,both
L,200.0,1.9445435574244532,4.0,2057.038005,13157.0,13160.0,2026-03-10 17:00:00,2026-03-10 20:00:00,2057.04,2059.74,0.131,1.25,ACX,3.0,0.825,-0.151,16.2,SIDE,0.0,0.0,0.0,1.25,200.0,1.9445435574244532,4.0,2057.038005,13157.0,13165.0,2026-03-11 01:00:00,2057.04,2078.52,1.044,37.77,MHx,8.0,1.505,-2.395,16.2,SIDE,-0.10799035984800524,-0.10799035984800524,-0.10799035984800524,37.662009640152,both
L,200.0,1.928978577390838,4.0,2073.6362999999997,13220.0,13221.0,2026-03-13 08:00:00,2026-03-13 09:00:00,2073.64,2117.1,2.096,79.84,TP,1.0,3.586,-0.219,9.1,MILD_UP,0.0,-0.09051823639468504,0.0,79.84,200.0,1.928978577390838,4.0,2073.6362999999997,13220.0,13221.0,2026-03-13 09:00:00,2073.64,2117.1,2.096,79.84,TP,1.0,3.586,-0.219,9.1,MILD_UP,0.0,-0.09051823639468504,0.0,79.84,both
L,200.0,1.8806422779851308,4.0,2126.932935,13231.0,13234.0,2026-03-13 19:00:00,2026-03-13 22:00:00,2126.93,2183.45,2.657,102.28,TP,3.0,3.698,-0.463,18.2,MILD_UP,0.0,0.0,0.0,102.28,200.0,1.8806422779851308,4.0,2126.932935,13231.0,13234.0,2026-03-13 22:00:00,2126.93,2183.45,2.657,102.28,TP,3.0,3.698,-0.463,18.2,MILD_UP,0.0,0.0,0.0,102.28,both
L,200.0,1.9394496968095871,4.0,2062.4407049999995,13637.0,13640.0,2026-03-30 17:00:00,2026-03-30 20:00:00,2062.44,2069.36,0.336,9.43,MFE,3.0,1.19,-0.778,23.2,DOWN,0.0,0.0,0.0,9.43,200.0,1.9394496968095871,4.0,2062.4407049999995,13637.0,13640.0,2026-03-30 20:00:00,2062.44,2069.36,0.336,9.43,MFE,3.0,1.19,-0.778,23.2,DOWN,0.0,0.0,0.0,9.43,both
L,200.0,1.8912825046952093,4.0,2114.966955,13677.0,13684.0,2026-04-01 09:00:00,2026-04-01 16:00:00,2114.97,2129.06,0.667,22.66,MFE,7.0,2.034,-1.597,9.1,DOWN,-0.19266131143878792,-0.19266131143878792,0.0,22.467338688561213,200.0,1.8912825046952093,4.0,2114.966955,13677.0,13684.0,2026-04-01 16:00:00,2114.97,2129.06,0.667,22.66,MFE,7.0,2.034,-1.597,9.1,DOWN,-0.19266131143878792,-0.19266131143878792,0.0,22.467338688561213,both
L,200.0,1.7850370354909968,4.0,2240.8498649999997,13850.0,13855.0,2026-04-08 14:00:00,2026-04-08 19:00:00,2240.85,2240.57,-0.013,-4.5,ACX,5.0,0.977,-0.3,14.1,MILD_UP,-0.23460568046942104,-0.23460568046942104,-0.23460568046942104,-4.734605680469421,200.0,1.7850370354909968,4.0,2240.8498649999997,13850.0,13858.0,2026-04-08 22:00:00,2240.85,2233.72,-0.318,-16.72,MFE,8.0,1.285,-0.467,14.1,MILD_UP,-0.23460568046942104,-0.23460568046942104,-0.23460568046942104,-16.95460568046942,both
L,200.0,1.8051947873772984,4.0,2215.8273599999998,13904.0,13908.0,2026-04-10 20:00:00,2026-04-11 00:00:00,2215.83,2222.12,0.284,7.36,MFE,4.0,1.883,-0.409,1.0,MILD_UP,0.017977602731649635,0.0,0.017977602731649635,7.37797760273165,,,,,,,,,,,,,,,,,,,,,,left_only
L,200.0,1.685398416408918,4.0,2373.3260699999996,13995.0,14000.0,2026-04-14 15:00:00,2026-04-14 20:00:00,2373.33,2371.93,-0.059,-6.35,ACX,5.0,0.926,-0.283,3.0,MILD_UP,-0.40061414738515055,-0.40061414738515055,-0.40061414738515055,-6.75061414738515,200.0,1.685398416408918,4.0,2373.3260699999996,13995.0,14003.0,2026-04-14 23:00:00,2373.33,2350.9,-0.945,-41.79,MFE,8.0,1.815,-0.899,3.0,MILD_UP,-0.40061414738515055,-0.40061414738515055,-0.40061414738515055,-42.19061414738515,both
L,200.0,1.68714805353476,4.0,2370.8648399999997,14183.0,14187.0,2026-04-22 11:00:00,2026-04-22 15:00:00,2370.86,2391.2,0.858,30.31,MFE,4.0,1.834,-0.575,8.1,MILD_UP,0.0,0.0,0.0,30.31,200.0,1.68714805353476,4.0,2370.8648399999997,14183.0,14187.0,2026-04-22 15:00:00,2370.86,2391.2,0.858,30.31,MFE,4.0,1.834,-0.575,8.1,MILD_UP,0.0,0.0,0.0,30.31,both
L,200.0,1.6631657547268965,4.0,2405.0519249999998,14193.0,14196.0,2026-04-22 21:00:00,2026-04-23 00:00:00,2405.05,2401.49,-0.148,-9.93,ACX,3.0,0.746,-0.677,1.0,MILD_UP,-0.3115724158013761,-0.3115724158013761,0.0,-10.241572415801375,200.0,1.6631657547268965,4.0,2405.0519249999998,14193.0,14200.0,2026-04-23 04:00:00,2405.05,2395.55,-0.395,-19.8,MH,7.0,0.746,-0.905,1.0,MILD_UP,-0.3115724158013761,-0.3115724158013761,-0.3115724158013761,-20.111572415801376,both
L,200.0,1.7639225425098388,4.0,2267.67327,14398.0,14403.0,2026-05-01 10:00:00,2026-05-01 15:00:00,2267.67,2275.0,0.323,8.93,MFE,5.0,1.205,-0.207,4.0,SIDE,0.0,0.0,0.0,8.93,200.0,1.7639225425098388,4.0,2267.67327,14398.0,14403.0,2026-05-01 15:00:00,2267.67,2275.0,0.323,8.93,MFE,5.0,1.205,-0.207,4.0,SIDE,0.0,0.0,0.0,8.93,both
L,200.0,1.6791550464939564,4.0,2382.15048,14496.0,14499.0,2026-05-05 12:00:00,2026-05-05 15:00:00,2382.15,2376.58,-0.234,-13.35,ACX,3.0,0.328,-0.688,8.1,SIDE,0.0,0.0,0.0,-13.35,200.0,1.6791550464939564,4.0,2382.15048,14496.0,14502.0,2026-05-05 18:00:00,2382.15,2367.43,-0.618,-28.73,MH,6.0,0.328,-0.714,8.1,SIDE,0.09628463457622544,0.09628463457622544,0.09628463457622544,-28.633715365423775,both
L,200.0,1.8682422263293348,4.0,2141.04999,14836.0,14839.0,2026-05-19 16:00:00,2026-05-19 19:00:00,2141.05,2116.34,-1.154,-50.16,ACX,3.0,0.0,-1.65,21.2,DOWN,0.0,-0.22736647960657191,0.0,-50.16,200.0,1.8682422263293348,4.0,2141.04999,14836.0,14841.0,2026-05-19 21:00:00,2141.05,2116.34,-1.154,-50.16,MH,5.0,0.0,-1.65,21.2,DOWN,0.0,-0.22736647960657191,0.0,-50.16,both
L,200.0,1.8893341018105327,4.0,2117.148045,14983.0,14991.0,2026-05-25 19:00:00,2026-05-26 03:00:00,2117.15,2124.84,0.363,10.53,MHx,8.0,1.155,-0.289,21.2,DOWN,-0.13050398636624397,-0.13050398636624397,-0.13050398636624397,10.399496013633755,200.0,1.8893341018105327,4.0,2117.148045,14983.0,14991.0,2026-05-26 03:00:00,2117.15,2124.84,0.363,10.53,MHx,8.0,1.155,-0.289,21.2,DOWN,-0.13050398636624397,-0.13050398636624397,-0.13050398636624397,10.399496013633755,both
L,200.0,2.4094358495400194,4.0,1660.139655,15389.0,15394.0,2026-06-11 17:00:00,2026-06-11 22:00:00,1660.14,1651.61,-0.514,-24.54,ACX,5.0,0.81,-1.153,12.1,DOWN,0.0,0.0,0.0,-24.54,200.0,2.4094358495400194,4.0,1660.139655,15389.0,15395.0,2026-06-11 23:00:00,1660.14,1641.43,-1.127,-49.08,MH,6.0,0.81,-1.333,12.1,DOWN,0.0,0.0,0.0,-49.08,both
L,200.0,2.3019484218012827,4.0,1737.658395,15487.0,15490.0,2026-06-15 19:00:00,2026-06-15 22:00:00,1737.66,1812.39,4.301,168.04,TP,3.0,5.133,-0.26,20.2,SIDE,0.0,0.0,0.0,168.04,200.0,2.3019484218012827,4.0,1737.658395,15487.0,15490.0,2026-06-15 22:00:00,1737.66,1812.39,4.301,168.04,TP,3.0,5.133,-0.26,20.2,SIDE,0.0,0.0,0.0,168.04,both
L,200.0,2.290120634852586,4.0,1746.63288,15652.0,15659.0,2026-06-22 16:00:00,2026-06-22 23:00:00,1746.63,1752.86,0.357,10.27,MFE,7.0,1.853,-0.233,22.2,MILD_UP,0.0,-0.07760119940029986,0.0,10.27,200.0,2.290120634852586,4.0,1746.63288,15652.0,15659.0,2026-06-22 23:00:00,1746.63,1752.86,0.357,10.27,MFE,7.0,1.853,-0.233,22.2,MILD_UP,0.0,-0.07760119940029986,0.0,10.27,both
L,200.0,2.3991844692152244,4.0,1667.2332,15692.0,15696.0,2026-06-24 08:00:00,2026-06-24 12:00:00,1667.23,1665.2,-0.122,-8.89,ACX,4.0,0.761,-0.611,1.0,MILD_UP,0.0,-0.183067367180548,0.0,-8.89,200.0,2.3991844692152244,4.0,1667.2332,15692.0,15701.0,2026-06-24 17:00:00,1667.23,1671.72,0.269,6.77,MHx,9.0,0.761,-0.611,1.0,MILD_UP,-0.08873839607403405,-0.27180576325458206,-0.08873839607403405,6.681261603925965,both
L,200.0,2.3816763467668958,4.0,1679.489325,15704.0,15707.0,2026-06-24 20:00:00,2026-06-24 23:00:00,1679.49,1645.87,-2.002,-84.08,ACX,3.0,0.07,-2.53,22.2,SIDE,0.0,0.0,0.0,-84.08,,,,,,,,,,,,,,,,,,,,,,left_only
L,200.0,2.4183261651576324,4.0,1654.036605,15723.0,15726.0,2026-06-25 15:00:00,2026-06-25 18:00:00,1654.04,1647.28,-0.409,-20.35,ACX,3.0,0.3,-0.503,7.1,SIDE,-0.17153444312984498,-0.17153444312984498,-0.17153444312984498,-20.521534443129845,200.0,2.4183261651576324,4.0,1654.036605,15723.0,15729.0,2026-06-25 21:00:00,1654.04,1634.09,-1.206,-52.23,MH,6.0,0.3,-1.876,7.1,SIDE,-0.17153444312984498,-0.17153444312984498,-0.17153444312984498,-52.40153444312984,both
L,200.0,2.4339023392366204,4.0,1643.451315,15894.0,15898.0,2026-07-02 18:00:00,2026-07-02 22:00:00,1643.45,1709.3,4.007,156.28,TP,4.0,4.286,-0.17,4.0,DOWN,0.0,0.0,0.0,156.28,200.0,2.4339023392366204,4.0,1643.451315,15894.0,15898.0,2026-07-02 22:00:00,1643.45,1709.3,4.007,156.28,TP,4.0,4.286,-0.17,4.0,DOWN,0.0,0.0,0.0,156.28,both
L,200.0,2.335922244716862,4.0,1712.3857649999998,15910.0,15917.0,2026-07-03 10:00:00,2026-07-03 17:00:00,1712.39,1718.24,0.342,9.68,MFE,7.0,1.457,-0.998,3.0,DOWN,-0.4010778494178852,-0.4010778494178852,-0.4010778494178852,9.278922150582115,200.0,2.335922244716862,4.0,1712.3857649999998,15910.0,15917.0,2026-07-03 17:00:00,1712.39,1718.24,0.342,9.68,MFE,7.0,1.457,-0.998,3.0,DOWN,-0.4010778494178852,-0.4010778494178852,-0.4010778494178852,9.278922150582115,both
L,200.0,2.221654737547095,4.0,1800.45978,16183.0,16185.0,2026-07-14 19:00:00,2026-07-14 21:00:00,1800.46,1859.77,3.294,127.77,TP,2.0,3.692,-0.395,13.1,MILD_UP,0.0,0.0,0.0,127.77,200.0,2.221654737547095,4.0,1800.45978,16183.0,16185.0,2026-07-14 21:00:00,1800.46,1859.77,3.294,127.77,TP,2.0,3.692,-0.395,13.1,MILD_UP,0.0,0.0,0.0,127.77,both
L,200.0,2.1253640174049355,4.0,1882.0305449999998,16195.0,16198.0,2026-07-15 07:00:00,2026-07-15 10:00:00,1882.03,1868.4,-0.724,-32.98,ACX,3.0,0.556,-0.874,1.0,MILD_UP,-0.15407377694818447,-0.15407377694818447,-0.15407377694818447,-33.134073776948185,200.0,2.1253640174049355,4.0,1882.0305449999998,16195.0,16202.0,2026-07-15 14:00:00,1882.03,1880.77,-0.067,-6.68,MH,7.0,0.556,-0.994,1.0,MILD_UP,-0.15407377694818447,-0.15407377694818447,-0.15407377694818447,-6.834073776948184,both
L,200.0,2.088765183511533,4.0,1915.0070249999999,16341.0,16350.0,2026-07-21 09:00:00,2026-07-21 18:00:00,1915.01,1940.13,1.312,48.47,MHx,9.0,2.017,-0.597,12.1,MILD_UP,-0.16661775802251796,-0.16661775802251796,-0.16661775802251796,48.30338224197748,200.0,2.088765183511533,4.0,1915.0070249999999,16341.0,16350.0,2026-07-21 18:00:00,1915.01,1940.13,1.312,48.47,MHx,9.0,2.017,-0.597,12.1,MILD_UP,-0.16661775802251796,-0.16661775802251796,-0.16661775802251796,48.30338224197748,both
L,200.0,2.1097630604222957,4.0,1895.9475,16420.0,16424.0,2026-07-24 16:00:00,2026-07-24 20:00:00,1895.95,1882.09,-0.731,-33.24,ACX,4.0,0.0,-1.093,19.2,MILD_UP,0.0,-0.07100449775112444,0.0,-33.24,200.0,2.1097630604222957,4.0,1895.9475,16420.0,16427.0,2026-07-24 23:00:00,1895.95,1860.99,-1.844,-77.75,MH,7.0,0.0,-2.625,19.2,MILD_UP,0.0,-0.07100449775112444,0.0,-77.75,both
L,200.0,2.0850070401565843,4.0,1918.4587499999998,16567.0,16572.0,2026-07-30 19:00:00,2026-07-31 00:00:00,1918.46,1917.0,-0.076,-7.04,ACX,5.0,0.941,-0.331,8.1,SIDE,-0.07958167074642601,-0.07958167074642601,0.0,-7.119581670746426,200.0,2.0850070401565843,4.0,1918.4587499999998,16567.0,16574.0,2026-07-31 02:00:00,1918.46,1918.93,0.025,-3.02,BE,7.0,0.941,-0.331,8.1,SIDE,-0.07958167074642601,-0.07958167074642601,-0.07958167074642601,-3.099581670746426,both
L,200.0,2.114561273338049,4.0,1891.64535,16874.0,16882.0,2026-08-12 14:00:00,2026-08-12 22:00:00,1891.65,1899.43,0.412,12.46,MFE,8.0,1.762,-0.381,14.1,SIDE,-0.29147122953041904,-0.29147122953041904,-0.29147122953041904,12.168528770469582,200.0,2.114561273338049,4.0,1891.64535,16874.0,16882.0,2026-08-12 22:00:00,1891.65,1899.43,0.412,12.46,MFE,8.0,1.762,-0.381,14.1,SIDE,-0.29147122953041904,-0.29147122953041904,-0.29147122953041904,12.168528770469582,both
L,200.0,2.0902394518221623,4.0,1913.65635,17012.0,17015.0,2026-08-18 08:00:00,2026-08-18 11:00:00,1913.66,1891.18,-1.174,-50.97,ACX,3.0,0.0,-1.329,13.1,SIDE,0.0,-0.18522738630684657,0.0,-50.97,200.0,2.0902394518221623,4.0,1913.65635,17012.0,17018.0,2026-08-18 14:00:00,1913.66,1893.62,-1.047,-45.88,MH,6.0,0.0,-1.539,13.1,SIDE,0.0,-0.18522738630684657,0.0,-45.88,both
L,200.0,1.7486467452348513,4.0,2287.48317,17071.0,17072.0,2026-08-20 19:00:00,2026-08-20 20:00:00,2287.48,2294.45,0.305,8.19,MFE,1.0,1.368,-0.265,2.0,MILD_UP,0.0,0.0,0.0,8.19,200.0,1.7486467452348513,4.0,2287.48317,17071.0,17072.0,2026-08-20 20:00:00,2287.48,2294.45,0.305,8.19,MFE,1.0,1.368,-0.265,2.0,MILD_UP,0.0,0.0,0.0,8.19,both
L,200.0,1.6949947214792196,4.0,2359.889355,17086.0,17092.0,2026-08-21 10:00:00,2026-08-21 16:00:00,2359.89,2370.32,0.442,13.69,MFE,6.0,1.639,-1.006,21.2,MILD_UP,-0.4019189616065708,-0.4019189616065708,0.0,13.288081038393429,200.0,1.6949947214792196,4.0,2359.889355,17086.0,17092.0,2026-08-21 16:00:00,2359.89,2370.32,0.442,13.69,MFE,6.0,1.639,-1.006,21.2,MILD_UP,-0.4019189616065708,-0.4019189616065708,0.0,13.288081038393429,both
L,200.0,1.5946079289646817,4.0,2508.4536,17490.0,17495.0,2026-09-07 06:00:00,2026-09-07 11:00:00,2508.45,2509.55,0.044,-2.24,MFE,5.0,1.098,-0.912,23.2,SIDE,-0.2706710776883779,-0.2706710776883779,-0.2706710776883779,-2.5106710776883783,200.0,1.5946079289646817,4.0,2508.4536,17490.0,17495.0,2026-09-07 11:00:00,2508.45,2509.55,0.044,-2.24,MFE,5.0,1.098,-0.912,23.2,SIDE,-0.2706710776883779,-0.2706710776883779,-0.2706710776883779,-2.5106710776883783,both
S,200.0,1.5233937185720183,4.0,2625.7164850000004,381.0,387.0,2024-09-24 09:00:00,2024-09-24 15:00:00,2625.72,2640.56,-0.565,-26.61,ACX,6.0,0.685,-0.893,33.3,MILD_UP,0.0,0.0,0.0,-26.61,200.0,1.5233937185720183,4.0,2625.7164850000004,381.0,391.0,2024-09-24 19:00:00,2625.72,2647.57,-0.832,-37.3,MH,10.0,0.685,-1.58,33.3,MILD_UP,0.19311894871239305,0.19311894871239305,0.19311894871239305,-37.1068810512876,both
S,200.0,1.5323415108608793,4.0,2610.384155,395.0,398.0,2024-09-24 23:00:00,2024-09-25 02:00:00,2610.38,2648.06,-1.443,-61.74,ACX,3.0,0.206,-1.756,13.1,UP,0.18965337506042285,0.18965337506042285,0.18965337506042285,-61.55034662493958,,,,,,,,,,,,,,,,,,,,,,left_only
S,200.0,1.5295070190291147,4.0,2615.2217350000005,417.0,422.0,2024-09-25 21:00:00,2024-09-26 02:00:00,2615.22,2575.85,1.506,56.22,TP,5.0,2.067,-0.513,14.1,UP,0.1406914214102002,0.1406914214102002,0.1406914214102002,56.3606914214102,200.0,1.5295070190291147,4.0,2615.2217350000005,417.0,422.0,2024-09-26 02:00:00,2615.22,2575.85,1.506,56.22,TP,5.0,2.067,-0.513,14.1,UP,0.1406914214102002,0.1406914214102002,0.1406914214102002,56.3606914214102,both
S,200.0,1.5513315400509553,4.0,2578.43014,562.0,564.0,2024-10-01 22:00:00,2024-10-02 00:00:00,2578.43,2524.8,2.08,79.2,TP,2.0,3.817,-0.474,1.0,MILD_UP,0.32884618302348745,0.0,0.32884618302348745,79.52884618302349,200.0,1.5513315400509553,4.0,2578.43014,562.0,564.0,2024-10-02 00:00:00,2578.43,2524.8,2.08,79.2,TP,2.0,3.817,-0.474,1.0,MILD_UP,0.32884618302348745,0.0,0.32884618302348745,79.52884618302349,both
S,200.0,1.6436672418680178,4.0,2433.5826,748.0,751.0,2024-10-09 16:00:00,2024-10-09 19:00:00,2433.58,2434.87,-0.053,-6.11,ACX,3.0,0.302,-0.233,19.2,DOWN,0.0,0.0,0.1456797779986954,-6.11,200.0,1.6436672418680178,4.0,2433.5826,748.0,759.0,2024-10-10 03:00:00,2433.58,2415.45,0.745,25.81,BE,11.0,1.051,-1.564,19.2,DOWN,0.40439802618575593,0.40439802618575593,0.5500778041844513,26.214398026185755,both
S,200.0,1.54237522661589,4.0,2593.40265,890.0,893.0,2024-10-15 14:00:00,2024-10-15 17:00:00,2593.4,2618.07,-0.951,-42.04,ACX,3.0,0.062,-1.18,6.1,MILD_UP,0.40336196926458756,0.40336196926458756,0.40336196926458756,-41.63663803073541,200.0,1.54237522661589,4.0,2593.40265,890.0,900.0,2024-10-16 00:00:00,2593.4,2573.87,0.753,26.13,TP,10.0,2.189,-3.677,6.1,MILD_UP,0.8001503353133382,0.40336196926458756,0.8001503353133382,26.930150335313336,both
S,200.0,1.5171507750660576,4.0,2636.5210800000004,1053.0,1059.0,2024-10-22 09:00:00,2024-10-22 15:00:00,2636.52,2655.23,-0.709,-32.38,ACX,6.0,0.381,-0.875,34.3,UP,0.0,0.0,0.0,-32.38,200.0,1.5171507750660576,4.0,2636.5210800000004,1053.0,1063.0,2024-10-22 19:00:00,2636.52,2633.78,0.104,0.16,MHx,10.0,0.892,-0.875,34.3,UP,0.40153050335709806,0.40153050335709806,0.40153050335709806,0.5615305033570981,both
S,200.0,1.537988932208697,4.0,2600.79895,1084.0,1087.0,2024-10-23 16:00:00,2024-10-23 19:00:00,2600.8,2582.58,0.7,24.02,ACX,3.0,1.471,-0.371,27.3,MILD_UP,0.0,0.0,0.4002088048751328,24.02,200.0,1.537988932208697,4.0,2600.79895,1084.0,1092.0,2024-10-24 00:00:00,2600.8,2540.8,2.307,88.28,TP,8.0,2.761,-0.371,27.3,MILD_UP,0.3905868046878442,0.0,0.7907956095629769,88.67058680468784,both
S,200.0,1.517507451217665,4.0,2635.90139,1277.0,1283.0,2024-10-31 17:00:00,2024-10-31 23:00:00,2635.9,2557.33,2.981,115.24,TP,6.0,3.605,-0.497,10.1,DOWN,0.0,0.0,0.0,115.24,200.0,1.517507451217665,4.0,2635.90139,1277.0,1283.0,2024-10-31 23:00:00,2635.9,2557.33,2.981,115.24,TP,6.0,3.605,-0.497,10.1,DOWN,0.0,0.0,0.0,115.24,both
S,200.0,1.5997573584024216,4.0,2500.3791850000002,1294.0,1298.0,2024-11-01 10:00:00,2024-11-01 14:00:00,2500.38,2511.8,-0.457,-22.26,ACX,4.0,1.323,-0.784,32.3,DOWN,0.0,0.0,0.0,-22.26,200.0,1.5997573584024216,4.0,2500.3791850000002,1294.0,1304.0,2024-11-01 20:00:00,2500.38,2517.1,-0.669,-30.75,MH,10.0,1.323,-1.035,32.3,DOWN,0.40061565762714507,0.40061565762714507,0.40061565762714507,-30.349384342372854,both
S,200.0,1.24649241125526,4.0,3209.004695,1584.0,1586.0,2024-11-13 12:00:00,2024-11-13 14:00:00,3209.0,3145.43,1.981,75.24,TP,2.0,2.301,-0.76,4.0,UP,0.0,0.0,0.0,75.24,200.0,1.24649241125526,4.0,3209.004695,1584.0,1586.0,2024-11-13 14:00:00,3209.0,3145.43,1.981,75.24,TP,2.0,2.301,-0.76,4.0,UP,0.0,0.0,0.0,75.24,both
S,200.0,1.262990781779185,4.0,3167.085665,1618.0,1620.0,2024-11-14 22:00:00,2024-11-15 00:00:00,3167.09,3080.79,2.725,104.99,TP,2.0,3.472,-0.953,2.0,UP,0.3889064364793556,0.0,0.3889064364793556,105.37890643647935,200.0,1.262990781779185,4.0,3167.085665,1618.0,1620.0,2024-11-15 00:00:00,3167.09,3080.79,2.725,104.99,TP,2.0,3.472,-0.953,2.0,UP,0.3889064364793556,0.0,0.3889064364793556,105.37890643647935,both
S,200.0,1.2825199814448855,4.0,3118.8597900000004,1732.0,1736.0,2024-11-19 16:00:00,2024-11-19 20:00:00,3118.86,3130.14,-0.362,-18.47,ACX,4.0,0.829,-0.435,33.3,MILD_UP,0.0,0.0,0.849784892446223,-18.47,200.0,1.2825199814448855,4.0,3118.8597900000004,1732.0,1742.0,2024-11-20 02:00:00,3118.86,3121.66,-0.09,-7.59,MH,10.0,1.344,-1.08,33.3,MILD_UP,0.6116803847729236,0.6116803847729236,1.4614652772191468,-6.978319615227076,both
S,200.0,1.1781055527263187,4.0,3395.2815100000003,1900.0,1903.0,2024-11-26 16:00:00,2024-11-26 19:00:00,3395.28,3321.76,2.165,82.62,TP,3.0,2.306,-0.134,29.3,MILD_UP,0.0,0.0,0.49104696829689387,82.62,200.0,1.1781055527263187,4.0,3395.2815100000003,1900.0,1903.0,2024-11-26 19:00:00,3395.28,3321.76,2.165,82.62,TP,3.0,2.306,-0.134,29.3,MILD_UP,0.0,0.0,0.49104696829689387,82.62,both
S,200.0,1.1076639700693467,4.0,3611.203495,2070.0,2073.0,2024-12-03 18:00:00,2024-12-03 21:00:00,3611.2,3609.46,0.048,-2.07,ACX,3.0,0.649,-0.283,15.2,UP,0.0,0.0,0.0,-2.07,200.0,1.1076639700693467,4.0,3611.203495,2070.0,2075.0,2024-12-03 23:00:00,3611.2,3583.66,0.763,26.51,TP,5.0,3.024,-0.283,15.2,UP,0.0,0.0,0.0,26.51,both
S,200.0,1.0438350627553508,4.0,3832.0230300000003,2128.0,2131.0,2024-12-06 04:00:00,2024-12-06 07:00:00,3832.02,3807.66,0.636,21.43,TP,3.0,5.663,-0.85,6.1,UP,0.0,0.0,0.0,21.43,200.0,1.0438350627553508,4.0,3832.0230300000003,2128.0,2131.0,2024-12-06 07:00:00,3832.02,3807.66,0.636,21.43,TP,3.0,5.663,-0.85,6.1,UP,0.0,0.0,0.0,21.43,both
S,200.0,1.088390504325617,4.0,3675.151505,2241.0,2244.0,2024-12-10 21:00:00,2024-12-11 00:00:00,3675.15,3569.86,2.865,110.59,TP,3.0,3.284,-1.56,6.1,MILD_UP,0.388194559119271,0.0,0.388194559119271,110.97819455911927,200.0,1.088390504325617,4.0,3675.151505,2241.0,2244.0,2024-12-11 00:00:00,3675.15,3569.86,2.865,110.59,TP,3.0,3.284,-1.56,6.1,MILD_UP,0.388194559119271,0.0,0.388194559119271,110.97819455911927,both
S,200.0,1.189202978801244,4.0,3363.59736,2621.0,2633.0,2024-12-26 17:00:00,2024-12-27 05:00:00,3363.6,3330.46,0.985,35.4,MHx,12.0,1.743,-0.572,32.3,DOWN,0.2506133502088752,0.2506133502088752,0.2506133502088752,35.65061335020887,200.0,1.189202978801244,4.0,3363.59736,2621.0,2633.0,2024-12-27 05:00:00,3363.6,3330.46,0.985,35.4,MHx,12.0,1.743,-0.572,32.3,DOWN,0.2506133502088752,0.2506133502088752,0.2506133502088752,35.65061335020887,both
S,200.0,1.093398084914621,4.0,3658.3199250000002,2910.0,2915.0,2025-01-07 18:00:00,2025-01-07 23:00:00,3658.32,3569.73,2.421,92.86,TP,5.0,4.328,-0.18,6.1,MILD_UP,0.0,0.0,0.0,92.86,200.0,1.093398084914621,4.0,3658.3199250000002,2910.0,2915.0,2025-01-07 23:00:00,3658.32,3569.73,2.421,92.86,TP,5.0,4.328,-0.18,6.1,MILD_UP,0.0,0.0,0.0,92.86,both
S,200.0,1.209941045017611,4.0,3305.9462000000003,2931.0,2939.0,2025-01-08 15:00:00,2025-01-08 23:00:00,3305.95,3370.52,-1.953,-82.14,ACX,8.0,0.0,-2.27,23.2,MILD_UP,0.4057551703763358,0.4057551703763358,0.4057551703763358,-81.73424482962366,200.0,1.209941045017611,4.0,3305.9462000000003,2931.0,2941.0,2025-01-09 01:00:00,3305.95,3314.83,-0.269,-14.74,MH,10.0,0.0,-2.388,23.2,MILD_UP,0.8106002340981834,0.8106002340981834,0.8106002340981834,-13.929399765901817,both
S,200.0,1.2175609238188718,4.0,3285.25655,3268.0,3272.0,2025-01-22 16:00:00,2025-01-22 20:00:00,3285.26,3327.19,-1.276,-55.06,ACX,4.0,0.388,-1.347,18.2,MILD_UP,0.0,0.0,0.40020253517187265,-55.06,200.0,1.2175609238188718,4.0,3285.25655,3268.0,3279.0,2025-01-23 03:00:00,3285.26,3250.54,1.057,38.26,BE,11.0,1.469,-1.414,18.2,MILD_UP,0.3990519400988638,0.3990519400988638,0.7992544752707365,38.65905194009886,both
S,200.0,1.4569154321235758,4.0,2745.52655,3635.0,3636.0,2025-02-06 23:00:00,2025-02-07 00:00:00,2745.53,2705.6,1.454,54.17,TP,1.0,2.375,-0.511,20.2,DOWN,-0.30523590252660276,-0.30523590252660276,0.0,53.8647640974734,200.0,1.4569154321235758,4.0,2745.52655,3635.0,3636.0,2025-02-07 00:00:00,2745.53,2705.6,1.454,54.17,TP,1.0,2.375,-0.511,20.2,DOWN,-0.30523590252660276,-0.30523590252660276,0.0,53.8647640974734,both
S,200.0,1.520049301127028,4.0,2631.493595,3754.0,3763.0,2025-02-11 22:00:00,2025-02-12 07:00:00,2631.49,2586.18,1.722,64.88,TP,9.0,2.987,-1.702,19.2,DOWN,-0.05000225159202792,-0.05000225159202792,-0.05000225159202792,64.82999774840796,200.0,1.520049301127028,4.0,2631.493595,3754.0,3763.0,2025-02-12 07:00:00,2631.49,2586.18,1.722,64.88,TP,9.0,2.987,-1.702,19.2,DOWN,-0.05000225159202792,-0.05000225159202792,-0.05000225159202792,64.82999774840796,both
S,200.0,1.5075153503221645,4.0,2653.37265,3800.0,3810.0,2025-02-13 20:00:00,2025-02-14 06:00:00,2653.37,2666.93,-0.511,-24.44,MH,10.0,1.607,-0.922,0.0,DOWN,0.04098094698224782,0.04098094698224782,0.04098094698224782,-24.399019053017753,200.0,1.5075153503221645,4.0,2653.37265,3800.0,3810.0,2025-02-14 06:00:00,2653.37,2666.93,-0.511,-24.44,MH,10.0,1.607,-0.922,0.0,DOWN,0.04098094698224782,0.04098094698224782,0.04098094698224782,-24.399019053017753,both
S,200.0,1.4760722915630242,4.0,2709.8943750000003,3972.0,3975.0,2025-02-21 00:00:00,2025-02-21 03:00:00,2709.89,2737.84,-1.031,-45.25,ACX,3.0,0.157,-1.48,31.3,MILD_UP,0.0,0.0,0.2562979105043531,-45.25,200.0,1.4760722915630242,4.0,2709.8943750000003,3972.0,3982.0,2025-02-21 10:00:00,2709.89,2741.68,-1.173,-50.92,MH,10.0,0.157,-2.128,31.3,MILD_UP,0.14438309434108476,0.14438309434108476,0.40068100484543784,-50.775616905658914,both
S,200.0,1.6455934540184833,4.0,2430.7340249999997,4113.0,4115.0,2025-02-26 21:00:00,2025-02-26 23:00:00,2430.73,2435.95,-0.214,-12.58,TP,2.0,2.569,-0.34,3.0,DOWN,0.0,0.0,0.0,-12.58,200.0,1.6455934540184833,4.0,2430.7340249999997,4113.0,4115.0,2025-02-26 23:00:00,2430.73,2435.95,-0.214,-12.58,TP,2.0,2.569,-0.34,3.0,DOWN,0.0,0.0,0.0,-12.58,both
S,200.0,1.7343449622969664,4.0,2306.34625,4139.0,4143.0,2025-02-27 23:00:00,2025-02-28 03:00:00,2306.35,2326.97,-0.894,-39.77,ACX,4.0,0.723,-1.327,14.1,DOWN,0.20249575343721837,0.20249575343721837,0.20249575343721837,-39.567504246562784,200.0,1.7343449622969664,4.0,2306.34625,4139.0,4145.0,2025-02-28 05:00:00,2306.35,2256.23,2.173,82.92,TP,6.0,2.913,-1.327,14.1,DOWN,0.20249575343721837,0.20249575343721837,0.20249575343721837,83.12249575343722,both
S,200.0,1.8982393149360612,4.0,2107.215865,4240.0,4244.0,2025-03-04 04:00:00,2025-03-04 08:00:00,2107.22,2149.29,-1.997,-83.87,ACX,4.0,0.574,-3.108,26.3,DOWN,-0.17567316028156418,-0.17567316028156418,0.0,-84.04567316028157,200.0,1.8982393149360612,4.0,2107.215865,4240.0,4246.0,2025-03-04 10:00:00,2107.22,2056.68,2.398,91.93,TP,6.0,3.957,-3.108,26.3,DOWN,-0.17567316028156418,-0.17567316028156418,-0.17567316028156418,91.75432683971844,both
S,200.0,2.10910255152873,4.0,1896.541255,4587.0,4599.0,2025-03-18 15:00:00,2025-03-19 03:00:00,1896.54,1890.4,0.324,8.94,MHx,12.0,1.339,-0.831,24.2,DOWN,0.22270644070171391,0.22270644070171391,0.22270644070171391,9.162706440701713,200.0,2.10910255152873,4.0,1896.541255,4587.0,4599.0,2025-03-19 03:00:00,1896.54,1890.4,0.324,8.94,MHx,12.0,1.339,-0.831,24.2,DOWN,0.22270644070171391,0.22270644070171391,0.22270644070171391,9.162706440701713,both
S,200.0,1.98501123475418,4.0,2015.1019450000001,4634.0,4639.0,2025-03-20 14:00:00,2025-03-20 19:00:00,2015.1,1982.7,1.608,60.32,TP,5.0,2.223,-0.321,26.3,DOWN,0.06185390109382281,0.06185390109382281,0.06185390109382281,60.38185390109382,200.0,1.98501123475418,4.0,2015.1019450000001,4634.0,4639.0,2025-03-20 19:00:00,2015.1,1982.7,1.608,60.32,TP,5.0,2.223,-0.321,26.3,DOWN,0.06185390109382281,0.06185390109382281,0.06185390109382281,60.38185390109382,both
S,200.0,1.974239681369166,4.0,2026.096445,4786.0,4792.0,2025-03-26 22:00:00,2025-03-27 04:00:00,2026.1,1999.9,1.293,47.72,TP,6.0,2.255,-0.532,10.1,MILD_UP,-0.08877281358606501,-0.08877281358606501,-0.08877281358606501,47.63122718641393,200.0,1.974239681369166,4.0,2026.096445,4786.0,4792.0,2025-03-27 04:00:00,2026.1,1999.9,1.293,47.72,TP,6.0,2.255,-0.532,10.1,MILD_UP,-0.08877281358606501,-0.08877281358606501,-0.08877281358606501,47.63122718641393,both
S,200.0,2.001981471170999,4.0,1998.02049,4824.0,4825.0,2025-03-28 12:00:00,2025-03-28 13:00:00,1998.02,1937.28,3.04,117.61,TP,1.0,5.071,-0.293,25.3,MILD_UP,0.0,0.0,0.0,117.61,200.0,2.001981471170999,4.0,1998.02049,4824.0,4825.0,2025-03-28 13:00:00,1998.02,1937.28,3.04,117.61,TP,1.0,5.071,-0.293,25.3,MILD_UP,0.0,0.0,0.0,117.61,both
S,200.0,2.1573199002200716,4.0,1854.15246,4946.0,4949.0,2025-04-02 14:00:00,2025-04-02 17:00:00,1854.15,1867.84,-0.738,-33.54,ACX,3.0,0.187,-1.153,24.2,DOWN,-0.0018098607705657602,-0.0018098607705657602,-0.0018098607705657602,-33.54180986077056,200.0,2.1573199002200716,4.0,1854.15246,4946.0,4956.0,2025-04-03 00:00:00,1854.15,1901.04,-2.529,-105.15,MH,10.0,0.187,-3.443,24.2,DOWN,0.17289478460686994,-0.0018098607705657602,0.17289478460686994,-104.97710521539314,both
S,200.0,2.2327735596049125,4.0,1791.4938050000003,4975.0,4977.0,2025-04-03 19:00:00,2025-04-03 21:00:00,1791.49,1759.45,1.789,67.55,TP,2.0,2.457,-0.576,4.0,DOWN,0.0,0.0,0.0,67.55,200.0,2.2327735596049125,4.0,1791.4938050000003,4975.0,4977.0,2025-04-03 21:00:00,1791.49,1759.45,1.789,67.55,TP,2.0,2.457,-0.576,4.0,DOWN,0.0,0.0,0.0,67.55,both
S,200.0,2.615105793810689,4.0,1529.57483,5099.0,5101.0,2025-04-08 23:00:00,2025-04-09 01:00:00,1529.57,1486.74,2.8,108.01,TP,2.0,3.16,-0.582,26.3,DOWN,-0.05720914772113503,-0.05720914772113503,-0.05720914772113503,107.95279085227887,200.0,2.615105793810689,4.0,1529.57483,5099.0,5101.0,2025-04-09 01:00:00,1529.57,1486.74,2.8,108.01,TP,2.0,3.16,-0.582,26.3,DOWN,-0.05720914772113503,-0.05720914772113503,-0.05720914772113503,107.95279085227887,both
S,200.0,2.5138197239323175,4.0,1591.2040000000002,5141.0,5146.0,2025-04-10 17:00:00,2025-04-10 22:00:00,1591.2,1569.02,1.394,51.76,TP,5.0,2.275,-2.288,17.2,DOWN,0.0,0.0,0.0,51.76,200.0,2.5138197239323175,4.0,1591.2040000000002,5141.0,5146.0,2025-04-10 22:00:00,1591.2,1569.02,1.394,51.76,TP,5.0,2.275,-2.288,17.2,DOWN,0.0,0.0,0.0,51.76,both
S,200.0,2.4710268778134012,4.0,1618.760215,5267.0,5273.0,2025-04-15 23:00:00,2025-04-16 05:00:00,1618.76,1595.19,1.456,54.25,TP,6.0,2.054,-0.754,33.3,DOWN,0.013411173439297803,0.013411173439297803,0.013411173439297803,54.263411173439295,200.0,2.4710268778134012,4.0,1618.760215,5267.0,5273.0,2025-04-16 05:00:00,1618.76,1595.19,1.456,54.25,TP,6.0,2.054,-0.754,33.3,DOWN,0.013411173439297803,0.013411173439297803,0.013411173439297803,54.263411173439295,both
S,200.0,2.250337944500815,4.0,1777.5108000000002,5471.0,5477.0,2025-04-24 11:00:00,2025-04-24 17:00:00,1777.51,1734.67,2.41,92.41,TP,6.0,3.167,-0.728,0.0,MILD_UP,0.28559724509128154,0.28559724509128154,0.28559724509128154,92.69559724509128,200.0,2.250337944500815,4.0,1777.5108000000002,5471.0,5477.0,2025-04-24 17:00:00,1777.51,1734.67,2.41,92.41,TP,6.0,3.167,-0.728,0.0,MILD_UP,0.28559724509128154,0.28559724509128154,0.28559724509128154,92.69559724509128,both
S,200.0,2.2950016920043415,4.0,1742.918105,5495.0,5498.0,2025-04-25 11:00:00,2025-04-25 14:00:00,1742.92,1767.5,-1.411,-60.42,ACX,3.0,0.225,-1.635,32.3,MILD_UP,0.0,0.0,0.0,-60.42,200.0,2.2950016920043415,4.0,1742.918105,5495.0,5505.0,2025-04-25 21:00:00,1742.92,1772.89,-1.719,-72.78,MH,10.0,0.225,-3.39,32.3,MILD_UP,0.3192105842039744,0.3192105842039744,0.3192105842039744,-72.46078941579603,both
S,200.0,2.2555633837388966,4.0,1773.3928600000002,5625.0,5626.0,2025-04-30 21:00:00,2025-04-30 22:00:00,1773.39,1741.01,1.826,69.04,TP,1.0,2.244,-0.1,5.1,UP,0.0,0.0,0.0,69.04,200.0,2.2555633837388966,4.0,1773.3928600000002,5625.0,5626.0,2025-04-30 22:00:00,1773.39,1741.01,1.826,69.04,TP,1.0,2.244,-0.1,5.1,UP,0.0,0.0,0.0,69.04,both
S,200.0,2.185619805194942,4.0,1830.14447,5666.0,5672.0,2025-05-02 14:00:00,2025-05-02 20:00:00,1830.14,1833.31,-0.173,-10.91,ACX,6.0,0.991,-0.352,17.2,MILD_UP,-0.22999170897143634,-0.22999170897143634,-0.22999170897143634,-11.139991708971436,200.0,2.185619805194942,4.0,1830.14447,5666.0,5676.0,2025-05-03 00:00:00,1830.14,1841.13,-0.6,-28.01,MH,10.0,0.991,-1.281,17.2,MILD_UP,-0.2536433164668057,-0.2536433164668057,-0.22999170897143634,-28.26364331646681,both
S,200.0,1.5530834638565707,4.0,2575.521595,5974.0,5980.0,2025-05-15 10:00:00,2025-05-15 16:00:00,2575.52,2530.86,1.734,65.36,TP,6.0,2.396,-0.844,20.2,UP,0.39288507693526054,0.0,0.39288507693526054,65.75288507693526,200.0,1.5530834638565707,4.0,2575.521595,5974.0,5980.0,2025-05-15 16:00:00,2575.52,2530.86,1.734,65.36,TP,6.0,2.396,-0.844,20.2,UP,0.39288507693526054,0.0,0.39288507693526054,65.75288507693526,both
S,200.0,1.6115072543983224,4.0,2482.148305,6105.0,6113.0,2025-05-20 21:00:00,2025-05-21 05:00:00,2482.15,2513.84,-1.277,-55.07,ACX,8.0,1.763,-1.637,24.2,MILD_UP,0.04694584274649133,0.04694584274649133,0.04694584274649133,-55.02305415725351,200.0,1.6115072543983224,4.0,2482.148305,6105.0,6115.0,2025-05-21 07:00:00,2482.15,2516.6,-1.388,-59.52,MH,10.0,1.763,-1.767,24.2,MILD_UP,0.04694584274649133,0.04694584274649133,0.04694584274649133,-59.473054157253515,both
S,200.0,1.5195702527681272,4.0,2632.32318,6286.0,6289.0,2025-05-28 10:00:00,2025-05-28 13:00:00,2632.32,2646.95,-0.556,-26.23,ACX,3.0,0.582,-0.743,29.3,MILD_UP,0.0,0.0,0.0,-26.23,200.0,1.5195702527681272,4.0,2632.32318,6286.0,6296.0,2025-05-28 20:00:00,2632.32,2657.32,-0.95,-41.98,MH,10.0,1.0,-1.011,29.3,MILD_UP,0.4004614661335012,0.4004614661335012,0.4004614661335012,-41.5795385338665,both
S,200.0,1.5144982328967136,4.0,2641.13877,6324.0,6333.0,2025-05-30 00:00:00,2025-05-30 09:00:00,2641.14,2573.53,2.56,98.4,TP,9.0,3.224,-1.201,27.3,MILD_UP,0.29788338792709207,0.29788338792709207,0.6308886309647382,98.69788338792709,200.0,1.5144982328967136,4.0,2641.13877,6324.0,6333.0,2025-05-30 09:00:00,2641.14,2573.53,2.56,98.4,TP,9.0,3.224,-1.201,27.3,MILD_UP,0.29788338792709207,0.29788338792709207,0.6308886309647382,98.69788338792709,both
S,200.0,1.4516466139136954,4.0,2755.4915650000003,6647.0,6651.0,2025-06-12 11:00:00,2025-06-12 15:00:00,2755.49,2768.54,-0.474,-22.95,ACX,4.0,0.38,-0.756,34.3,MILD_UP,0.0,0.0,0.0,-22.95,200.0,1.4516466139136954,4.0,2755.4915650000003,6647.0,6659.0,2025-06-12 23:00:00,2755.49,2764.83,-0.339,-17.56,BE,12.0,1.623,-0.756,34.3,MILD_UP,0.3977497731879284,0.3977497731879284,0.3977497731879284,-17.16225022681207,both
S,200.0,1.4722711305068519,4.0,2716.890875,6660.0,6665.0,2025-06-13 00:00:00,2025-06-13 05:00:00,2716.89,2639.19,2.86,110.4,TP,5.0,3.778,-1.954,8.1,MILD_UP,0.0,0.0,0.21342671335667834,110.4,,,,,,,,,,,,,,,,,,,,,,left_only
S,200.0,1.5585694036390951,4.0,2566.45613,7178.0,7182.0,2025-07-04 14:00:00,2025-07-04 18:00:00,2566.46,2551.87,0.569,18.74,ACX,4.0,1.585,-0.099,4.0,MILD_UP,0.2613952642938806,0.2613952642938806,0.2613952642938806,19.00139526429388,200.0,1.5585694036390951,4.0,2566.45613,7178.0,7187.0,2025-07-04 23:00:00,2566.46,2516.63,1.942,73.66,TP,9.0,2.807,-0.099,4.0,MILD_UP,0.2613952642938806,0.2613952642938806,0.2613952642938806,73.92139526429388,both
S,200.0,1.344925612559441,4.0,2974.142185,7438.0,7442.0,2025-07-15 10:00:00,2025-07-15 14:00:00,2974.14,2974.94,-0.027,-5.07,ACX,4.0,1.451,-0.393,26.3,UP,0.0,0.0,0.0,-5.07,200.0,1.344925612559441,4.0,2974.142185,7438.0,7447.0,2025-07-15 19:00:00,2974.14,2974.59,-0.015,-4.6,BE,9.0,1.451,-0.679,26.3,UP,0.40029693469412925,0.40029693469412925,0.40029693469412925,-4.1997030653058705,both
S,200.0,1.0969074455110266,4.0,3646.61578,7618.0,7621.0,2025-07-22 22:00:00,2025-07-23 01:00:00,3646.62,3719.13,-1.988,-83.54,ACX,3.0,0.565,-2.835,28.3,UP,0.4078068725803627,0.4078068725803627,0.4078068725803627,-83.13219312741964,200.0,1.0969074455110266,4.0,3646.61578,7618.0,7626.0,2025-07-23 06:00:00,3646.62,3706.96,-1.655,-70.19,MH,8.0,0.565,-2.835,28.3,UP,0.4078068725803627,0.4078068725803627,0.4078068725803627,-69.78219312741963,both
S,200.0,1.0941783276465191,4.0,3655.7112300000003,7638.0,7642.0,2025-07-23 18:00:00,2025-07-23 22:00:00,3655.71,3588.44,1.84,69.6,TP,4.0,2.071,-0.665,15.2,UP,0.0,0.0,0.0,69.6,200.0,1.0941783276465191,4.0,3655.7112300000003,7638.0,7642.0,2025-07-23 22:00:00,3655.71,3588.44,1.84,69.6,TP,4.0,2.071,-0.665,15.2,UP,0.0,0.0,0.0,69.6,both
S,200.0,1.107323774667208,4.0,3612.3129400000003,7679.0,7682.0,2025-07-25 11:00:00,2025-07-25 14:00:00,3612.31,3633.97,-0.599,-27.98,ACX,3.0,1.168,-1.043,9.1,UP,0.0,0.0,0.0,-27.98,200.0,1.107323774667208,4.0,3612.3129400000003,7679.0,7687.0,2025-07-25 19:00:00,3612.31,3720.06,-2.983,-123.31,MH,8.0,1.168,-3.712,9.1,UP,0.4021431339533944,0.4021431339533944,0.4021431339533944,-122.90785686604661,both
S,200.0,1.06532245841337,4.0,3754.7316950000004,7808.0,7812.0,2025-07-30 20:00:00,2025-07-31 00:00:00,3754.73,3797.66,-1.143,-49.73,ACX,4.0,0.193,-2.03,30.3,MILD_UP,0.06227310897110587,0.0,0.06227310897110587,-49.66772689102889,200.0,1.06532245841337,4.0,3754.7316950000004,7808.0,7816.0,2025-07-31 04:00:00,3754.73,3760.58,-0.156,-10.23,TP,8.0,2.257,-2.03,30.3,MILD_UP,0.06227310897110587,0.06227310897110587,0.06227310897110587,-10.167726891028895,both
S,200.0,1.062499767827199,4.0,3764.7067050000005,7835.0,7844.0,2025-07-31 23:00:00,2025-08-01 08:00:00,3764.71,3698.43,1.761,66.42,TP,9.0,2.191,-1.389,4.0,MILD_UP,-0.19471510294410568,-0.19471510294410568,-0.04746920023838616,66.2252848970559,,,,,,,,,,,,,,,,,,,,,,left_only
S,200.0,1.1080473233272006,4.0,3609.9541200000003,7948.0,7951.0,2025-08-05 16:00:00,2025-08-05 19:00:00,3609.95,3682.76,-2.017,-84.67,ACX,3.0,0.092,-2.281,30.3,DOWN,0.0,0.0,0.12470200590804184,-84.67,200.0,1.1080473233272006,4.0,3609.9541200000003,7948.0,7959.0,2025-08-06 03:00:00,3609.95,3587.69,0.617,20.67,BE,11.0,1.522,-2.281,30.3,DOWN,0.05418657405159598,0.05418657405159598,0.1788885799596378,20.724186574051597,both
S,200.0,0.8500806111785467,4.0,4705.436105,8167.0,8169.0,2025-08-14 19:00:00,2025-08-14 21:00:00,4705.44,4570.77,2.862,110.47,TP,2.0,4.451,-0.671,19.2,UP,0.0,0.0,0.0,110.47,200.0,0.8500806111785467,4.0,4705.436105,8167.0,8169.0,2025-08-14 21:00:00,4705.44,4570.77,2.862,110.47,TP,2.0,4.451,-0.671,19.2,UP,0.0,0.0,0.0,110.47,both
S,200.0,0.8909669951578449,4.0,4489.504125,8195.0,8196.0,2025-08-15 23:00:00,2025-08-16 00:00:00,4489.5,4430.93,1.305,48.18,TP,1.0,2.16,-0.201,6.1,UP,0.2554598032526033,0.0,0.2554598032526033,48.435459803252606,200.0,0.8909669951578449,4.0,4489.504125,8195.0,8196.0,2025-08-16 00:00:00,4489.5,4430.93,1.305,48.18,TP,1.0,2.16,-0.201,6.1,UP,0.2554598032526033,0.0,0.2554598032526033,48.435459803252606,both
S,,,,,,,2025-09-04 14:00:00,,,,,,,,,,,,,,,,200.0,0.9152012094054508,4.0,4370.623595000001,8666.0,8678.0,2025-09-05 02:00:00,4370.62,4305.17,1.498,55.9,MHx,12.0,1.997,-1.404,26.3,DOWN,-0.1799693234878278,-0.1799693234878278,-0.1799693234878278,55.720030676512174,right_only
S,200.0,0.8950039026141734,4.0,4469.254255,8962.0,8965.0,2025-09-16 22:00:00,2025-09-17 01:00:00,4469.25,4463.35,0.132,1.28,ACX,3.0,1.079,-0.05,29.3,MILD_UP,0.08141574849829168,0.08141574849829168,0.08141574849829168,1.3614157484982916,200.0,0.8950039026141734,4.0,4469.254255,8962.0,8972.0,2025-09-17 08:00:00,4469.25,4501.66,-0.725,-33.0,MH,10.0,1.079,-1.207,29.3,MILD_UP,0.17883139788075314,0.08141574849829168,0.17883139788075314,-32.82116860211924,both
S,200.0,0.8800519411936004,4.0,4545.18627,9024.0,9036.0,2025-09-19 12:00:00,2025-09-20 00:00:00,4545.19,4474.53,1.555,58.18,TP,12.0,2.264,-0.261,16.2,MILD_UP,-0.20627348594891853,-0.20627348594891853,-0.036093702517586104,57.97372651405108,200.0,0.8800519411936004,4.0,4545.18627,9024.0,9036.0,2025-09-20 00:00:00,4545.19,4474.53,1.555,58.18,TP,12.0,2.264,-0.261,16.2,MILD_UP,-0.20627348594891853,-0.20627348594891853,-0.036093702517586104,57.97372651405108,both
S,200.0,0.9659925801795967,4.0,4140.818555000001,9162.0,9168.0,2025-09-25 06:00:00,2025-09-25 12:00:00,4140.82,4061.79,1.909,72.34,TP,6.0,2.918,-0.506,26.3,DOWN,-0.3448855606867229,-0.3448855606867229,-0.3448855606867229,71.99511443931328,200.0,0.9659925801795967,4.0,4140.818555000001,9162.0,9168.0,2025-09-25 12:00:00,4140.82,4061.79,1.909,72.34,TP,6.0,2.918,-0.506,26.3,DOWN,-0.3448855606867229,-0.3448855606867229,-0.3448855606867229,71.99511443931328,both
S,200.0,0.8574222065226311,4.0,4665.1462599999995,9459.0,9463.0,2025-10-07 15:00:00,2025-10-07 19:00:00,4665.15,4692.43,-0.585,-27.39,ACX,4.0,0.625,-0.657,20.2,UP,0.40100178981312373,0.40100178981312373,0.40100178981312373,-26.988998210186878,200.0,0.8574222065226311,4.0,4665.1462599999995,9459.0,9468.0,2025-10-08 00:00:00,4665.15,4512.56,3.271,126.84,TP,9.0,4.12,-1.905,20.2,UP,0.7877346503901468,0.40100178981312373,0.7877346503901468,127.62773465039015,both
S,200.0,0.9009802267309307,4.0,4439.609085,9480.0,9484.0,2025-10-08 12:00:00,2025-10-08 16:00:00,4439.61,4463.31,-0.534,-25.35,ACX,4.0,0.696,-0.553,27.3,UP,0.24268804324243787,0.0,0.24268804324243787,-25.107311956757563,200.0,0.9009802267309307,4.0,4439.609085,9480.0,9488.0,2025-10-08 20:00:00,4439.61,4487.45,-1.078,-47.11,MH,8.0,0.696,-1.473,27.3,UP,0.24268804324243787,0.24268804324243787,0.24268804324243787,-46.86731195675756,both
S,200.0,0.9073268553492481,4.0,4408.554620000001,9503.0,9506.0,2025-10-09 11:00:00,2025-10-09 14:00:00,4408.55,4454.76,-1.048,-45.92,ACX,3.0,0.0,-1.14,25.3,UP,0.0,0.0,0.0,-45.92,200.0,0.9073268553492481,4.0,4408.554620000001,9503.0,9509.0,2025-10-09 17:00:00,4408.55,4328.42,1.818,68.71,TP,6.0,2.086,-1.14,25.3,UP,-0.009072553398465095,-0.009072553398465095,-0.009072553398465095,68.70092744660153,both
S,200.0,0.9355475243764187,4.0,4275.571145,9539.0,9540.0,2025-10-10 23:00:00,2025-10-11 00:00:00,4275.57,4102.53,4.047,157.89,TP,1.0,4.868,-0.136,15.2,MILD_UP,-0.19744890068950074,-0.19744890068950074,0.0,157.6925510993105,200.0,0.9355475243764187,4.0,4275.571145,9539.0,9540.0,2025-10-11 00:00:00,4275.57,4102.53,4.047,157.89,TP,1.0,4.868,-0.136,15.2,MILD_UP,-0.19744890068950074,-0.19744890068950074,0.0,157.6925510993105,both
S,200.0,0.9836454847439745,4.0,4066.5057300000003,9626.0,9627.0,2025-10-14 14:00:00,2025-10-14 15:00:00,4066.51,4003.62,1.546,57.86,TP,1.0,2.511,-0.585,29.3,DOWN,0.0,0.0,0.0,57.86,200.0,0.9836454847439745,4.0,4066.5057300000003,9626.0,9627.0,2025-10-14 15:00:00,4066.51,4003.62,1.546,57.86,TP,1.0,2.511,-0.585,29.3,DOWN,0.0,0.0,0.0,57.86,both
S,200.0,1.0479871687071032,4.0,3816.8406250000003,9699.0,9701.0,2025-10-17 15:00:00,2025-10-17 17:00:00,3816.84,3709.22,2.82,108.78,TP,2.0,2.988,-0.166,5.1,DOWN,0.22155535540381333,0.22155535540381333,0.22155535540381333,109.00155535540381,200.0,1.0479871687071032,4.0,3816.8406250000003,9699.0,9701.0,2025-10-17 17:00:00,3816.84,3709.22,2.82,108.78,TP,2.0,2.988,-0.166,5.1,DOWN,0.22155535540381333,0.22155535540381333,0.22155535540381333,109.00155535540381,both
S,200.0,1.0205515364372126,4.0,3919.449295,9792.0,9794.0,2025-10-21 12:00:00,2025-10-21 14:00:00,3919.45,3863.97,1.415,52.62,TP,2.0,2.073,-0.05,33.3,DOWN,0.0,0.0,0.0,52.62,200.0,1.0205515364372126,4.0,3919.449295,9792.0,9794.0,2025-10-21 14:00:00,3919.45,3863.97,1.415,52.62,TP,2.0,2.073,-0.05,33.3,DOWN,0.0,0.0,0.0,52.62,both
S,200.0,1.0433751431968803,4.0,3833.7121850000003,9822.0,9825.0,2025-10-22 18:00:00,2025-10-22 21:00:00,3833.71,3846.71,-0.339,-17.56,ACX,3.0,1.792,-0.564,21.2,DOWN,0.0,0.0,0.0,-17.56,200.0,1.0433751431968803,4.0,3833.7121850000003,9822.0,9834.0,2025-10-23 06:00:00,3833.71,3744.41,2.329,89.17,TP,12.0,3.323,-1.092,21.2,DOWN,0.09582994024367533,0.09582994024367533,0.09582994024367533,89.26582994024368,both
S,200.0,0.9775235588737353,4.0,4091.97299,9959.0,9964.0,2025-10-28 11:00:00,2025-10-28 16:00:00,4091.97,4117.42,-0.622,-28.87,ACX,5.0,0.677,-0.83,23.2,MILD_UP,0.18567047860097285,0.0,0.18567047860097285,-28.68432952139903,200.0,0.9775235588737353,4.0,4091.97299,9959.0,9969.0,2025-10-28 21:00:00,4091.97,4122.06,-0.735,-33.41,MH,10.0,0.677,-1.038,23.2,MILD_UP,0.18567047860097285,0.18567047860097285,0.18567047860097285,-33.22432952139902,both
S,200.0,1.0131058192814721,4.0,3948.2548850000003,9996.0,9999.0,2025-10-30 00:00:00,2025-10-30 03:00:00,3948.25,3917.25,0.785,27.41,TP,3.0,2.843,-1.744,14.1,MILD_UP,0.0,0.0,0.1566783391695848,27.41,200.0,1.0131058192814721,4.0,3948.2548850000003,9996.0,9999.0,2025-10-30 03:00:00,3948.25,3917.25,0.785,27.41,TP,3.0,2.843,-1.744,14.1,MILD_UP,0.0,0.0,0.1566783391695848,27.41,both
S,200.0,1.0488358502854682,4.0,3813.75217,10017.0,10022.0,2025-10-30 21:00:00,2025-10-31 02:00:00,3813.75,3771.54,1.107,40.27,TP,5.0,2.301,-0.557,12.1,MILD_UP,-0.2529478218603357,-0.2529478218603357,-0.2529478218603357,40.017052178139664,200.0,1.0488358502854682,4.0,3813.75217,10017.0,10022.0,2025-10-31 02:00:00,3813.75,3771.54,1.107,40.27,TP,5.0,2.301,-0.557,12.1,MILD_UP,-0.2529478218603357,-0.2529478218603357,-0.2529478218603357,40.017052178139664,both
S,200.0,1.182785189623959,4.0,3381.84823,10179.0,10182.0,2025-11-06 15:00:00,2025-11-06 18:00:00,3381.85,3383.19,-0.04,-5.59,ACX,3.0,0.707,-0.355,21.2,DOWN,0.19927202942516437,0.19927202942516437,0.19927202942516437,-5.390727970574836,200.0,1.182785189623959,4.0,3381.84823,10179.0,10188.0,2025-11-07 00:00:00,3381.85,3301.66,2.371,90.85,TP,9.0,3.154,-0.96,21.2,DOWN,0.2020432951244533,0.19927202942516437,0.2020432951244533,91.05204329512445,both
S,200.0,1.2127863776729326,4.0,3298.1900800000003,10206.0,10208.0,2025-11-07 18:00:00,2025-11-07 20:00:00,3298.19,3260.25,1.15,42.01,TP,2.0,2.248,-0.328,23.2,DOWN,0.0,0.0,0.0,42.01,200.0,1.2127863776729326,4.0,3298.1900800000003,10206.0,10208.0,2025-11-07 20:00:00,3298.19,3260.25,1.15,42.01,TP,2.0,2.248,-0.328,23.2,DOWN,0.0,0.0,0.0,42.01,both
S,200.0,1.1333934676960993,4.0,3529.224505,10306.0,10310.0,2025-11-11 22:00:00,2025-11-12 02:00:00,3529.22,3473.24,1.586,59.46,TP,4.0,2.442,-0.483,29.3,DOWN,0.11149029999155578,0.11149029999155578,0.11149029999155578,59.57149029999156,200.0,1.1333934676960993,4.0,3529.224505,10306.0,10310.0,2025-11-12 02:00:00,3529.22,3473.24,1.586,59.46,TP,4.0,2.442,-0.483,29.3,DOWN,0.11149029999155578,0.11149029999155578,0.11149029999155578,59.57149029999156,both
S,200.0,1.182093445172455,4.0,3383.82724,10356.0,10358.0,2025-11-14 00:00:00,2025-11-14 02:00:00,3383.83,3256.03,3.777,147.07,TP,2.0,3.896,-0.418,33.3,DOWN,0.0,0.0,0.09290184481930454,147.07,200.0,1.182093445172455,4.0,3383.82724,10356.0,10358.0,2025-11-14 02:00:00,3383.83,3256.03,3.777,147.07,TP,2.0,3.896,-0.418,33.3,DOWN,0.0,0.0,0.09290184481930454,147.07,both
S,200.0,1.3267826359604584,4.0,3014.8118400000003,10490.0,10493.0,2025-11-19 14:00:00,2025-11-19 17:00:00,3014.81,3080.67,-2.184,-91.38,ACX,3.0,0.184,-2.793,19.2,DOWN,0.275248842497059,0.275248842497059,0.275248842497059,-91.10475115750293,200.0,1.3267826359604584,4.0,3014.8118400000003,10490.0,10501.0,2025-11-20 01:00:00,3014.81,2950.34,2.138,81.53,TP,11.0,2.646,-3.256,19.2,DOWN,0.4016009079202639,0.4016009079202639,0.4016009079202639,81.93160090792027,both
S,200.0,1.3545305007903965,4.0,2953.052735,10524.0,10525.0,2025-11-21 00:00:00,2025-11-21 01:00:00,2953.05,2862.64,3.062,118.47,TP,1.0,3.625,-0.239,22.2,DOWN,0.0,0.0,0.27165490845865303,118.47,200.0,1.3545305007903965,4.0,2953.052735,10524.0,10525.0,2025-11-21 01:00:00,2953.05,2862.64,3.062,118.47,TP,1.0,3.625,-0.239,22.2,DOWN,0.0,0.0,0.27165490845865303,118.47,both
S,200.0,1.3943331279463205,4.0,2868.7549050000002,10637.0,10642.0,2025-11-25 17:00:00,2025-11-25 22:00:00,2868.75,2907.52,-1.351,-58.06,ACX,5.0,0.187,-2.257,18.2,DOWN,0.0,0.0,0.0,-58.06,200.0,1.3943331279463205,4.0,2868.7549050000002,10637.0,10647.0,2025-11-26 03:00:00,2868.75,2924.35,-1.938,-81.52,MH,10.0,0.479,-3.076,18.2,DOWN,0.02243710785045263,0.02243710785045263,0.02243710785045263,-81.49756289214955,both
S,200.0,1.3772268949770976,4.0,2904.3870800000004,10662.0,10669.0,2025-11-26 18:00:00,2025-11-27 01:00:00,2904.39,2946.62,-1.454,-62.17,ACX,7.0,0.596,-1.875,28.3,DOWN,0.07601776320602609,0.07601776320602609,0.07601776320602609,-62.09398223679398,200.0,1.3772268949770976,4.0,2904.3870800000004,10662.0,10670.0,2025-11-27 02:00:00,2904.39,3025.26,-4.162,-170.47,SN,8.0,0.596,-4.439,28.3,DOWN,0.07601776320602609,0.07601776320602609,0.07601776320602609,-170.39398223679396,both
S,200.0,1.3383544466331299,4.0,2988.7448799999997,10689.0,10692.0,2025-11-27 21:00:00,2025-11-28 00:00:00,2988.74,3011.18,-0.751,-34.03,ACX,3.0,0.165,-0.822,15.2,DOWN,0.039797867155919445,0.0,0.039797867155919445,-33.99020213284408,200.0,1.3383544466331299,4.0,2988.7448799999997,10689.0,10699.0,2025-11-28 07:00:00,2988.74,3010.91,-0.742,-33.67,MH,10.0,0.165,-1.832,15.2,DOWN,0.039797867155919445,0.039797867155919445,0.039797867155919445,-33.63020213284408,both
S,,,,,,,2025-12-04 22:00:00,,,,,,,,,,,,,,,,200.0,1.2627038643083528,4.0,3167.805305,10858.0,10864.0,2025-12-05 04:00:00,3167.81,3119.22,1.534,57.35,TP,6.0,3.251,-1.889,0.0,MILD_UP,0.3898485497359188,0.3898485497359188,0.3898485497359188,57.73984854973592,right_only
S,200.0,1.273302025924273,4.0,3141.4384950000003,10859.0,10864.0,2025-12-04 23:00:00,2025-12-05 04:00:00,3141.44,3119.22,0.707,24.29,TP,5.0,2.439,-2.745,4.0,MILD_UP,0.39312063755683996,0.39312063755683996,0.39312063755683996,24.68312063755684,,,,,,,,,,,,,,,,,,,,,,left_only
S,200.0,1.291826504225469,4.0,3096.3910300000002,10882.0,10885.0,2025-12-05 22:00:00,2025-12-06 01:00:00,3096.39,3033.21,2.041,77.62,TP,3.0,3.212,-1.957,34.3,MILD_UP,0.19592657419956108,0.19592657419956108,0.19592657419956108,77.81592657419957,200.0,1.291826504225469,4.0,3096.3910300000002,10882.0,10885.0,2025-12-06 01:00:00,3096.39,3033.21,2.041,77.62,TP,3.0,3.212,-1.957,34.3,MILD_UP,0.19592657419956108,0.19592657419956108,0.19592657419956108,77.81592657419957,both
S,200.0,1.267193872539786,4.0,3156.58092,11027.0,11031.0,2025-12-11 23:00:00,2025-12-12 03:00:00,3156.58,3203.71,-1.493,-63.72,ACX,4.0,0.105,-2.417,0.0,MILD_UP,0.10535681832919501,0.10535681832919501,0.10535681832919501,-63.61464318167081,200.0,1.267193872539786,4.0,3156.58092,11027.0,11037.0,2025-12-12 09:00:00,3156.58,3189.2,-1.033,-45.34,MH,10.0,0.105,-3.67,0.0,MILD_UP,0.09518792406875577,0.09518792406875577,0.09518792406875577,-45.24481207593125,both
S,200.0,1.3035833877850977,4.0,3068.465,11052.0,11056.0,2025-12-13 00:00:00,2025-12-13 04:00:00,3068.46,3073.48,-0.163,-10.53,ACX,4.0,0.892,-0.972,11.1,MILD_UP,0.0,-0.00945119540514283,0.0,-10.53,200.0,1.3035833877850977,4.0,3068.465,11052.0,11062.0,2025-12-13 10:00:00,3068.46,3084.73,-0.53,-25.2,MH,10.0,0.892,-0.972,11.1,MILD_UP,0.004300748159095834,-0.005150447246046996,0.004300748159095834,-25.195699251840903,both
S,200.0,1.352722006064009,4.0,2957.0007600000004,11307.0,11312.0,2025-12-23 15:00:00,2025-12-23 20:00:00,2957.0,2973.55,-0.56,-26.38,ACX,5.0,0.197,-0.59,28.3,DOWN,0.27220338353920476,0.27220338353920476,0.27220338353920476,-26.107796616460796,200.0,1.352722006064009,4.0,2957.0007600000004,11307.0,11318.0,2025-12-24 02:00:00,2957.0,2910.85,1.561,58.42,BE,11.0,1.951,-0.59,28.3,DOWN,0.3767586380186226,0.3767586380186226,0.3767586380186226,58.79675863801862,both
S,200.0,1.3714829628754697,4.0,2916.5509950000005,11334.0,11338.0,2025-12-24 18:00:00,2025-12-24 22:00:00,2916.55,2931.2,-0.502,-24.1,ACX,4.0,0.0,-0.713,29.3,DOWN,0.0,0.0,0.0,-24.1,200.0,1.3714829628754697,4.0,2916.5509950000005,11334.0,11344.0,2025-12-25 04:00:00,2916.55,2946.25,-1.018,-44.73,MH,10.0,1.022,-1.311,29.3,DOWN,0.22576894634280975,0.22576894634280975,0.22576894634280975,-44.504231053657186,both
S,200.0,1.3661737247171728,4.0,2927.885325,11357.0,11361.0,2025-12-25 17:00:00,2025-12-25 21:00:00,2927.89,2928.06,-0.006,-4.24,ACX,4.0,0.606,-0.088,0.0,DOWN,0.0,0.0,0.0,-4.24,200.0,1.3661737247171728,4.0,2927.885325,11357.0,11367.0,2025-12-26 03:00:00,2927.89,2959.37,-1.075,-47.01,MH,10.0,0.606,-1.438,0.0,DOWN,0.20094524159685115,0.20094524159685115,0.20094524159685115,-46.80905475840315,both
S,200.0,1.2893085997378375,4.0,3102.438005,11691.0,11701.0,2026-01-08 15:00:00,2026-01-09 01:00:00,3102.44,3122.38,-0.643,-29.71,MH,10.0,1.612,-1.072,28.3,MILD_UP,0.31065039971550784,0.31065039971550784,0.31065039971550784,-29.39934960028449,200.0,1.2893085997378375,4.0,3102.438005,11691.0,11701.0,2026-01-09 01:00:00,3102.44,3122.38,-0.643,-29.71,MH,10.0,1.612,-1.072,28.3,MILD_UP,0.31065039971550784,0.31065039971550784,0.31065039971550784,-29.39934960028449,both
S,200.0,1.2264639724000472,4.0,3261.40848,11892.0,11898.0,2026-01-17 00:00:00,2026-01-17 06:00:00,3261.41,3294.52,-1.015,-44.61,ACX,6.0,0.105,-1.132,4.0,MILD_UP,0.0,0.0,0.1107357070464231,-44.61,200.0,1.2264639724000472,4.0,3261.40848,11892.0,11902.0,2026-01-17 10:00:00,3261.41,3290.9,-0.904,-40.18,MH,10.0,0.105,-1.148,4.0,MILD_UP,0.33825692376932803,0.33825692376932803,0.44899263081575114,-39.84174307623067,both
S,200.0,1.25560456952736,4.0,3185.7163450000003,11971.0,11975.0,2026-01-20 07:00:00,2026-01-20 11:00:00,3185.72,3192.82,-0.223,-12.91,ACX,4.0,0.65,-0.44,11.1,MILD_UP,0.3447057229018312,0.3447057229018312,0.3447057229018312,-12.565294277098168,200.0,1.25560456952736,4.0,3185.7163450000003,11971.0,11979.0,2026-01-20 15:00:00,3185.72,3116.76,2.165,82.58,TP,8.0,2.482,-0.44,11.1,MILD_UP,0.3447057229018312,0.3447057229018312,0.3447057229018312,82.92470572290183,both
S,200.0,1.3659079430497247,4.0,2928.4550400000003,12009.0,12012.0,2026-01-21 21:00:00,2026-01-22 00:00:00,2928.46,3002.72,-2.536,-105.44,ACX,3.0,0.317,-3.333,22.2,MILD_UP,0.0456262133360258,0.0,0.0456262133360258,-105.39437378666398,200.0,1.3659079430497247,4.0,2928.4550400000003,12009.0,12014.0,2026-01-22 02:00:00,2928.46,2903.46,0.853,30.14,TP,5.0,2.191,-3.333,22.2,MILD_UP,0.0456262133360258,0.0456262133360258,0.0456262133360258,30.185626213336025,both
S,,,,,,,2026-01-23 17:00:00,,,,,,,,,,,,,,,,200.0,1.367602322565518,4.0,2924.8268550000003,12053.0,12063.0,2026-01-24 03:00:00,2924.83,2988.67,-2.183,-91.32,MH,10.0,1.184,-3.269,16.2,DOWN,0.2036223891277147,0.2036223891277147,0.2036223891277147,-91.11637761087228,right_only
S,,,,,,,2026-01-29 23:00:00,,,,,,,,,,,,,,,,200.0,1.3921020319745965,4.0,2873.352605,12203.0,12204.0,2026-01-30 00:00:00,2873.35,2824.06,1.715,64.62,TP,1.0,2.726,-0.092,11.1,DOWN,-0.04586166130964355,-0.04586166130964355,0.0,64.57413833869036,right_only
S,200.0,1.7469273818359101,4.0,2289.7345600000003,12318.0,12322.0,2026-02-03 18:00:00,2026-02-03 22:00:00,2289.73,2312.22,-0.982,-43.27,ACX,4.0,0.893,-1.163,21.2,DOWN,0.0,0.0,0.0,-43.27,200.0,1.7469273818359101,4.0,2289.7345600000003,12318.0,12325.0,2026-02-04 01:00:00,2289.73,2241.0,2.128,81.14,TP,7.0,2.427,-1.163,21.2,DOWN,-0.15698121398701198,-0.15698121398701198,-0.15698121398701198,80.98301878601299,both
S,200.0,1.8213100506527267,4.0,2196.2213400000005,12346.0,12348.0,2026-02-04 22:00:00,2026-02-05 00:00:00,2196.22,2151.52,2.036,77.42,TP,2.0,2.788,-1.339,16.2,DOWN,-0.239563743909413,-0.239563743909413,0.0,77.18043625609059,200.0,1.8213100506527267,4.0,2196.2213400000005,12346.0,12348.0,2026-02-05 00:00:00,2196.22,2151.52,2.036,77.42,TP,2.0,2.788,-1.339,16.2,DOWN,-0.239563743909413,-0.239563743909413,0.0,77.18043625609059,both
S,200.0,2.0546473423591216,4.0,1946.80611,12507.0,12513.0,2026-02-11 15:00:00,2026-02-11 21:00:00,1946.81,1952.19,-0.276,-15.05,ACX,6.0,0.843,-1.023,21.2,DOWN,-0.5194874052525771,-0.5194874052525771,-0.5194874052525771,-15.569487405252577,200.0,2.0546473423591216,4.0,1946.80611,12507.0,12516.0,2026-02-12 00:00:00,1946.81,1929.01,0.914,32.56,TP,9.0,2.342,-3.525,21.2,DOWN,-1.007898651974908,-1.007898651974908,-0.5194874052525771,31.552101348025094,both
S,200.0,2.0549744029434343,4.0,1946.4962650000002,12540.0,12541.0,2026-02-13 00:00:00,2026-02-13 01:00:00,1946.5,1908.77,1.938,73.52,TP,1.0,2.709,-0.129,7.1,DOWN,0.0,-0.1642143405382259,0.0,73.52,200.0,2.0549744029434343,4.0,1946.4962650000002,12540.0,12541.0,2026-02-13 01:00:00,1946.5,1908.77,1.938,73.52,TP,1.0,2.709,-0.129,7.1,DOWN,0.0,-0.1642143405382259,0.0,73.52,both
S,200.0,2.032008956932921,4.0,1968.4952600000001,12682.0,12688.0,2026-02-18 22:00:00,2026-02-19 04:00:00,1968.5,1940.79,1.407,52.3,TP,6.0,2.38,-2.098,19.2,DOWN,-0.03492538404660136,-0.03492538404660136,-0.03492538404660136,52.265074615953395,200.0,2.032008956932921,4.0,1968.4952600000001,12682.0,12688.0,2026-02-19 04:00:00,1968.5,1940.79,1.407,52.3,TP,6.0,2.38,-2.098,19.2,DOWN,-0.03492538404660136,-0.03492538404660136,-0.03492538404660136,52.265074615953395,both
S,200.0,2.08414756745369,4.0,1919.2498950000002,12706.0,12712.0,2026-02-19 22:00:00,2026-02-20 04:00:00,1919.25,1941.11,-1.139,-49.56,ACX,6.0,0.716,-1.495,12.1,DOWN,-0.31558862824365974,-0.31558862824365974,-0.31558862824365974,-49.87558862824366,200.0,2.08414756745369,4.0,1919.2498950000002,12706.0,12716.0,2026-02-20 08:00:00,1919.25,1949.12,-1.557,-66.26,MH,10.0,0.716,-1.759,12.1,DOWN,-0.5038615899571733,-0.5038615899571733,-0.31558862824365974,-66.76386158995717,both
S,200.0,2.205445277471757,4.0,1813.6927,12826.0,12829.0,2026-02-24 22:00:00,2026-02-25 01:00:00,1813.69,1858.36,-2.463,-102.51,ACX,3.0,0.642,-2.698,28.3,DOWN,-0.12113236772607001,-0.12113236772607001,-0.12113236772607001,-102.63113236772608,200.0,2.205445277471757,4.0,1813.6927,12826.0,12836.0,2026-02-25 08:00:00,1813.69,1852.02,-2.113,-88.52,MH,10.0,0.642,-2.806,28.3,DOWN,-0.22135773666536165,-0.22135773666536165,-0.12113236772607001,-88.74135773666536,both
S,200.0,1.951986128561935,4.0,2049.1948899999998,12875.0,12877.0,2026-02-26 23:00:00,2026-02-27 01:00:00,2049.19,1983.88,3.187,123.49,TP,2.0,3.582,-0.159,0.0,DOWN,0.15574755956960248,0.15574755956960248,0.15574755956960248,123.6457475595696,200.0,1.951986128561935,4.0,2049.1948899999998,12875.0,12877.0,2026-02-27 01:00:00,2049.19,1983.88,3.187,123.49,TP,2.0,3.582,-0.159,0.0,DOWN,0.15574755956960248,0.15574755956960248,0.15574755956960248,123.6457475595696,both
S,200.0,2.0216210348051376,4.0,1978.6102,12895.0,12898.0,2026-02-27 19:00:00,2026-02-27 22:00:00,1978.61,1963.02,0.788,27.52,TP,3.0,2.154,-0.224,27.3,DOWN,0.0,0.0,0.0,27.52,200.0,2.0216210348051376,4.0,1978.6102,12895.0,12898.0,2026-02-27 22:00:00,1978.61,1963.02,0.788,27.52,TP,3.0,2.154,-0.224,27.3,DOWN,0.0,0.0,0.0,27.52,both
S,200.0,1.901820558142969,4.0,2103.24785,13036.0,13039.0,2026-03-05 16:00:00,2026-03-05 19:00:00,2103.25,2156.16,-2.516,-104.62,ACX,3.0,0.514,-2.841,7.1,MILD_UP,0.0,-0.03349896964715176,0.0,-104.62,200.0,1.901820558142969,4.0,2103.24785,13036.0,13045.0,2026-03-06 01:00:00,2103.25,2080.21,1.095,39.81,TP,9.0,2.268,-2.841,7.1,MILD_UP,-0.05804557625959242,-0.09154454590674418,-0.05804557625959242,39.75195442374041,both
S,200.0,1.9439362515848513,4.0,2057.6806450000004,13062.0,13067.0,2026-03-06 18:00:00,2026-03-06 23:00:00,2057.68,1981.26,3.714,144.56,TP,5.0,4.251,-0.517,4.0,MILD_UP,0.0,0.0,0.0,144.56,200.0,1.9439362515848513,4.0,2057.6806450000004,13062.0,13067.0,2026-03-06 23:00:00,2057.68,1981.26,3.714,144.56,TP,5.0,4.251,-0.517,4.0,MILD_UP,0.0,0.0,0.0,144.56,both
S,200.0,1.7312089045630235,4.0,2310.52416,13351.0,13352.0,2026-03-18 19:00:00,2026-03-18 20:00:00,2310.52,2269.23,1.787,67.48,TP,1.0,2.1,-0.342,19.2,UP,0.0,0.0,0.0,67.48,200.0,1.7312089045630235,4.0,2310.52416,13351.0,13352.0,2026-03-18 20:00:00,2310.52,2269.23,1.787,67.48,TP,1.0,2.1,-0.342,19.2,UP,0.0,0.0,0.0,67.48,both
S,200.0,1.8482688073543945,4.0,2164.187365,13372.0,13378.0,2026-03-19 16:00:00,2026-03-19 22:00:00,2164.19,2137.74,1.222,44.88,TP,6.0,2.647,-1.285,11.1,UP,0.0,-0.03485696529200058,0.0,44.88,200.0,1.8482688073543945,4.0,2164.187365,13372.0,13378.0,2026-03-19 22:00:00,2164.19,2137.74,1.222,44.88,TP,6.0,2.647,-1.285,11.1,UP,0.0,-0.03485696529200058,0.0,44.88,both
S,200.0,1.888957014910697,4.0,2117.570685,13538.0,13542.0,2026-03-26 14:00:00,2026-03-26 18:00:00,2117.57,2082.33,1.664,62.57,TP,4.0,2.105,-0.409,20.2,DOWN,0.02866570476532546,0.02866570476532546,0.02866570476532546,62.598665704765324,200.0,1.888957014910697,4.0,2117.570685,13538.0,13542.0,2026-03-26 18:00:00,2117.57,2082.33,1.664,62.57,TP,4.0,2.105,-0.409,20.2,DOWN,0.02866570476532546,0.02866570476532546,0.02866570476532546,62.598665704765324,both
S,200.0,1.9618709834845258,4.0,2038.8700550000003,13566.0,13567.0,2026-03-27 18:00:00,2026-03-27 19:00:00,2038.87,1990.69,2.363,90.51,TP,1.0,2.821,-0.238,26.3,DOWN,0.0,0.0,0.0,90.51,200.0,1.9618709834845258,4.0,2038.8700550000003,13566.0,13567.0,2026-03-27 19:00:00,2038.87,1990.69,2.363,90.51,TP,1.0,2.821,-0.238,26.3,DOWN,0.0,0.0,0.0,90.51,both
S,200.0,1.9754285773167595,4.0,2024.8770550000002,13713.0,13716.0,2026-04-02 21:00:00,2026-04-03 00:00:00,2024.88,2059.49,-1.709,-72.37,ACX,3.0,0.461,-2.327,23.2,DOWN,-0.29620680442505226,-0.29620680442505226,0.0,-72.66620680442506,200.0,1.9754285773167595,4.0,2024.8770550000002,13713.0,13723.0,2026-04-03 07:00:00,2024.88,2060.11,-1.74,-73.6,MH,10.0,0.461,-2.525,23.2,DOWN,-0.29620680442505226,-0.29620680442505226,-0.29620680442505226,-73.89620680442505,both
S,200.0,1.9531007054489882,4.0,2048.0254750000004,13737.0,13740.0,2026-04-03 21:00:00,2026-04-04 00:00:00,2048.03,2051.34,-0.162,-10.46,ACX,3.0,0.379,-0.431,14.1,DOWN,-0.03836275072959509,-0.03836275072959509,0.0,-10.498362750729596,200.0,1.9531007054489882,4.0,2048.0254750000004,13737.0,13747.0,2026-04-04 07:00:00,2048.03,2052.12,-0.2,-11.99,MH,10.0,0.379,-0.633,14.1,DOWN,-0.03836275072959509,-0.03836275072959509,-0.03836275072959509,-12.028362750729595,both
S,200.0,1.9164009790308099,4.0,2087.245855,13831.0,13837.0,2026-04-07 19:00:00,2026-04-08 01:00:00,2087.25,2083.65,0.172,2.89,ACX,6.0,1.401,-0.287,28.3,MILD_UP,0.041084419361290814,0.041084419361290814,0.041084419361290814,2.931084419361291,200.0,1.9164009790308099,4.0,2087.245855,13831.0,13841.0,2026-04-08 05:00:00,2087.25,2115.63,-1.36,-58.39,MH,10.0,1.401,-1.799,28.3,MILD_UP,0.041084419361290814,0.041084419361290814,0.041084419361290814,-58.34891558063871,both
S,200.0,1.823459377919038,4.0,2193.632635,13859.0,13862.0,2026-04-08 23:00:00,2026-04-09 02:00:00,2193.63,2231.82,-1.741,-73.62,ACX,3.0,0.035,-2.053,13.1,MILD_UP,0.2710021547431984,0.2710021547431984,0.2710021547431984,-73.3489978452568,,,,,,,,,,,,,,,,,,,,,,left_only
S,,,,,,,2026-04-09 22:00:00,,,,,,,,,,,,,,,,200.0,1.84917406374624,4.0,2163.127895,13882.0,13892.0,2026-04-10 08:00:00,2163.13,2190.01,-1.243,-53.72,MH,10.0,0.33,-3.838,4.0,MILD_UP,0.1291941424531442,0.07858969430006818,0.1291941424531442,-53.590805857546854,right_only
S,200.0,1.89691668191353,4.0,2108.68513,14840.0,14846.0,2026-05-19 20:00:00,2026-05-20 02:00:00,2108.69,2115.92,-0.343,-17.72,ACX,6.0,0.736,-0.866,24.2,DOWN,0.14356661319084657,0.14356661319084657,0.14356661319084657,-17.576433386809153,200.0,1.89691668191353,4.0,2108.68513,14840.0,14850.0,2026-05-20 06:00:00,2108.69,2117.06,-0.397,-19.88,MH,10.0,0.736,-0.866,24.2,DOWN,0.14356661319084657,0.14356661319084657,0.14356661319084657,-19.736433386809153,both
S,200.0,1.8834807206831028,4.0,2123.727605,14907.0,14913.0,2026-05-22 15:00:00,2026-05-22 21:00:00,2123.73,2135.28,-0.544,-25.75,ACX,6.0,0.281,-0.64,1.0,DOWN,0.12394048650504347,0.12394048650504347,0.12394048650504347,-25.62605951349496,200.0,1.8834807206831028,4.0,2123.727605,14907.0,14918.0,2026-05-23 02:00:00,2123.73,2119.68,0.191,3.62,BE,11.0,0.599,-0.64,1.0,DOWN,0.3610764525368077,0.3610764525368077,0.3610764525368077,3.981076452536808,both
S,200.0,1.939198251960155,4.0,2062.70813,15034.0,15037.0,2026-05-27 22:00:00,2026-05-28 01:00:00,2062.71,2070.35,-0.371,-18.83,ACX,3.0,0.444,-0.819,27.3,DOWN,0.24484381937254499,0.24484381937254499,0.24484381937254499,-18.585156180627454,200.0,1.939198251960155,4.0,2062.70813,15034.0,15042.0,2026-05-28 06:00:00,2062.71,2021.1,2.017,76.69,TP,8.0,2.362,-0.819,27.3,DOWN,0.24484381937254499,0.24484381937254499,0.24484381937254499,76.93484381937255,both
S,200.0,2.0279314296356867,4.0,1972.4532800000002,15178.0,15179.0,2026-06-02 22:00:00,2026-06-02 23:00:00,1972.45,1941.63,1.563,58.51,TP,1.0,2.456,-0.103,24.2,DOWN,0.0,0.0,0.0,58.51,200.0,2.0279314296356867,4.0,1972.4532800000002,15178.0,15179.0,2026-06-02 23:00:00,1972.45,1941.63,1.563,58.51,TP,1.0,2.456,-0.103,24.2,DOWN,0.0,0.0,0.0,58.51,both
S,200.0,2.2203610723976506,4.0,1801.5087950000002,15208.0,15211.0,2026-06-04 04:00:00,2026-06-04 07:00:00,1801.51,1829.36,-1.546,-65.85,ACX,3.0,1.876,-2.779,18.2,DOWN,0.0,0.0,0.0,-65.85,200.0,2.2203610723976506,4.0,1801.5087950000002,15208.0,15214.0,2026-06-04 10:00:00,1801.51,1760.06,2.301,88.03,TP,6.0,2.628,-2.779,18.2,DOWN,0.30789868999779146,0.30789868999779146,0.30789868999779146,88.33789868999779,both
S,200.0,2.3139373933231475,4.0,1728.65524,15239.0,15242.0,2026-06-05 11:00:00,2026-06-05 14:00:00,1728.66,1684.21,2.571,98.84,TP,3.0,2.809,-1.061,3.0,DOWN,0.0,0.0,0.0,98.84,200.0,2.3139373933231475,4.0,1728.65524,15239.0,15242.0,2026-06-05 14:00:00,1728.66,1684.21,2.571,98.84,TP,3.0,2.809,-1.061,3.0,DOWN,0.0,0.0,0.0,98.84,both
S,200.0,2.4079428402528578,4.0,1661.169,15333.0,15337.0,2026-06-09 09:00:00,2026-06-09 13:00:00,1661.17,1686.5,-1.525,-65.0,ACX,4.0,0.486,-2.097,22.2,DOWN,0.0,0.0,0.0,-65.0,200.0,2.4079428402528578,4.0,1661.169,15333.0,15343.0,2026-06-09 19:00:00,1661.17,1674.53,-0.804,-36.16,MH,10.0,0.486,-2.097,22.2,DOWN,0.0014556216736527107,0.0014556216736527107,0.0014556216736527107,-36.15854437832635,both
S,200.0,2.267975201040622,4.0,1763.687715,15533.0,15541.0,2026-06-17 17:00:00,2026-06-18 01:00:00,1763.69,1771.88,-0.464,-22.57,ACX,8.0,1.323,-1.571,24.2,MILD_UP,-0.029630115495560955,-0.029630115495560955,-0.029630115495560955,-22.59963011549556,200.0,2.267975201040622,4.0,1763.687715,15533.0,15543.0,2026-06-18 03:00:00,1763.69,1770.13,-0.366,-18.62,MH,10.0,1.323,-1.808,24.2,MILD_UP,-0.029630115495560955,-0.029630115495560955,-0.029630115495560955,-18.64963011549556,both
S,200.0,2.3804289770464426,4.0,1680.3693950000002,15564.0,15568.0,2026-06-19 00:00:00,2026-06-19 04:00:00,1680.37,1705.64,-1.504,-64.16,ACX,4.0,0.584,-1.576,18.2,MILD_UP,0.0,-0.027657774616872258,0.0,-64.16,200.0,2.3804289770464426,4.0,1680.3693950000002,15564.0,15574.0,2026-06-19 10:00:00,1680.37,1713.65,-1.98,-83.21,MH,10.0,0.584,-2.289,18.2,MILD_UP,0.266688859052434,0.23903108443556176,0.266688859052434,-82.94331114094756,both
S,200.0,2.3365528558835638,4.0,1711.92361,15674.0,15677.0,2026-06-23 14:00:00,2026-06-23 17:00:00,1711.92,1648.18,3.723,144.93,TP,3.0,4.591,-0.064,31.3,MILD_UP,0.0131655395534851,0.0131655395534851,0.0131655395534851,144.9431655395535,200.0,2.3365528558835638,4.0,1711.92361,15674.0,15677.0,2026-06-23 17:00:00,1711.92,1648.18,3.723,144.93,TP,3.0,4.591,-0.064,31.3,MILD_UP,0.0131655395534851,0.0131655395534851,0.0131655395534851,144.9431655395535,both
S,200.0,2.6037572953333097,4.0,1536.241495,15730.0,15739.0,2026-06-25 22:00:00,2026-06-26 07:00:00,1536.24,1570.26,-2.215,-92.59,ACX,9.0,0.0,-3.737,13.1,DOWN,-0.3324298449574167,-0.3324298449574167,-0.3324298449574167,-92.92242984495742,200.0,2.6037572953333097,4.0,1536.241495,15730.0,15740.0,2026-06-26 08:00:00,1536.24,1567.75,-2.051,-86.05,MH,10.0,0.0,-3.737,13.1,DOWN,-0.40035766902650943,-0.40035766902650943,-0.3324298449574167,-86.4503576690265,both
S,200.0,2.527680686490775,4.0,1582.4783650000002,15845.0,15849.0,2026-06-30 17:00:00,2026-06-30 21:00:00,1582.48,1552.59,1.889,71.56,TP,4.0,2.052,-0.252,16.2,DOWN,0.0,0.0,0.0,71.56,200.0,2.527680686490775,4.0,1582.4783650000002,15845.0,15849.0,2026-06-30 21:00:00,1582.48,1552.59,1.889,71.56,TP,4.0,2.052,-0.252,16.2,DOWN,0.0,0.0,0.0,71.56,both
S,200.0,2.314793970952437,4.0,1728.0155600000003,16043.0,16046.0,2026-07-08 23:00:00,2026-07-09 02:00:00,1728.02,1733.15,-0.297,-15.88,ACX,3.0,0.901,-1.029,33.3,UP,0.18087578896701623,0.18087578896701623,0.18087578896701623,-15.699124211032984,200.0,2.314793970952437,4.0,1728.0155600000003,16043.0,16051.0,2026-07-09 07:00:00,1728.02,1741.37,-0.773,-34.91,MH,8.0,0.901,-1.029,33.3,UP,0.18087578896701623,0.18087578896701623,0.18087578896701623,-34.72912421103298,both
S,200.0,2.0953872174606394,4.0,1908.9550450000002,16228.0,16233.0,2026-07-16 16:00:00,2026-07-16 21:00:00,1908.96,1872.67,1.901,72.04,TP,5.0,2.222,-0.169,12.1,MILD_UP,0.0,0.0,0.24328897964482615,72.04,200.0,2.0953872174606394,4.0,1908.9550450000002,16228.0,16233.0,2026-07-16 21:00:00,1908.96,1872.67,1.901,72.04,TP,5.0,2.222,-0.169,12.1,MILD_UP,0.0,0.0,0.24328897964482615,72.04,both
S,200.0,2.195030194272876,4.0,1822.298395,16250.0,16255.0,2026-07-17 14:00:00,2026-07-17 19:00:00,1822.3,1836.82,-0.797,-35.87,ACX,5.0,0.132,-0.946,33.3,MILD_UP,0.19149145724841624,0.19149145724841624,0.19149145724841624,-35.67850854275158,200.0,2.195030194272876,4.0,1822.298395,16250.0,16260.0,2026-07-18 00:00:00,1822.3,1831.12,-0.484,-23.35,MH,10.0,1.089,-1.117,33.3,MILD_UP,0.2895950041156679,0.19149145724841624,0.2895950041156679,-23.060404995884333,both
S,200.0,2.0881929989200305,4.0,1915.5317550000002,16371.0,16374.0,2026-07-22 15:00:00,2026-07-22 18:00:00,1915.53,1924.53,-0.47,-22.79,ACX,3.0,0.324,-0.54,26.3,MILD_UP,0.057094184052874856,0.057094184052874856,0.057094184052874856,-22.732905815947124,200.0,2.0881929989200305,4.0,1915.5317550000002,16371.0,16381.0,2026-07-23 01:00:00,1915.53,1949.97,-1.798,-75.92,MH,10.0,0.324,-2.256,26.3,MILD_UP,0.3188671706263264,0.3188671706263264,0.3188671706263264,-75.60113282937368,both
S,200.0,2.090243444095795,4.0,1913.652695,16396.0,16406.0,2026-07-23 16:00:00,2026-07-24 02:00:00,1913.65,1878.67,1.828,69.12,TP,10.0,2.127,-0.893,3.0,MILD_UP,-0.128777421234212,-0.26136371438078526,-0.128777421234212,68.99122257876579,200.0,2.090243444095795,4.0,1913.652695,16396.0,16406.0,2026-07-24 02:00:00,1913.65,1878.67,1.828,69.12,TP,10.0,2.127,-0.893,3.0,MILD_UP,-0.128777421234212,-0.26136371438078526,-0.128777421234212,68.99122257876579,both
S,200.0,2.155286698567047,4.0,1855.901585,16426.0,16431.0,2026-07-24 22:00:00,2026-07-25 03:00:00,1855.9,1862.69,-0.366,-18.63,ACX,5.0,0.524,-0.69,26.3,MILD_UP,0.06883854932426278,0.06883854932426278,0.06883854932426278,-18.561161450675737,200.0,2.155286698567047,4.0,1855.901585,16426.0,16436.0,2026-07-25 08:00:00,1855.9,1861.5,-0.302,-16.07,MH,10.0,0.524,-0.69,26.3,MILD_UP,0.28587317630399717,0.06883854932426278,0.28587317630399717,-15.784126823696003,both
S,200.0,2.116195608181484,4.0,1890.1844350000001,16548.0,16551.0,2026-07-30 00:00:00,2026-07-30 03:00:00,1890.18,1920.55,-1.606,-68.26,ACX,3.0,0.196,-2.371,13.1,MILD_UP,0.0,0.0,0.08577779141922032,-68.26,200.0,2.116195608181484,4.0,1890.1844350000001,16548.0,16558.0,2026-07-30 10:00:00,1890.18,1917.24,-1.431,-61.25,MH,10.0,1.054,-2.371,13.1,MILD_UP,0.15576022955994046,0.15576022955994046,0.24153802097916077,-61.09423977044006,both
S,200.0,1.643363515244944,4.0,2434.0323750000002,17201.0,17206.0,2026-08-26 05:00:00,2026-08-26 10:00:00,2434.03,2456.22,-0.911,-40.46,ACX,5.0,0.877,-1.13,27.3,UP,0.1261571992032357,0.1261571992032357,0.1261571992032357,-40.333842800796766,200.0,1.643363515244944,4.0,2434.0323750000002,17201.0,17209.0,2026-08-26 13:00:00,2434.03,2457.0,-0.944,-41.74,MH,8.0,0.877,-1.56,27.3,UP,0.1261571992032357,0.1261571992032357,0.1261571992032357,-41.61384280079677,both
S,200.0,1.6067324564292367,4.0,2489.5246150000003,17255.0,17259.0,2026-08-28 11:00:00,2026-08-28 15:00:00,2489.52,2502.95,-0.539,-25.57,ACX,4.0,0.636,-0.591,17.2,UP,0.0,0.0,0.0,-25.57,200.0,1.6067324564292367,4.0,2489.5246150000003,17255.0,17263.0,2026-08-28 19:00:00,2489.52,2506.77,-0.693,-31.71,MH,8.0,0.636,-0.777,17.2,UP,-0.005332427211208755,-0.005332427211208755,-0.005332427211208755,-31.71533242721121,both
