side,margin_c,qty_exact_c,fee_exact_c,entry_exact_c,entry_bar_c,exit_bar_c,entry_dt,exit_dt_c,entry_price_c,exit_price_c,pnl_pct_c,pnl_c,reason_code_c,bars_held_c,mfe_pct_c,mae_pct_c,gk_pctile_c,regime_code_c,funding_c,funding_low_c,funding_high_c,net_c,margin_b,qty_exact_b,fee_exact_b,entry_exact_b,entry_bar_b,exit_bar_b,exit_dt_b,entry_price_b,exit_price_b,pnl_pct_b,pnl_b,reason_code_b,bars_held_b,mfe_pct_b,mae_pct_b,gk_pctile_b,regime_code_b,funding_b,funding_low_b,funding_high_b,net_b,_merge
L,200.0,1.5058760340727433,4.0,2656.261146,555.0,558.0,2024-10-01 15:00:00,2024-10-01 18:00:00,2656.26,2633.67,-0.85,-38.01,ACX,3.0,0.025,-0.871,8.1,MILD_UP,-0.3982725876155251,-0.3982725876155251,-0.3982725876155251,-38.40827258761552,200.0,1.5058760340727433,4.0,2656.261146,555.0,562.0,2024-10-01 22:00:00,2656.26,2579.2,-2.901,-120.04,MH,7.0,0.025,-3.429,8.1,MILD_UP,-0.3982725876155251,-0.3982725876155251,-0.3982725876155251,-120.43827258761553,both
L,200.0,1.682612677642864,4.0,2377.255356,622.0,629.0,2024-10-04 10:00:00,2024-10-04 17:00:00,2377.26,2379.74,0.105,0.19,BE,7.0,0.639,-0.726,16.2,DOWN,-0.1497672755690281,-0.1497672755690281,-0.1497672755690281,0.040232724430971895,,,,,,,,,,,,,,,,,,,,,,left_only
L,200.0,1.634327813636292,4.0,2447.4894,730.0,735.0,2024-10-08 22:00:00,2024-10-09 03:00:00,2447.49,2435.02,-0.509,-24.37,MH,5.0,0.32,-1.94,10.1,DOWN,-0.33110217048098306,-0.33110217048098306,-0.33110217048098306,-24.701102170480983,,,,,,,,,,,,,,,,,,,,,,left_only
L,200.0,1.6248258691379822,4.0,2461.8022619999997,742.0,745.0,2024-10-09 10:00:00,2024-10-09 13:00:00,2461.8,2443.51,-0.743,-33.72,ACX,3.0,0.006,-0.98,19.2,DOWN,0.0,0.0,0.0,-33.72,,,,,,,,,,,,,,,,,,,,,,left_only
L,200.0,1.576461932643233,4.0,2537.327364,1305.0,1307.0,2024-11-01 21:00:00,2024-11-01 23:00:00,2537.33,2561.49,0.952,34.09,MFE,2.0,1.992,-0.288,17.2,SIDE,0.0,0.0,0.0,34.09,200.0,1.576461932643233,4.0,2537.327364,1305.0,1307.0,2024-11-01 23:00:00,2537.33,2561.49,0.952,34.09,MFE,2.0,1.992,-0.288,17.2,SIDE,0.0,0.0,0.0,34.09,both
L,200.0,1.6374595302695822,4.0,2442.808464,1396.0,1399.0,2024-11-05 16:00:00,2024-11-05 19:00:00,2442.81,2434.17,-0.354,-18.14,ACX,3.0,0.184,-0.558,9.1,SIDE,0.0,-0.3999351426498086,0.0,-18.14,200.0,1.6374595302695822,4.0,2442.808464,1396.0,1402.0,2024-11-05 22:00:00,2442.81,2440.7,-0.086,-7.45,MH,6.0,0.195,-0.558,9.1,SIDE,0.0,-0.3999351426498086,0.0,-7.45,both
L,200.0,1.5181378441046534,4.0,2634.806856,1428.0,1435.0,2024-11-07 00:00:00,2024-11-07 07:00:00,2634.81,2735.72,3.83,149.2,TP,7.0,4.221,-0.044,14.1,SIDE,0.0,-0.3999260091905575,0.0,149.2,200.0,1.5181378441046534,4.0,2634.806856,1428.0,1435.0,2024-11-07 07:00:00,2634.81,2735.72,3.83,149.2,TP,7.0,4.221,-0.044,14.1,SIDE,0.0,-0.3999260091905575,0.0,149.2,both
L,200.0,1.3673460863747504,4.0,2925.374958,1471.0,1475.0,2024-11-08 19:00:00,2024-11-08 23:00:00,2925.37,2912.88,-0.427,-21.09,MFE,4.0,1.115,-0.585,2.0,MILD_UP,0.0,0.0,0.0,-21.09,200.0,1.3673460863747504,4.0,2925.374958,1471.0,1475.0,2024-11-08 23:00:00,2925.37,2912.88,-0.427,-21.09,MFE,4.0,1.115,-0.585,2.0,MILD_UP,0.0,0.0,0.0,-21.09,both
L,200.0,1.2695833219475514,4.0,3150.640002,1784.0,1785.0,2024-11-21 20:00:00,2024-11-21 21:00:00,3150.64,3287.39,4.34,169.62,TP,1.0,5.407,-0.067,6.1,DOWN,0.0,0.0,0.0,169.62,200.0,1.2695833219475514,4.0,3150.640002,1784.0,1785.0,2024-11-21 21:00:00,3150.64,3287.39,4.34,169.62,TP,1.0,5.407,-0.067,6.1,DOWN,0.0,0.0,0.0,169.62,both
L,200.0,1.1756647979562878,4.0,3402.3303300000002,1876.0,1879.0,2024-11-25 16:00:00,2024-11-25 19:00:00,3402.33,3503.87,2.984,115.38,TP,3.0,3.809,-0.103,22.2,MILD_UP,0.0,-0.9572113722420361,0.0,115.38,200.0,1.1756647979562878,4.0,3402.3303300000002,1876.0,1879.0,2024-11-25 19:00:00,3402.33,3503.87,2.984,115.38,TP,3.0,3.809,-0.103,22.2,MILD_UP,0.0,-0.9572113722420361,0.0,115.38,both
L,200.0,1.1565167309051283,4.0,3458.6615939999997,1927.0,1935.0,2024-11-27 19:00:00,2024-11-28 03:00:00,3458.66,3587.26,3.718,144.73,TP,8.0,3.981,-0.615,24.2,MILD_UP,-0.6456337979621374,-0.6456337979621374,-0.6456337979621374,144.08436620203784,200.0,1.1565167309051283,4.0,3458.6615939999997,1927.0,1935.0,2024-11-28 03:00:00,3458.66,3587.26,3.718,144.73,TP,8.0,3.981,-0.615,24.2,MILD_UP,-0.6456337979621374,-0.6456337979621374,-0.6456337979621374,144.08436620203784,both
L,200.0,1.100065510991304,4.0,3636.147084,2083.0,2087.0,2024-12-04 07:00:00,2024-12-04 11:00:00,3636.15,3650.3,0.389,11.57,MFE,4.0,2.081,-0.612,11.1,MILD_UP,-0.7452910888708334,-0.7452910888708334,-0.7452910888708334,10.824708911129166,200.0,1.100065510991304,4.0,3636.147084,2083.0,2087.0,2024-12-04 11:00:00,3636.15,3650.3,0.389,11.57,MFE,4.0,2.081,-0.612,11.1,MILD_UP,-0.7452910888708334,-0.7452910888708334,-0.7452910888708334,10.824708911129166,both
L,200.0,1.072536804747999,4.0,3729.475746,2094.0,2098.0,2024-12-04 18:00:00,2024-12-04 22:00:00,3729.48,3709.94,-0.524,-24.96,ACX,4.0,0.659,-1.046,1.0,MILD_UP,0.0,0.0,0.0,-24.96,200.0,1.072536804747999,4.0,3729.475746,2094.0,2100.0,2024-12-05 00:00:00,3729.48,3823.63,2.524,96.98,MFE,6.0,3.451,-1.046,1.0,MILD_UP,-0.813859794403072,-0.813859794403072,0.0,96.16614020559693,both
L,200.0,1.0190758598816634,4.0,3925.124868,2118.0,2125.0,2024-12-05 18:00:00,2024-12-06 01:00:00,3925.12,3903.77,-0.544,-25.76,MH,7.0,0.889,-1.599,22.2,MILD_UP,-1.2360473093616753,-1.2360473093616753,-1.2360473093616753,-26.99604730936168,200.0,1.0190758598816634,4.0,3925.124868,2118.0,2125.0,2024-12-06 01:00:00,3925.12,3903.77,-0.544,-25.76,MH,7.0,0.889,-1.599,22.2,MILD_UP,-1.2360473093616753,-1.2360473093616753,-1.2360473093616753,-26.99604730936168,both
L,200.0,1.0882888025253368,4.0,3675.494952,2259.0,2268.0,2024-12-11 15:00:00,2024-12-12 00:00:00,3675.49,3785.99,3.006,116.25,TP,9.0,3.932,-0.688,24.2,MILD_UP,-0.8095159557960945,-0.8095159557960945,-0.39746157159189593,115.4404840442039,200.0,1.0882888025253368,4.0,3675.494952,2259.0,2268.0,2024-12-12 00:00:00,3675.49,3785.99,3.006,116.25,TP,9.0,3.932,-0.688,24.2,MILD_UP,-0.8095159557960945,-0.8095159557960945,-0.39746157159189593,115.4404840442039,both
L,200.0,1.030891734710882,4.0,3880.135872,2279.0,2281.0,2024-12-12 11:00:00,2024-12-12 13:00:00,3880.14,3906.96,0.691,23.65,MFE,2.0,1.739,-0.826,22.2,MILD_UP,0.0,0.0,0.0,23.65,200.0,1.030891734710882,4.0,3880.135872,2279.0,2281.0,2024-12-12 13:00:00,3880.14,3906.96,0.691,23.65,MFE,2.0,1.739,-0.826,22.2,MILD_UP,0.0,0.0,0.0,23.65,both
L,200.0,1.1579030120092786,4.0,3454.5207659999996,2579.0,2581.0,2024-12-24 23:00:00,2024-12-25 01:00:00,3454.52,3477.56,0.667,22.68,MFE,2.0,1.819,-0.37,23.2,DOWN,-0.11145816324883993,-0.11145816324883993,-0.11145816324883993,22.56854183675116,200.0,1.1579030120092786,4.0,3454.5207659999996,2579.0,2581.0,2024-12-25 01:00:00,3454.52,3477.56,0.667,22.68,MFE,2.0,1.819,-0.37,23.2,DOWN,-0.11145816324883993,-0.11145816324883993,-0.11145816324883993,22.56854183675116,both
L,200.0,1.1447611436069496,4.0,3494.178696,2598.0,2599.0,2024-12-25 18:00:00,2024-12-25 19:00:00,3494.18,3512.39,0.521,16.84,MFE,1.0,1.512,-0.111,17.2,DOWN,0.0,0.0,0.0,16.84,200.0,1.1447611436069496,4.0,3494.178696,2598.0,2599.0,2024-12-25 19:00:00,3494.18,3512.39,0.521,16.84,MFE,1.0,1.512,-0.111,17.2,DOWN,0.0,0.0,0.0,16.84,both
L,200.0,1.2744383096191554,4.0,3138.6376020000002,3070.0,3078.0,2025-01-14 10:00:00,2025-01-14 18:00:00,3138.64,3241.87,3.289,127.57,MHx,8.0,3.734,-0.264,22.2,DOWN,-0.30109556152574246,-0.30109556152574246,-0.30109556152574246,127.26890443847425,200.0,1.2744383096191554,4.0,3138.6376020000002,3070.0,3078.0,2025-01-14 18:00:00,3138.64,3241.87,3.289,127.57,MHx,8.0,3.734,-0.264,22.2,DOWN,-0.30109556152574246,-0.30109556152574246,-0.30109556152574246,127.26890443847425,both
L,200.0,1.174197762696499,4.0,3406.58118,3149.0,3154.0,2025-01-17 17:00:00,2025-01-17 22:00:00,3406.58,3400.12,-0.19,-11.59,ACX,5.0,0.929,-0.487,8.1,DOWN,0.0,0.0,0.0,-11.59,200.0,1.174197762696499,4.0,3406.58118,3149.0,3156.0,2025-01-18 00:00:00,3406.58,3419.76,0.387,11.47,MFE,7.0,1.275,-0.487,8.1,DOWN,-0.40162729954376136,-0.40162729954376136,0.0,11.068372700456239,both
L,200.0,1.2491762096686856,4.0,3202.1102939999996,3408.0,3412.0,2025-01-28 12:00:00,2025-01-28 16:00:00,3202.11,3193.98,-0.254,-14.15,ACX,4.0,0.621,-0.456,6.1,DOWN,-0.16146351348193008,-0.16146351348193008,0.0,-14.31146351348193,200.0,1.2491762096686856,4.0,3202.1102939999996,3408.0,3414.0,2025-01-28 18:00:00,3202.11,3195.07,-0.22,-12.79,MH,6.0,0.621,-0.632,6.1,DOWN,-0.16146351348193008,-0.16146351348193008,-0.16146351348193008,-12.95146351348193,both
L,200.0,1.2496328969059172,4.0,3200.94006,3456.0,3459.0,2025-01-30 12:00:00,2025-01-30 15:00:00,3200.94,3184.46,-0.515,-24.59,ACX,3.0,0.435,-0.611,23.2,DOWN,0.0,0.0,0.0,-24.59,200.0,1.2496328969059172,4.0,3200.94006,3456.0,3464.0,2025-01-30 20:00:00,3200.94,3220.52,0.612,20.46,MHx,8.0,0.876,-0.748,23.2,DOWN,-0.39859659922029284,-0.39859659922029284,-0.39859659922029284,20.061403400779707,both
L,200.0,1.4478000477753745,4.0,2762.812452,3568.0,3571.0,2025-02-04 04:00:00,2025-02-04 07:00:00,2762.81,2867.29,3.781,147.26,TP,3.0,5.666,-2.504,10.1,DOWN,0.0,0.0,0.0,147.26,200.0,1.4478000477753745,4.0,2762.812452,3568.0,3571.0,2025-02-04 07:00:00,2762.81,2867.29,3.781,147.26,TP,3.0,5.666,-2.504,10.1,DOWN,0.0,0.0,0.0,147.26,both
L,200.0,1.4290104838768256,4.0,2799.1397159999997,3608.0,3611.0,2025-02-05 20:00:00,2025-02-05 23:00:00,2799.14,2785.2,-0.498,-23.92,MFE,3.0,1.03,-1.151,17.2,DOWN,0.0,0.0,0.0,-23.92,200.0,1.4290104838768256,4.0,2799.1397159999997,3608.0,3611.0,2025-02-05 23:00:00,2799.14,2785.2,-0.498,-23.92,MFE,3.0,1.03,-1.151,17.2,DOWN,0.0,0.0,0.0,-23.92,both
L,200.0,1.441501248938665,4.0,2774.884866,3658.0,3661.0,2025-02-07 22:00:00,2025-02-08 01:00:00,2774.88,2691.84,-2.993,-123.71,ACX,3.0,0.765,-3.072,22.2,DOWN,0.04694440842438888,0.04694440842438888,0.04694440842438888,-123.6630555915756,200.0,1.441501248938665,4.0,2774.884866,3658.0,3662.0,2025-02-08 02:00:00,2774.88,2672.81,-3.679,-151.14,SN,4.0,0.765,-4.137,22.2,DOWN,0.04694440842438888,0.04694440842438888,0.04694440842438888,-151.0930555915756,both
L,200.0,1.512963072522503,4.0,2643.8186579999997,3725.0,3731.0,2025-02-10 17:00:00,2025-02-10 23:00:00,2643.82,2648.95,0.194,3.76,MFE,6.0,1.582,-0.523,24.2,DOWN,0.0,0.0,0.0,3.76,200.0,1.512963072522503,4.0,2643.8186579999997,3725.0,3731.0,2025-02-10 23:00:00,2643.82,2648.95,0.194,3.76,MFE,6.0,1.582,-0.523,24.2,DOWN,0.0,0.0,0.0,3.76,both
L,200.0,1.45743446062974,4.0,2744.5488,3787.0,3793.0,2025-02-13 07:00:00,2025-02-13 13:00:00,2744.55,2720.14,-0.89,-39.58,MH,6.0,0.436,-1.176,21.2,DOWN,-0.38056988602279546,-0.38056988602279546,-0.38056988602279546,-39.960569886022796,200.0,1.45743446062974,4.0,2744.5488,3787.0,3793.0,2025-02-13 13:00:00,2744.55,2720.14,-0.89,-39.58,MH,6.0,0.436,-1.176,21.2,DOWN,-0.38056988602279546,-0.38056988602279546,-0.38056988602279546,-39.960569886022796,both
L,200.0,1.4909982216170896,4.0,2682.766446,3814.0,3817.0,2025-02-14 10:00:00,2025-02-14 13:00:00,2682.77,2697.85,0.562,18.49,MFE,3.0,1.414,-0.152,24.2,DOWN,0.0,0.0,0.0,18.49,200.0,1.4909982216170896,4.0,2682.766446,3814.0,3817.0,2025-02-14 13:00:00,2682.77,2697.85,0.562,18.49,MFE,3.0,1.414,-0.152,24.2,DOWN,0.0,0.0,0.0,18.49,both
L,200.0,1.4823986151509223,4.0,2698.329558,3939.0,3945.0,2025-02-19 15:00:00,2025-02-19 21:00:00,2698.33,2702.78,0.165,2.6,MFE,6.0,1.401,-0.074,21.2,SIDE,-0.291865107673066,-0.291865107673066,-0.291865107673066,2.308134892326934,200.0,1.4823986151509223,4.0,2698.329558,3939.0,3945.0,2025-02-19 21:00:00,2698.33,2702.78,0.165,2.6,MFE,6.0,1.401,-0.074,21.2,SIDE,-0.291865107673066,-0.291865107673066,-0.291865107673066,2.308134892326934,both
L,200.0,1.4572432771094195,4.0,2744.908872,3967.0,3972.0,2025-02-20 19:00:00,2025-02-21 00:00:00,2744.91,2710.71,-1.246,-53.84,ACX,5.0,0.932,-1.417,0.0,MILD_UP,-0.25302853332757197,-0.25302853332757197,0.0,-54.093028533327576,200.0,1.4572432771094195,4.0,2744.908872,3967.0,3974.0,2025-02-21 02:00:00,2744.91,2733.62,-0.411,-20.45,MH,7.0,0.932,-1.431,0.0,MILD_UP,-0.25302853332757197,-0.25302853332757197,-0.25302853332757197,-20.703028533327572,both
L,200.0,1.4516205721138757,4.0,2755.540998,3986.0,3989.0,2025-02-21 14:00:00,2025-02-21 17:00:00,2755.54,2749.28,-0.227,-13.09,ACX,3.0,0.486,-0.326,17.2,MILD_UP,-0.26489836461507804,-0.26489836461507804,-0.26489836461507804,-13.354898364615078,200.0,1.4516205721138757,4.0,2755.540998,3986.0,3990.0,2025-02-21 18:00:00,2755.54,2780.16,0.894,31.74,MFE,4.0,2.734,-0.326,17.2,MILD_UP,-0.26489836461507804,-0.26489836461507804,-0.26489836461507804,31.47510163538492,both
L,,,,,,,2025-02-27 18:00:00,,,,,,,,,,,,,,,,200.0,1.695761935237775,4.0,2358.82167,4134.0,4140.0,2025-02-28 00:00:00,2358.82,2321.86,-1.567,-66.69,MH,6.0,0.959,-2.932,9.1,DOWN,-0.19799094078224797,-0.19799094078224797,0.0,-66.88799094078225,right_only
L,200.0,1.8264523931165542,4.0,2190.0379199999998,4275.0,4278.0,2025-03-05 15:00:00,2025-03-05 18:00:00,2190.04,2237.58,2.171,82.84,MFE,3.0,3.277,-0.127,1.0,DOWN,-0.28805317693987,-0.28805317693987,-0.28805317693987,82.55194682306013,200.0,1.8264523931165542,4.0,2190.0379199999998,4275.0,4278.0,2025-03-05 18:00:00,2190.04,2237.58,2.171,82.84,MFE,3.0,3.277,-0.127,1.0,DOWN,-0.28805317693987,-0.28805317693987,-0.28805317693987,82.55194682306013,both
L,200.0,1.9280687300973902,4.0,2074.6148399999997,4396.0,4398.0,2025-03-10 16:00:00,2025-03-10 18:00:00,2074.61,2100.56,1.251,46.02,MFE,2.0,3.778,-1.343,19.2,DOWN,0.0,-0.10298936243756455,0.0,46.02,200.0,1.9280687300973902,4.0,2074.6148399999997,4396.0,4398.0,2025-03-10 18:00:00,2074.61,2100.56,1.251,46.02,MFE,2.0,3.778,-1.343,19.2,DOWN,0.0,-0.10298936243756455,0.0,46.02,both
L,200.0,2.087080039854505,4.0,1916.553234,4422.0,4425.0,2025-03-11 18:00:00,2025-03-11 21:00:00,1916.55,1893.83,-1.186,-51.42,ACX,3.0,0.592,-1.588,10.1,DOWN,0.0,0.0,0.0,-51.42,200.0,2.087080039854505,4.0,1916.553234,4422.0,4426.0,2025-03-11 22:00:00,1916.55,1902.11,-0.754,-34.15,MFE,4.0,2.777,-2.692,10.1,DOWN,0.0,0.0,0.0,-34.15,both
L,200.0,2.1106074804165096,4.0,1895.188962,4490.0,4497.0,2025-03-14 14:00:00,2025-03-14 21:00:00,1895.19,1901.42,0.329,9.15,BE,7.0,0.687,-0.413,23.2,DOWN,-0.3067440940488129,-0.3067440940488129,-0.3067440940488129,8.843255905951187,200.0,2.1106074804165096,4.0,1895.188962,4490.0,4497.0,2025-03-14 21:00:00,1895.19,1901.42,0.329,9.15,BE,7.0,0.687,-0.413,23.2,DOWN,-0.3067440940488129,-0.3067440940488129,-0.3067440940488129,8.843255905951187,both
L,200.0,2.0270873849235667,4.0,1973.274576,4615.0,4617.0,2025-03-19 19:00:00,2025-03-19 21:00:00,1973.27,2002.71,1.492,55.67,MFE,2.0,3.013,-0.029,20.2,DOWN,0.0,0.0,0.0,55.67,200.0,2.0270873849235667,4.0,1973.274576,4615.0,4617.0,2025-03-19 21:00:00,1973.27,2002.71,1.492,55.67,MFE,2.0,3.013,-0.029,20.2,DOWN,0.0,0.0,0.0,55.67,both
L,200.0,2.153813097785441,4.0,1857.1713599999998,4923.0,4927.0,2025-04-01 15:00:00,2025-04-01 19:00:00,1857.17,1872.12,0.805,28.19,MFE,4.0,1.844,-0.308,4.0,DOWN,-0.11484590807303276,-0.11484590807303276,-0.11484590807303276,28.07515409192697,200.0,2.153813097785441,4.0,1857.1713599999998,4923.0,4927.0,2025-04-01 19:00:00,1857.17,1872.12,0.805,28.19,MFE,4.0,1.844,-0.308,4.0,DOWN,-0.11484590807303276,-0.11484590807303276,-0.11484590807303276,28.07515409192697,both
L,200.0,2.201136101431028,4.0,1817.2433760000001,4996.0,5000.0,2025-04-04 16:00:00,2025-04-04 20:00:00,1817.24,1782.8,-1.895,-79.81,ACX,4.0,0.961,-3.286,10.1,DOWN,0.0,0.0,0.08370279865034434,-79.81,200.0,2.201136101431028,4.0,1817.2433760000001,4996.0,5002.0,2025-04-04 22:00:00,1817.24,1800.97,-0.896,-39.82,MH,6.0,0.961,-3.286,10.1,DOWN,0.0,0.0,0.08370279865034434,-39.82,both
L,200.0,2.546904357330824,4.0,1570.534044,5081.0,5085.0,2025-04-08 05:00:00,2025-04-08 09:00:00,1570.53,1543.46,-1.724,-72.95,ACX,4.0,0.894,-1.74,15.2,DOWN,0.017318152958166633,0.017318152958166633,0.017318152958166633,-72.93268184704183,200.0,2.546904357330824,4.0,1570.534044,5081.0,5087.0,2025-04-08 11:00:00,1570.53,1588.63,1.152,42.09,MFE,6.0,3.022,-1.932,15.2,DOWN,0.017318152958166633,0.017318152958166633,0.017318152958166633,42.10731815295817,both
L,,,,,,,2025-04-09 19:00:00,,,,,,,,,,,,,,,,200.0,2.692284496723512,4.0,1485.727086,5119.0,5123.0,2025-04-09 23:00:00,1485.73,1470.06,-1.055,-46.19,MFE,4.0,1.03,-3.143,23.2,DOWN,0.0,0.0,0.0,-46.19,right_only
L,,,,,,,2025-04-11 16:00:00,,,,,,,,,,,,,,,,200.0,2.5768208300105067,4.0,1552.300398,5164.0,5165.0,2025-04-11 17:00:00,1552.3,1550.48,-0.117,-8.69,MFE,1.0,1.29,-1.02,6.1,DOWN,0.0,0.0,0.23423315336932612,-8.69,right_only
L,,,,,,,2025-04-14 17:00:00,,,,,,,,,,,,,,,,200.0,2.442155242199116,4.0,1637.897514,5237.0,5240.0,2025-04-14 20:00:00,1637.9,1674.3,2.222,84.89,MFE,3.0,3.277,-0.446,9.1,DOWN,0.0,0.0,0.0,84.89,right_only
L,,,,,,,2025-04-15 18:00:00,,,,,,,,,,,,,,,,200.0,2.427126229717612,4.0,1648.039542,5262.0,5267.0,2025-04-15 23:00:00,1648.04,1619.25,-1.747,-73.89,MH,5.0,0.767,-2.914,0.0,DOWN,0.0,0.0,0.0,-73.89,right_only
L,,,,,,,2025-04-17 14:00:00,,,,,,,,,,,,,,,,200.0,2.502174298761806,4.0,1598.6096579999999,5306.0,5312.0,2025-04-17 20:00:00,1598.61,1592.18,-0.402,-20.08,MH,6.0,0.706,-0.683,2.0,DOWN,-0.20766876062499057,-0.20766876062499057,-0.20766876062499057,-20.28766876062499,right_only
L,,,,,,,2025-04-18 20:00:00,,,,,,,,,,,,,,,,200.0,2.51539424738064,4.0,1590.2079780000001,5336.0,5343.0,2025-04-19 03:00:00,1590.21,1592.4,0.138,1.52,BE,7.0,0.404,-0.795,23.2,SIDE,0.05938515155842237,0.05938515155842237,0.05938515155842237,1.5793851515584223,right_only
L,,,,,,,2025-04-22 22:00:00,,,,,,,,,,,,,,,,200.0,2.4351067459663565,4.0,1642.638462,5434.0,5436.0,2025-04-23 00:00:00,1642.64,1702.07,3.618,140.72,TP,2.0,5.071,-0.335,22.2,SIDE,-0.3359286955549079,-0.3359286955549079,0.0,140.3840713044451,right_only
L,,,,,,,2025-04-23 06:00:00,,,,,,,,,,,,,,,,200.0,2.2805007612511083,4.0,1754.00073,5442.0,5446.0,2025-04-23 10:00:00,1754.0,1760.99,0.398,11.93,MFE,4.0,1.995,-0.934,24.2,SIDE,-0.267400545950742,-0.267400545950742,-0.267400545950742,11.662599454049257,right_only
L,,,,,,,2025-04-25 09:00:00,,,,,,,,,,,,,,,,200.0,2.255243169457904,4.0,1773.644658,5493.0,5498.0,2025-04-25 14:00:00,1773.64,1766.27,-0.416,-20.64,MH,5.0,0.915,-2.044,12.1,MILD_UP,0.0,0.0,0.0,-20.64,right_only
L,200.0,2.169704947899309,4.0,1843.56864,5790.0,5794.0,2025-05-07 18:00:00,2025-05-07 22:00:00,1843.57,1827.6,-0.866,-38.64,ACX,4.0,0.159,-1.189,2.0,SIDE,0.0,0.0,0.0,-38.64,200.0,2.169704947899309,4.0,1843.56864,5790.0,5796.0,2025-05-08 00:00:00,1843.57,1816.37,-1.476,-63.02,MH,6.0,0.159,-1.639,2.0,SIDE,0.025542657093581285,0.0,0.025542657093581285,-62.99445734290642,both
L,200.0,1.7727422537691633,4.0,2256.391188,5835.0,5836.0,2025-05-09 15:00:00,2025-05-09 16:00:00,2256.39,2363.34,4.74,185.59,TP,1.0,6.084,-0.052,16.2,MILD_UP,-0.4191152691206131,-0.4191152691206131,0.0,185.17088473087938,200.0,1.7727422537691633,4.0,2256.391188,5835.0,5836.0,2025-05-09 16:00:00,2256.39,2363.34,4.74,185.59,TP,1.0,6.084,-0.052,16.2,MILD_UP,-0.4191152691206131,-0.4191152691206131,0.0,185.17088473087938,both
L,200.0,1.5180629286891587,4.0,2634.936882,6148.0,6150.0,2025-05-22 16:00:00,2025-05-22 18:00:00,2634.94,2663.83,1.096,39.86,MFE,2.0,2.189,-0.324,16.2,SIDE,0.0,-0.39983045028400804,0.0,39.86,200.0,1.5180629286891587,4.0,2634.936882,6148.0,6150.0,2025-05-22 18:00:00,2634.94,2663.83,1.096,39.86,MFE,2.0,2.189,-0.324,16.2,SIDE,0.0,-0.39983045028400804,0.0,39.86,both
L,200.0,1.4951398833438037,4.0,2675.33496,6166.0,6167.0,2025-05-23 10:00:00,2025-05-23 11:00:00,2675.33,2704.29,1.082,39.29,MFE,1.0,2.204,-0.153,24.2,SIDE,0.0,0.0,0.0,39.29,200.0,1.4951398833438037,4.0,2675.33496,6166.0,6167.0,2025-05-23 11:00:00,2675.33,2704.29,1.082,39.29,MFE,1.0,2.204,-0.153,24.2,SIDE,0.0,0.0,0.0,39.29,both
L,200.0,1.5133352102321946,4.0,2643.1685279999997,6462.0,6465.0,2025-06-04 18:00:00,2025-06-04 21:00:00,2643.17,2615.2,-1.058,-46.33,ACX,3.0,0.235,-1.122,14.1,SIDE,0.0,0.0,0.0,-46.33,200.0,1.5133352102321946,4.0,2643.1685279999997,6462.0,6470.0,2025-06-05 02:00:00,2643.17,2633.56,-0.363,-18.54,MFE,8.0,1.38,-1.89,14.1,SIDE,-0.3187172977719414,-0.3187172977719414,-0.3187172977719414,-18.85871729777194,both
L,200.0,1.5983119089931046,4.0,2502.6404279999997,6514.0,6516.0,2025-06-06 22:00:00,2025-06-07 00:00:00,2502.64,2507.79,0.206,4.23,MFE,2.0,1.08,-0.379,8.1,SIDE,-0.10761365981007448,-0.10761365981007448,0.0,4.122386340189926,200.0,1.5983119089931046,4.0,2502.6404279999997,6514.0,6516.0,2025-06-07 00:00:00,2502.64,2507.79,0.206,4.23,MFE,2.0,1.08,-0.379,8.1,SIDE,-0.10761365981007448,-0.10761365981007448,0.0,4.122386340189926,both
L,200.0,1.4421978297678704,4.0,2773.5445979999995,6608.0,6611.0,2025-06-10 20:00:00,2025-06-10 23:00:00,2773.54,2734.59,-1.404,-60.18,ACX,3.0,0.179,-2.039,21.2,SIDE,0.0,0.0,0.0,-60.18,200.0,1.4421978297678704,4.0,2773.5445979999995,6608.0,6613.0,2025-06-11 01:00:00,2773.54,2729.19,-1.599,-67.96,MH,5.0,0.179,-3.065,21.2,SIDE,-0.39398392972947616,-0.39398392972947616,-0.39398392972947616,-68.35398392972947,both
L,200.0,1.6309286570564032,4.0,2452.59042,7135.0,7141.0,2025-07-02 19:00:00,2025-07-03 01:00:00,2452.59,2559.27,4.35,169.98,TP,6.0,4.503,-0.904,2.0,MILD_UP,-0.21334644303230246,-0.21334644303230246,-0.21334644303230246,169.7666535569677,200.0,1.6309286570564032,4.0,2452.59042,7135.0,7141.0,2025-07-03 01:00:00,2452.59,2559.27,4.35,169.98,TP,6.0,4.503,-0.904,2.0,MILD_UP,-0.21334644303230246,-0.21334644303230246,-0.21334644303230246,169.7666535569677,both
L,200.0,1.5677051497528438,4.0,2551.5001979999997,7274.0,7277.0,2025-07-08 14:00:00,2025-07-08 17:00:00,2551.5,2544.61,-0.27,-14.8,ACX,3.0,0.451,-0.254,13.1,MILD_UP,-0.11150922329065593,-0.11150922329065593,-0.11150922329065593,-14.911509223290656,200.0,1.5677051497528438,4.0,2551.5001979999997,7274.0,7283.0,2025-07-08 23:00:00,2551.5,2562.41,0.427,13.1,MFE,9.0,1.901,-0.372,13.1,MILD_UP,-0.11150922329065593,-0.11150922329065593,-0.11150922329065593,12.988490776709344,both
L,200.0,1.5040241293599124,4.0,2659.5317999999997,7305.0,7312.0,2025-07-09 21:00:00,2025-07-10 04:00:00,2659.53,2763.01,3.891,151.63,TP,7.0,5.121,-1.186,9.1,MILD_UP,-0.2503304859900529,-0.2503304859900529,-0.2503304859900529,151.37966951400995,200.0,1.5040241293599124,4.0,2659.5317999999997,7305.0,7312.0,2025-07-10 04:00:00,2659.53,2763.01,3.891,151.63,TP,7.0,5.121,-1.186,9.1,MILD_UP,-0.2503304859900529,-0.2503304859900529,-0.2503304859900529,151.37966951400995,both
L,200.0,1.4374288456101152,4.0,2782.746438,7319.0,7324.0,2025-07-10 11:00:00,2025-07-10 16:00:00,2782.75,2788.98,0.224,4.96,MFE,5.0,1.419,-0.658,8.1,MILD_UP,-0.11260294745923234,-0.11260294745923234,0.0,4.847397052540767,200.0,1.4374288456101152,4.0,2782.746438,7319.0,7324.0,2025-07-10 16:00:00,2782.75,2788.98,0.224,4.96,MFE,5.0,1.419,-0.658,8.1,MILD_UP,-0.11260294745923234,-0.11260294745923234,0.0,4.847397052540767,both
L,200.0,1.331335983211161,4.0,3004.50078,7346.0,7350.0,2025-07-11 14:00:00,2025-07-11 18:00:00,3004.5,3014.26,0.325,8.99,MFE,4.0,1.213,-1.464,7.1,MILD_UP,-0.39518711657648503,-0.39518711657648503,-0.39518711657648503,8.594812883423515,200.0,1.331335983211161,4.0,3004.50078,7346.0,7350.0,2025-07-11 18:00:00,3004.5,3014.26,0.325,8.99,MFE,4.0,1.213,-1.464,7.1,MILD_UP,-0.39518711657648503,-0.39518711657648503,-0.39518711657648503,8.594812883423515,both
L,200.0,1.044796827354073,4.0,3828.495546,7779.0,7782.0,2025-07-29 15:00:00,2025-07-29 18:00:00,3828.5,3871.16,1.114,40.57,ACX,3.0,1.487,-0.027,15.2,MILD_UP,-0.40501862451428855,-0.40501862451428855,-0.40501862451428855,40.16498137548571,200.0,1.044796827354073,4.0,3828.495546,7779.0,7783.0,2025-07-29 19:00:00,3828.5,3827.95,-0.014,-4.57,MFE,4.0,1.487,-0.144,15.2,MILD_UP,-0.40501862451428855,-0.40501862451428855,-0.40501862451428855,-4.975018624514289,both
L,200.0,1.0357965599413639,4.0,3861.762198,7823.0,7829.0,2025-07-31 11:00:00,2025-07-31 17:00:00,3861.76,3861.31,-0.012,-4.47,ACX,6.0,0.42,-0.222,4.0,MILD_UP,-0.40005641675401793,-0.40005641675401793,-0.40005641675401793,-4.870056416754018,200.0,1.0357965599413639,4.0,3861.762198,7823.0,7830.0,2025-07-31 18:00:00,3861.76,3860.78,-0.025,-5.02,MH,7.0,0.42,-0.227,4.0,MILD_UP,-0.40005641675401793,-0.40005641675401793,-0.40005641675401793,-5.420056416754018,both
L,200.0,1.0995301757587606,4.0,3637.917438,7970.0,7974.0,2025-08-06 14:00:00,2025-08-06 18:00:00,3637.92,3625.26,-0.348,-17.91,ACX,4.0,0.277,-0.822,13.1,DOWN,-0.32804350850141534,-0.32804350850141534,-0.32804350850141534,-18.238043508501416,200.0,1.0995301757587606,4.0,3637.917438,7970.0,7976.0,2025-08-06 20:00:00,3637.92,3617.44,-0.563,-26.52,MH,6.0,0.277,-0.822,13.1,DOWN,-0.32804350850141534,-0.32804350850141534,-0.32804350850141534,-26.848043508501416,both
L,200.0,1.0805728613801693,4.0,3701.7401999999997,7996.0,8001.0,2025-08-07 16:00:00,2025-08-07 21:00:00,3701.74,3847.7,3.943,153.72,TP,5.0,4.005,-0.023,17.2,DOWN,0.0,-0.17136572685462909,0.0,153.72,200.0,1.0805728613801693,4.0,3701.7401999999997,7996.0,8001.0,2025-08-07 21:00:00,3701.74,3847.7,3.943,153.72,TP,5.0,4.005,-0.023,17.2,DOWN,0.0,-0.17136572685462909,0.0,153.72,both
L,200.0,1.00006255641306,4.0,3999.74979,8026.0,8029.0,2025-08-08 22:00:00,2025-08-09 01:00:00,3999.75,3969.02,-0.768,-34.74,ACX,3.0,0.131,-1.869,5.1,DOWN,-0.3953252934504186,-0.3953252934504186,-0.3953252934504186,-35.13532529345042,200.0,1.00006255641306,4.0,3999.74979,8026.0,8033.0,2025-08-09 05:00:00,3999.75,4056.01,1.407,52.26,MHx,7.0,1.756,-1.869,5.1,DOWN,-0.3953252934504186,-0.3953252934504186,-0.3953252934504186,51.86467470654958,both
L,200.0,0.9438865598999295,4.0,4237.79739,8309.0,8313.0,2025-08-20 17:00:00,2025-08-20 21:00:00,4237.8,4202.44,-0.834,-37.37,ACX,4.0,0.0,-2.16,5.1,MILD_UP,0.0,0.0,0.0,-37.37,200.0,0.9438865598999295,4.0,4237.79739,8309.0,8316.0,2025-08-21 00:00:00,4237.8,4252.62,0.35,9.99,MFE,7.0,1.622,-3.149,5.1,MILD_UP,-0.36415407569629465,-0.36415407569629465,0.0,9.625845924303706,both
L,200.0,0.9240872605194886,4.0,4328.595546,8357.0,8360.0,2025-08-22 17:00:00,2025-08-22 20:00:00,4328.6,4271.87,-1.311,-56.42,ACX,3.0,0.052,-1.328,22.2,DOWN,0.0,0.0,0.0,-56.42,200.0,0.9240872605194886,4.0,4328.595546,8357.0,8363.0,2025-08-22 23:00:00,4328.6,4610.88,6.521,256.85,TP,6.0,7.308,-2.832,22.2,DOWN,0.0,0.0,0.0,256.85,both
L,200.0,0.8677784031784415,4.0,4609.47171,8503.0,8507.0,2025-08-28 19:00:00,2025-08-28 23:00:00,4609.47,4564.38,-0.978,-43.13,ACX,4.0,0.075,-1.485,6.1,MILD_UP,0.0,0.0,0.0,-43.13,200.0,0.8677784031784415,4.0,4609.47171,8503.0,8510.0,2025-08-29 02:00:00,4609.47,4487.11,-2.655,-110.18,MH,7.0,0.075,-3.329,6.1,MILD_UP,-0.08497156930126815,-0.08497156930126815,-0.08497156930126815,-110.26497156930128,both
L,200.0,0.9193732666274337,4.0,4350.789984,8646.0,8649.0,2025-09-03 18:00:00,2025-09-03 21:00:00,4350.79,4351.33,0.012,-3.5,ACX,3.0,0.762,-0.258,9.1,DOWN,0.0,0.0,0.0,-3.5,200.0,0.9193732666274337,4.0,4350.789984,8646.0,8654.0,2025-09-04 02:00:00,4350.79,4468.95,2.716,104.63,MHx,8.0,3.162,-0.258,9.1,DOWN,-0.13064633165058254,-0.13064633165058254,-0.13064633165058254,104.49935366834941,both
L,200.0,0.9058211007855055,4.0,4415.883,8692.0,8698.0,2025-09-05 16:00:00,2025-09-05 22:00:00,4415.88,4440.34,0.554,18.16,MFE,6.0,1.779,-1.028,23.2,DOWN,0.0,0.0,0.13822351928018528,18.16,200.0,0.9058211007855055,4.0,4415.883,8692.0,8698.0,2025-09-05 22:00:00,4415.88,4440.34,0.554,18.16,MFE,6.0,1.779,-1.028,23.2,DOWN,0.0,0.0,0.13822351928018528,18.16,both
L,200.0,0.9236006752797352,4.0,4330.876002,8813.0,8819.0,2025-09-10 17:00:00,2025-09-10 23:00:00,4330.88,4398.54,1.562,58.49,MFE,6.0,2.833,-0.584,21.2,DOWN,0.0,0.0,0.0,58.49,200.0,0.9236006752797352,4.0,4330.876002,8813.0,8819.0,2025-09-10 23:00:00,4330.88,4398.54,1.562,58.49,MFE,6.0,2.833,-0.584,21.2,DOWN,0.0,0.0,0.0,58.49,both
L,200.0,0.9053576560963145,4.0,4418.143452,8834.0,8838.0,2025-09-11 14:00:00,2025-09-11 18:00:00,4418.14,4414.13,-0.091,-7.64,ACX,4.0,0.727,-0.303,14.1,SIDE,-0.40188826354115403,-0.40188826354115403,-0.40188826354115403,-8.041888263541153,200.0,0.9053576560963145,4.0,4418.143452,8834.0,8841.0,2025-09-11 21:00:00,4418.14,4423.57,0.123,0.91,MFE,7.0,1.478,-2.02,14.1,SIDE,-0.40188826354115403,-0.40188826354115403,-0.40188826354115403,0.508111736458846,both
L,200.0,0.8984180546185692,4.0,4452.270276,8851.0,8854.0,2025-09-12 07:00:00,2025-09-12 10:00:00,4452.27,4495.67,0.975,34.99,MFE,3.0,1.939,-0.088,0.0,SIDE,-0.1945228355510942,-0.1945228355510942,-0.1945228355510942,34.795477164448904,200.0,0.8984180546185692,4.0,4452.270276,8851.0,8854.0,2025-09-12 10:00:00,4452.27,4495.67,0.975,34.99,MFE,3.0,1.939,-0.088,0.0,SIDE,-0.1945228355510942,-0.1945228355510942,-0.1945228355510942,34.795477164448904,both
L,200.0,0.8831687719661516,4.0,4529.145648,8975.0,8981.0,2025-09-17 11:00:00,2025-09-17 17:00:00,4529.15,4508.38,-0.459,-22.34,BE,6.0,0.551,-1.496,16.2,MILD_UP,-0.2149405735339691,-0.2149405735339691,-0.2149405735339691,-22.55494057353397,200.0,0.8831687719661516,4.0,4529.145648,8975.0,8981.0,2025-09-17 17:00:00,4529.15,4508.38,-0.459,-22.34,BE,6.0,0.551,-1.496,16.2,MILD_UP,-0.2149405735339691,-0.2149405735339691,-0.2149405735339691,-22.55494057353397,both
L,200.0,0.9540600175982953,4.0,4192.608354,9155.0,9160.0,2025-09-24 23:00:00,2025-09-25 04:00:00,4192.61,4158.12,-0.823,-36.91,ACX,5.0,0.08,-0.963,22.2,DOWN,0.14364649105023466,0.14364649105023466,0.14364649105023466,-36.76635350894976,200.0,0.9540600175982953,4.0,4192.608354,9155.0,9161.0,2025-09-25 05:00:00,4192.61,4162.23,-0.725,-32.99,MH,6.0,0.08,-1.117,22.2,DOWN,0.14364649105023466,0.14364649105023466,0.14364649105023466,-32.84635350894977,both
L,200.0,0.9322166625022452,4.0,4290.847997999999,9317.0,9320.0,2025-10-01 17:00:00,2025-10-01 20:00:00,4290.85,4295.02,0.097,-0.11,ACX,3.0,0.612,-0.316,9.1,DOWN,0.0,0.0,0.0,-0.11,200.0,0.9322166625022452,4.0,4290.847997999999,9317.0,9325.0,2025-10-02 01:00:00,4290.85,4321.78,0.721,24.83,MHx,8.0,1.222,-0.341,9.1,DOWN,0.02999693712291694,0.02999693712291694,0.02999693712291694,24.859996937122915,both
L,200.0,0.9231252562111072,4.0,4333.106448,9328.0,9331.0,2025-10-02 04:00:00,2025-10-02 07:00:00,4333.11,4309.69,-0.54,-25.62,ACX,3.0,0.052,-1.121,22.2,DOWN,0.0,0.0,0.0,-25.62,,,,,,,,,,,,,,,,,,,,,,left_only
L,,,,,,,2025-10-02 08:00:00,,,,,,,,,,,,,,,,200.0,0.9202342832743896,4.0,4346.71917,9332.0,9340.0,2025-10-02 16:00:00,4346.72,4372.78,0.599,19.98,MFE,8.0,1.739,-0.382,12.1,DOWN,-0.12207181403762156,-0.1815427940319422,0.0,19.85792818596238,right_only
L,200.0,0.9081227754984902,4.0,4404.690762,9345.0,9353.0,2025-10-02 21:00:00,2025-10-03 05:00:00,4404.69,4488.09,1.893,71.74,MHx,8.0,2.542,-1.645,16.2,DOWN,-0.15037510600148712,-0.15037510600148712,-0.15037510600148712,71.5896248939985,,,,,,,,,,,,,,,,,,,,,,left_only
L,,,,,,,2025-10-02 22:00:00,,,,,,,,,,,,,,,,200.0,0.905827255897097,4.0,4415.852994,9346.0,9354.0,2025-10-03 06:00:00,4415.85,4465.77,1.13,41.21,MFE,8.0,2.283,-1.894,8.1,DOWN,-0.14999499329789537,-0.14999499329789537,-0.14999499329789537,41.060005006702106,right_only
L,200.0,0.8871340195137547,4.0,4508.9016,9359.0,9360.0,2025-10-03 11:00:00,2025-10-03 12:00:00,4508.9,4498.06,-0.24,-13.62,MFE,1.0,1.111,-0.474,1.0,SIDE,0.0,0.0,0.0,-13.62,,,,,,,,,,,,,,,,,,,,,,left_only
L,200.0,0.9899059302194582,4.0,4040.787996,9675.0,9681.0,2025-10-16 15:00:00,2025-10-16 21:00:00,4040.79,4051.72,0.271,6.82,MFE,6.0,1.202,-2.561,17.2,DOWN,-0.030316730024914182,-0.030316730024914182,-0.030316730024914182,6.789683269975086,200.0,0.9899059302194582,4.0,4040.787996,9675.0,9681.0,2025-10-16 21:00:00,4040.79,4051.72,0.271,6.82,MFE,6.0,1.202,-2.561,17.2,DOWN,-0.030316730024914182,-0.030316730024914182,-0.030316730024914182,6.789683269975086,both
L,200.0,0.9951873466403237,4.0,4019.343708,9763.0,9766.0,2025-10-20 07:00:00,2025-10-20 10:00:00,4019.34,3935.35,-2.09,-87.59,ACX,3.0,0.0,-2.798,16.2,DOWN,-0.09828977059437248,-0.09828977059437248,-0.09828977059437248,-87.68828977059438,200.0,0.9951873466403237,4.0,4019.343708,9763.0,9770.0,2025-10-20 14:00:00,4019.34,4058.45,0.973,34.92,MHx,7.0,1.355,-2.798,16.2,DOWN,-0.09828977059437248,-0.09828977059437248,-0.09828977059437248,34.82171022940563,both
L,200.0,1.0281301667364238,4.0,3890.557956,9843.0,9848.0,2025-10-23 15:00:00,2025-10-23 20:00:00,3890.56,3861.09,-0.757,-34.3,ACX,5.0,0.383,-0.859,0.0,SIDE,-0.16646075385454107,-0.16646075385454107,-0.16646075385454107,-34.46646075385454,200.0,1.0281301667364238,4.0,3890.557956,9843.0,9849.0,2025-10-23 21:00:00,3890.56,3850.82,-1.021,-44.86,MH,6.0,0.383,-1.428,0.0,SIDE,-0.16646075385454107,-0.16646075385454107,-0.16646075385454107,-45.02646075385454,both
L,,,,,,,2025-10-28 22:00:00,,,,,,,,,,,,,,,,200.0,0.9620214573614188,4.0,4157.911416,9970.0,9975.0,2025-10-29 03:00:00,4157.91,4112.37,-1.095,-47.81,MH,5.0,0.389,-2.211,22.2,MILD_UP,-0.07075906977427535,-0.07075906977427535,-0.07075906977427535,-47.88075906977428,right_only
L,,,,,,,2025-10-31 20:00:00,,,,,,,,,,,,,,,,200.0,1.0328112702162897,4.0,3872.92443,10040.0,10046.0,2025-11-01 02:00:00,3872.92,3825.91,-1.214,-52.55,MH,6.0,0.364,-1.815,22.2,SIDE,0.05113607445321168,0.05113607445321168,0.05113607445321168,-52.498863925546786,right_only
L,200.0,1.1960940198196546,4.0,3344.21871,10161.0,10167.0,2025-11-05 21:00:00,2025-11-06 03:00:00,3344.22,3459.55,3.449,133.94,TP,6.0,4.015,-0.8,7.1,DOWN,-0.17618273345525298,-0.17618273345525298,-0.17618273345525298,133.76381726654475,200.0,1.1960940198196546,4.0,3344.21871,10161.0,10167.0,2025-11-06 03:00:00,3344.22,3459.55,3.449,133.94,TP,6.0,4.015,-0.8,7.1,DOWN,-0.17618273345525298,-0.17618273345525298,-0.17618273345525298,133.76381726654475,both
L,200.0,1.1485122814785476,4.0,3482.766414,10326.0,10331.0,2025-11-12 18:00:00,2025-11-12 23:00:00,3482.77,3500.24,0.502,16.07,MFE,5.0,3.0,-0.135,19.2,DOWN,0.0,0.0,0.0,16.07,200.0,1.1485122814785476,4.0,3482.766414,10326.0,10331.0,2025-11-12 23:00:00,3482.77,3500.24,0.502,16.07,MFE,5.0,3.0,-0.135,19.2,DOWN,0.0,0.0,0.0,16.07,both
L,200.0,1.2553954062072903,4.0,3186.247122,10442.0,10449.0,2025-11-17 14:00:00,2025-11-17 21:00:00,3186.25,3182.04,-0.132,-9.28,MFE,7.0,1.16,-0.518,21.2,DOWN,-0.4013863178312507,-0.4013863178312507,-0.4013863178312507,-9.681386317831251,200.0,1.2553954062072903,4.0,3186.247122,10442.0,10449.0,2025-11-17 21:00:00,3186.25,3182.04,-0.132,-9.28,MFE,7.0,1.16,-0.518,21.2,DOWN,-0.4013863178312507,-0.4013863178312507,-0.4013863178312507,-9.681386317831251,both
L,200.0,1.3050090259318017,4.0,3065.1129,10471.0,10474.0,2025-11-18 19:00:00,2025-11-18 22:00:00,3065.11,3046.39,-0.611,-28.43,ACX,3.0,0.28,-1.471,22.2,DOWN,0.0,0.0,0.0,-28.43,200.0,1.3050090259318017,4.0,3065.1129,10471.0,10478.0,2025-11-19 02:00:00,3065.11,3133.66,2.236,85.46,MFE,7.0,3.353,-1.471,22.2,DOWN,-0.24022535594595973,-0.24022535594595973,-0.24022535594595973,85.21977464405403,both
L,200.0,1.3182365587039164,4.0,3034.35675,10677.0,10679.0,2025-11-27 09:00:00,2025-11-27 11:00:00,3034.36,3035.14,0.026,-2.96,MFE,2.0,1.175,-0.267,13.1,DOWN,0.0,0.0,0.0,-2.96,200.0,1.3182365587039164,4.0,3034.35675,10677.0,10679.0,2025-11-27 11:00:00,3034.36,3035.14,0.026,-2.96,MFE,2.0,1.175,-0.267,13.1,DOWN,0.0,0.0,0.0,-2.96,both
L,200.0,1.4223322948117192,4.0,2812.2823439999997,10803.0,10806.0,2025-12-02 15:00:00,2025-12-02 18:00:00,2812.28,2796.04,-0.578,-27.1,ACX,3.0,0.04,-1.127,23.2,MILD_UP,-0.2214526298871983,-0.2214526298871983,-0.2214526298871983,-27.3214526298872,200.0,1.4223322948117192,4.0,2812.2823439999997,10803.0,10812.0,2025-12-03 00:00:00,2812.28,3004.95,6.851,270.04,TP,9.0,7.601,-1.127,23.2,MILD_UP,-0.39873235255219974,-0.39873235255219974,-0.2214526298871983,269.6412676474478,both
L,,,,,,,2025-12-03 11:00:00,,,,,,,,,,,,,,,,200.0,1.3201033055290403,4.0,3030.065892,10823.0,10828.0,2025-12-03 16:00:00,3030.07,3055.8,0.849,29.97,MFE,5.0,1.791,-0.343,12.1,MILD_UP,-0.04466483463521988,-0.04466483463521988,0.0,29.92533516536478,right_only
L,200.0,1.3018441576093385,4.0,3072.5643899999995,10832.0,10835.0,2025-12-03 20:00:00,2025-12-03 23:00:00,3072.56,3074.18,0.052,-1.9,MFE,3.0,2.362,-1.385,19.2,MILD_UP,0.0,0.0,0.0,-1.9,,,,,,,,,,,,,,,,,,,,,,left_only
L,200.0,1.2727145939444877,4.0,3142.888452,10949.0,10952.0,2025-12-08 17:00:00,2025-12-08 20:00:00,3142.89,3139.98,-0.092,-7.7,MFE,3.0,1.18,-0.317,8.1,MILD_UP,0.0,0.0,0.0,-7.7,200.0,1.2727145939444877,4.0,3142.888452,10949.0,10952.0,2025-12-08 20:00:00,3142.89,3139.98,-0.092,-7.7,MFE,3.0,1.18,-0.317,8.1,MILD_UP,0.0,0.0,0.0,-7.7,both
L,200.0,1.4026719791689635,4.0,2851.700226,11190.0,11194.0,2025-12-18 18:00:00,2025-12-18 22:00:00,2851.7,2962.28,3.878,151.1,TP,4.0,4.487,-0.13,1.0,DOWN,0.0,0.0,0.0,151.1,200.0,1.4026719791689635,4.0,2851.700226,11190.0,11194.0,2025-12-18 22:00:00,2851.7,2962.28,3.878,151.1,TP,4.0,4.487,-0.13,1.0,DOWN,0.0,0.0,0.0,151.1,both
L,200.0,1.3538482912601795,4.0,2954.5407899999996,11214.0,11220.0,2025-12-19 18:00:00,2025-12-20 00:00:00,2954.54,2962.89,0.282,7.3,MFE,6.0,2.148,-0.442,20.2,DOWN,-0.3689596773079821,-0.3689596773079821,0.0,6.931040322692017,200.0,1.3538482912601795,4.0,2954.5407899999996,11214.0,11220.0,2025-12-20 00:00:00,2954.54,2962.89,0.282,7.3,MFE,6.0,2.148,-0.442,20.2,DOWN,-0.3689596773079821,-0.3689596773079821,0.0,6.931040322692017,both
L,200.0,1.3518118442293152,4.0,2958.99168,11347.0,11353.0,2025-12-25 07:00:00,2025-12-25 13:00:00,2958.99,2943.05,-0.539,-25.55,MH,6.0,0.004,-0.822,12.1,DOWN,-0.2599540017631952,-0.2599540017631952,-0.2599540017631952,-25.809954001763195,200.0,1.3518118442293152,4.0,2958.99168,11347.0,11353.0,2025-12-25 13:00:00,2958.99,2943.05,-0.539,-25.55,MH,6.0,0.004,-0.822,12.1,DOWN,-0.2599540017631952,-0.2599540017631952,-0.2599540017631952,-25.809954001763195,both
L,200.0,1.3406593206083808,4.0,2983.6066020000003,11386.0,11391.0,2025-12-26 22:00:00,2025-12-27 03:00:00,2983.61,2921.28,-2.089,-87.56,MH,5.0,0.011,-3.037,1.0,SIDE,-0.13516702910151288,-0.13516702910151288,-0.13516702910151288,-87.69516702910151,200.0,1.3406593206083808,4.0,2983.6066020000003,11386.0,11391.0,2025-12-27 03:00:00,2983.61,2921.28,-2.089,-87.56,MH,5.0,0.011,-3.037,1.0,SIDE,-0.13516702910151288,-0.13516702910151288,-0.13516702910151288,-87.69516702910151,both
L,200.0,1.3553853995689036,4.0,2951.1901199999998,11472.0,11477.0,2025-12-30 12:00:00,2025-12-30 17:00:00,2951.19,2976.1,0.844,29.77,MFE,5.0,1.756,-0.519,13.1,SIDE,-0.1567105925468306,-0.1567105925468306,-0.1567105925468306,29.61328940745317,200.0,1.3553853995689036,4.0,2951.1901199999998,11472.0,11477.0,2025-12-30 17:00:00,2951.19,2976.1,0.844,29.77,MFE,5.0,1.756,-0.519,13.1,SIDE,-0.1567105925468306,-0.1567105925468306,-0.1567105925468306,29.61328940745317,both
L,200.0,1.3352030448611134,4.0,2995.79904,11483.0,11486.0,2025-12-30 23:00:00,2025-12-31 02:00:00,2995.8,2975.07,-0.692,-31.67,ACX,3.0,0.188,-1.067,20.2,SIDE,-0.3990240947536989,-0.3990240947536989,-0.3990240947536989,-32.0690240947537,200.0,1.3352030448611134,4.0,2995.79904,11483.0,11489.0,2025-12-31 05:00:00,2995.8,2956.92,-1.298,-55.91,MH,6.0,0.188,-1.82,20.2,SIDE,-0.3990240947536989,-0.3990240947536989,-0.3990240947536989,-56.309024094753696,both
L,200.0,1.3328534634351858,4.0,3001.080096,11504.0,11509.0,2025-12-31 20:00:00,2026-01-01 01:00:00,3001.08,2974.23,-0.895,-39.79,ACX,5.0,0.888,-1.449,13.1,SIDE,-0.14029117202208788,-0.14029117202208788,-0.14029117202208788,-39.93029117202209,200.0,1.3328534634351858,4.0,3001.080096,11504.0,11510.0,2026-01-01 02:00:00,3001.08,2973.97,-0.904,-40.14,MH,6.0,0.888,-1.449,13.1,SIDE,-0.14029117202208788,-0.14029117202208788,-0.14029117202208788,-40.28029117202209,both
L,200.0,1.3404031934682517,4.0,2984.176716,11527.0,11530.0,2026-01-01 19:00:00,2026-01-01 22:00:00,2984.18,2980.82,-0.112,-8.49,ACX,3.0,0.26,-0.14,0.0,SIDE,0.0,0.0,0.0,-8.49,200.0,1.3404031934682517,4.0,2984.176716,11527.0,11533.0,2026-01-02 01:00:00,2984.18,2980.75,-0.115,-8.59,MH,6.0,0.326,-0.274,0.0,SIDE,0.0224320763717131,0.0224320763717131,0.0224320763717131,-8.567567923628287,both
L,200.0,1.220507454204423,4.0,3277.325334,11651.0,11654.0,2026-01-06 23:00:00,2026-01-07 02:00:00,3277.33,3193.84,-2.547,-105.89,ACX,3.0,0.718,-2.725,8.1,MILD_UP,-0.1696584084074944,-0.1696584084074944,-0.1696584084074944,-106.0596584084075,200.0,1.220507454204423,4.0,3277.325334,11651.0,11658.0,2026-01-07 06:00:00,3277.33,3274.12,-0.098,-7.92,MH,7.0,0.718,-2.948,8.1,MILD_UP,-0.1696584084074944,-0.1696584084074944,-0.1696584084074944,-8.089658408407495,both
L,,,,,,,2026-01-13 14:00:00,,,,,,,,,,,,,,,,200.0,1.2774222085834408,4.0,3131.3061359999997,11810.0,11817.0,2026-01-13 21:00:00,3131.31,3133.31,0.064,-1.44,BE,7.0,0.538,-0.34,17.2,SIDE,-0.36536289813600004,-0.36536289813600004,-0.36536289813600004,-1.805362898136,right_only
L,,,,,,,2026-01-26 23:00:00,,,,,,,,,,,,,,,,200.0,1.368932758255633,4.0,2921.98428,12131.0,12137.0,2026-01-27 05:00:00,2921.98,2899.59,-0.766,-34.66,MH,6.0,0.959,-1.268,22.2,DOWN,-0.052606184741912164,-0.052606184741912164,-0.052606184741912164,-34.71260618474191,right_only
L,200.0,2.0216359114184645,4.0,1978.59564,12395.0,12398.0,2026-02-06 23:00:00,2026-02-07 02:00:00,1978.6,2066.12,4.423,172.94,TP,3.0,5.63,-0.94,5.1,DOWN,-0.07411161342698602,-0.07411161342698602,-0.07411161342698602,172.865888386573,200.0,2.0216359114184645,4.0,1978.59564,12395.0,12398.0,2026-02-07 02:00:00,1978.6,2066.12,4.423,172.94,TP,3.0,5.63,-0.94,5.1,DOWN,-0.07411161342698602,-0.07411161342698602,-0.07411161342698602,172.865888386573,both
L,200.0,2.03025696008123,4.0,1970.1939599999998,12530.0,12533.0,2026-02-12 14:00:00,2026-02-12 17:00:00,1970.19,1964.2,-0.304,-16.18,ACX,3.0,0.618,-0.711,7.1,DOWN,-0.08950250483525614,-0.08950250483525614,-0.08950250483525614,-16.269502504835256,200.0,2.03025696008123,4.0,1970.1939599999998,12530.0,12537.0,2026-02-12 21:00:00,1970.19,1979.44,0.47,14.78,MFE,7.0,1.559,-0.711,7.1,DOWN,-0.08950250483525614,-0.08950250483525614,-0.08950250483525614,14.690497495164744,both
L,200.0,2.0421690947643665,4.0,1958.701662,12557.0,12560.0,2026-02-13 17:00:00,2026-02-13 20:00:00,1958.7,1958.86,0.008,-3.68,ACX,3.0,0.5,-0.761,16.2,DOWN,0.0,0.0,0.0,-3.68,200.0,2.0421690947643665,4.0,1958.701662,12557.0,12564.0,2026-02-14 00:00:00,1958.7,2033.3,3.809,148.35,TP,7.0,4.661,-0.761,16.2,DOWN,-0.17694720473464326,-0.17694720473464326,0.0,148.17305279526536,both
L,200.0,2.023774061144373,4.0,1976.5052219999998,12629.0,12632.0,2026-02-16 17:00:00,2026-02-16 20:00:00,1976.51,1974.75,-0.089,-7.54,ACX,3.0,0.796,-1.035,11.1,DOWN,0.0,0.0,0.0,-7.54,200.0,2.023774061144373,4.0,1976.5052219999998,12629.0,12634.0,2026-02-16 22:00:00,1976.51,1966.38,-0.512,-24.5,MFE,5.0,2.368,-1.035,11.1,DOWN,0.0,0.0,0.0,-24.5,both
L,200.0,1.9984809306628322,4.0,2001.5202239999999,12675.0,12677.0,2026-02-18 15:00:00,2026-02-18 17:00:00,2001.52,2019.19,0.883,31.3,MFE,2.0,1.836,-0.298,9.1,SIDE,0.1525046747666538,0.1525046747666538,0.1525046747666538,31.452504674766654,200.0,1.9984809306628322,4.0,2001.5202239999999,12675.0,12677.0,2026-02-18 17:00:00,2001.52,2019.19,0.883,31.3,MFE,2.0,1.836,-0.298,9.1,SIDE,0.1525046747666538,0.1525046747666538,0.1525046747666538,31.452504674766654,both
L,200.0,2.150500715167292,4.0,1860.031932,12835.0,12839.0,2026-02-25 07:00:00,2026-02-25 11:00:00,1860.03,1919.57,3.201,124.03,TP,4.0,4.606,-0.771,23.2,DOWN,0.09772844050292358,0.09772844050292358,0.09772844050292358,124.12772844050292,200.0,2.150500715167292,4.0,1860.031932,12835.0,12839.0,2026-02-25 11:00:00,1860.03,1919.57,3.201,124.03,TP,4.0,4.606,-0.771,23.2,DOWN,0.09772844050292358,0.09772844050292358,0.09772844050292358,124.12772844050292,both
L,200.0,2.0772044377794434,4.0,1925.6650559999998,12848.0,12852.0,2026-02-25 20:00:00,2026-02-26 00:00:00,1925.67,2012.46,4.507,176.29,TP,4.0,5.311,-0.23,14.1,DOWN,-0.24055494647667286,-0.24055494647667286,0.0,176.04944505352333,200.0,2.0772044377794434,4.0,1925.6650559999998,12848.0,12852.0,2026-02-26 00:00:00,1925.67,2012.46,4.507,176.29,TP,4.0,5.311,-0.23,14.1,DOWN,-0.24055494647667286,-0.24055494647667286,0.0,176.04944505352333,both
L,200.0,2.0212987217621197,4.0,1978.925706,12971.0,12972.0,2026-03-02 23:00:00,2026-03-03 00:00:00,1978.93,2045.98,3.388,131.54,TP,1.0,4.339,-0.299,8.1,SIDE,0.2786289580245051,0.0,0.2786289580245051,131.8186289580245,200.0,2.0212987217621197,4.0,1978.925706,12971.0,12972.0,2026-03-03 00:00:00,1978.93,2045.98,3.388,131.54,TP,1.0,4.339,-0.299,8.1,SIDE,0.2786289580245051,0.0,0.2786289580245051,131.8186289580245,both
L,200.0,1.9451268038423968,4.0,2056.421202,13157.0,13160.0,2026-03-10 17:00:00,2026-03-10 20:00:00,2056.42,2060.36,0.191,3.66,ACX,3.0,0.855,-0.121,16.2,SIDE,0.0,0.0,0.0,3.66,200.0,1.9451268038423968,4.0,2056.421202,13157.0,13165.0,2026-03-11 01:00:00,2056.42,2079.14,1.105,40.2,MHx,8.0,1.536,-2.366,16.2,SIDE,-0.10802275047783368,-0.10802275047783368,-0.10802275047783368,40.09197724952217,both
L,200.0,1.9295571552484836,4.0,2073.0145199999997,13220.0,13221.0,2026-03-13 08:00:00,2026-03-13 09:00:00,2073.01,2117.74,2.157,82.29,TP,1.0,3.617,-0.189,9.1,MILD_UP,0.0,-0.09054538643559526,0.0,82.29,200.0,1.9295571552484836,4.0,2073.0145199999997,13220.0,13221.0,2026-03-13 09:00:00,2073.01,2117.74,2.157,82.29,TP,1.0,3.617,-0.189,9.1,MILD_UP,0.0,-0.09054538643559526,0.0,82.29,both
L,200.0,1.8812063578525529,4.0,2126.295174,13231.0,13234.0,2026-03-13 19:00:00,2026-03-13 22:00:00,2126.3,2184.1,2.719,104.75,TP,3.0,3.729,-0.433,18.2,MILD_UP,0.0,0.0,0.0,104.75,200.0,1.8812063578525529,4.0,2126.295174,13231.0,13234.0,2026-03-13 22:00:00,2126.3,2184.1,2.719,104.75,TP,3.0,3.729,-0.433,18.2,MILD_UP,0.0,0.0,0.0,104.75,both
L,200.0,1.9400314153749167,4.0,2061.8222819999996,13637.0,13640.0,2026-03-30 17:00:00,2026-03-30 20:00:00,2061.82,2069.99,0.396,11.84,MFE,3.0,1.221,-0.748,23.2,DOWN,0.0,0.0,0.0,11.84,200.0,1.9400314153749167,4.0,2061.8222819999996,13637.0,13640.0,2026-03-30 20:00:00,2061.82,2069.99,0.396,11.84,MFE,3.0,1.221,-0.748,23.2,DOWN,0.0,0.0,0.0,11.84,both
L,200.0,1.8918497759923585,4.0,2114.332782,13677.0,13684.0,2026-04-01 09:00:00,2026-04-01 16:00:00,2114.33,2129.7,0.727,25.08,MFE,7.0,2.065,-1.568,9.1,DOWN,-0.19271909827485237,-0.19271909827485237,0.0,24.887280901725145,200.0,1.8918497759923585,4.0,2114.332782,13677.0,13684.0,2026-04-01 16:00:00,2114.33,2129.7,0.727,25.08,MFE,7.0,2.065,-1.568,9.1,DOWN,-0.19271909827485237,-0.19271909827485237,0.0,24.887280901725145,both
L,200.0,1.785572439520838,4.0,2240.177946,13850.0,13855.0,2026-04-08 14:00:00,2026-04-08 19:00:00,2240.18,2241.24,0.047,-2.1,MFE,5.0,1.008,-0.27,14.1,MILD_UP,-0.23467604810003573,-0.23467604810003573,-0.23467604810003573,-2.334676048100036,200.0,1.785572439520838,4.0,2240.177946,13850.0,13855.0,2026-04-08 19:00:00,2240.18,2241.24,0.047,-2.1,MFE,5.0,1.008,-0.27,14.1,MILD_UP,-0.23467604810003573,-0.23467604810003573,-0.23467604810003573,-2.334676048100036,both
L,200.0,1.8057362375234824,4.0,2215.1629439999997,13904.0,13908.0,2026-04-10 20:00:00,2026-04-11 00:00:00,2215.16,2222.79,0.344,9.76,MFE,4.0,1.913,-0.379,1.0,MILD_UP,0.01798299493402866,0.0,0.01798299493402866,9.777982994934028,,,,,,,,,,,,,,,,,,,,,,left_only
L,200.0,1.685903934830156,4.0,2372.614428,13995.0,14000.0,2026-04-14 15:00:00,2026-04-14 20:00:00,2372.61,2372.65,0.001,-3.95,ACX,5.0,0.956,-0.253,3.0,MILD_UP,-0.4007343075973236,-0.4007343075973236,-0.4007343075973236,-4.350734307597324,200.0,1.685903934830156,4.0,2372.614428,13995.0,14003.0,2026-04-14 23:00:00,2372.61,2351.61,-0.885,-39.41,MFE,8.0,1.845,-0.869,3.0,MILD_UP,-0.4007343075973236,-0.4007343075973236,-0.4007343075973236,-39.81073430759732,both
L,200.0,1.6876540967421791,4.0,2370.1539359999997,14183.0,14187.0,2026-04-22 11:00:00,2026-04-22 15:00:00,2370.15,2391.92,0.918,32.74,MFE,4.0,1.865,-0.545,8.1,MILD_UP,0.0,0.0,0.0,32.74,200.0,1.6876540967421791,4.0,2370.1539359999997,14183.0,14187.0,2026-04-22 15:00:00,2370.15,2391.92,0.918,32.74,MFE,4.0,1.865,-0.545,8.1,MILD_UP,0.0,0.0,0.0,32.74,both
L,200.0,1.6636646046833232,4.0,2404.33077,14193.0,14196.0,2026-04-22 21:00:00,2026-04-23 00:00:00,2404.33,2402.21,-0.088,-7.53,ACX,3.0,0.776,-0.648,1.0,MILD_UP,-0.3116658688355097,-0.3116658688355097,0.0,-7.84166586883551,200.0,1.6636646046833232,4.0,2404.33077,14193.0,14200.0,2026-04-23 04:00:00,2404.33,2396.27,-0.335,-17.41,MH,7.0,0.776,-0.875,1.0,MILD_UP,-0.3116658688355097,-0.3116658688355097,-0.3116658688355097,-17.721665868835508,both
L,200.0,1.7644516134584018,4.0,2266.993308,14398.0,14403.0,2026-05-01 10:00:00,2026-05-01 15:00:00,2266.99,2275.68,0.383,11.34,MFE,5.0,1.235,-0.177,4.0,SIDE,0.0,0.0,0.0,11.34,200.0,1.7644516134584018,4.0,2266.993308,14398.0,14403.0,2026-05-01 15:00:00,2266.99,2275.68,0.383,11.34,MFE,5.0,1.235,-0.177,4.0,SIDE,0.0,0.0,0.0,11.34,both
L,200.0,1.6796586922787473,4.0,2381.436192,14496.0,14499.0,2026-05-05 12:00:00,2026-05-05 15:00:00,2381.44,2377.29,-0.174,-10.96,ACX,3.0,0.358,-0.658,8.1,SIDE,0.0,0.0,0.0,-10.96,200.0,1.6796586922787473,4.0,2381.436192,14496.0,14502.0,2026-05-05 18:00:00,2381.44,2368.14,-0.558,-26.34,MH,6.0,0.358,-0.684,8.1,SIDE,0.09631351419067541,0.09631351419067541,0.09631351419067541,-26.243686485809324,both
L,200.0,1.8688025869251146,4.0,2140.407996,14836.0,14839.0,2026-05-19 16:00:00,2026-05-19 19:00:00,2140.41,2116.98,-1.095,-47.79,ACX,3.0,0.002,-1.62,21.2,DOWN,0.0,-0.22743467591119298,0.0,-47.79,200.0,1.8688025869251146,4.0,2140.407996,14836.0,14841.0,2026-05-19 21:00:00,2140.41,2116.98,-1.095,-47.79,MH,5.0,0.002,-1.62,21.2,DOWN,0.0,-0.22743467591119298,0.0,-47.79,both
L,200.0,1.8899007887036972,4.0,2116.513218,14983.0,14991.0,2026-05-25 19:00:00,2026-05-26 03:00:00,2116.51,2125.47,0.423,12.94,MHx,8.0,1.185,-0.259,21.2,DOWN,-0.1305431297334804,-0.1305431297334804,-0.1305431297334804,12.80945687026652,200.0,1.8899007887036972,4.0,2116.513218,14983.0,14991.0,2026-05-26 03:00:00,2116.51,2125.47,0.423,12.94,MHx,8.0,1.185,-0.259,21.2,DOWN,-0.1305431297334804,-0.1305431297334804,-0.1305431297334804,12.80945687026652,both
L,200.0,2.4101585357576383,4.0,1659.641862,15389.0,15394.0,2026-06-11 17:00:00,2026-06-11 22:00:00,1659.64,1652.11,-0.454,-22.15,ACX,5.0,0.84,-1.123,12.1,DOWN,0.0,0.0,0.0,-22.15,200.0,2.4101585357576383,4.0,1659.641862,15389.0,15395.0,2026-06-11 23:00:00,1659.64,1641.92,-1.068,-46.71,MH,6.0,0.84,-1.303,12.1,DOWN,0.0,0.0,0.0,-46.71,both
L,200.0,2.3026388682385357,4.0,1737.137358,15487.0,15490.0,2026-06-15 19:00:00,2026-06-15 22:00:00,1737.14,1812.94,4.363,170.54,TP,3.0,5.165,-0.23,20.2,SIDE,0.0,0.0,0.0,170.54,200.0,2.3026388682385357,4.0,1737.137358,15487.0,15490.0,2026-06-15 22:00:00,1737.14,1812.94,4.363,170.54,TP,3.0,5.165,-0.23,20.2,SIDE,0.0,0.0,0.0,170.54,both
L,200.0,2.2908075336632794,4.0,1746.109152,15652.0,15659.0,2026-06-22 16:00:00,2026-06-22 23:00:00,1746.11,1753.39,0.417,12.68,MFE,7.0,1.884,-0.203,22.2,MILD_UP,0.0,-0.077624475104979,0.0,12.68,200.0,2.2908075336632794,4.0,1746.109152,15652.0,15659.0,2026-06-22 23:00:00,1746.11,1753.39,0.417,12.68,MFE,7.0,1.884,-0.203,22.2,MILD_UP,0.0,-0.077624475104979,0.0,12.68,both
L,200.0,2.399904080633705,4.0,1666.7332800000001,15692.0,15696.0,2026-06-24 08:00:00,2026-06-24 12:00:00,1666.73,1665.7,-0.062,-6.49,ACX,4.0,0.791,-0.582,1.0,MILD_UP,0.0,-0.18312227640885648,0.0,-6.49,200.0,2.399904080633705,4.0,1666.7332800000001,15692.0,15701.0,2026-06-24 17:00:00,1666.73,1672.23,0.33,9.18,MHx,9.0,0.791,-0.582,1.0,MILD_UP,-0.08876501226961712,-0.2718872886784736,-0.08876501226961712,9.091234987730383,both
L,200.0,2.3823907067989194,4.0,1678.98573,15704.0,15707.0,2026-06-24 20:00:00,2026-06-24 23:00:00,1678.99,1646.36,-1.943,-81.73,ACX,3.0,0.1,-2.501,22.2,SIDE,0.0,0.0,0.0,-81.73,,,,,,,,,,,,,,,,,,,,,,left_only
L,200.0,2.4190515179366243,4.0,1653.540642,15723.0,15726.0,2026-06-25 15:00:00,2026-06-25 18:00:00,1653.54,1647.77,-0.349,-17.96,ACX,3.0,0.33,-0.474,7.1,SIDE,-0.17158589317277537,-0.17158589317277537,-0.17158589317277537,-18.131585893172776,200.0,2.4190515179366243,4.0,1653.540642,15723.0,15729.0,2026-06-25 21:00:00,1653.54,1634.58,-1.146,-49.86,MH,6.0,0.33,-1.847,7.1,SIDE,-0.17158589317277537,-0.17158589317277537,-0.17158589317277537,-50.031585893172775,both
L,200.0,2.434632363933452,4.0,1642.9585260000001,15894.0,15898.0,2026-07-02 18:00:00,2026-07-02 22:00:00,1642.96,1709.82,4.069,158.78,TP,4.0,4.317,-0.14,4.0,DOWN,0.0,0.0,0.0,158.78,200.0,2.434632363933452,4.0,1642.9585260000001,15894.0,15898.0,2026-07-02 22:00:00,1642.96,1709.82,4.069,158.78,TP,4.0,4.317,-0.14,4.0,DOWN,0.0,0.0,0.0,158.78,both
L,200.0,2.3366228812629672,4.0,1711.872306,15910.0,15917.0,2026-07-03 10:00:00,2026-07-03 17:00:00,1711.87,1718.76,0.402,12.09,MFE,7.0,1.488,-0.968,3.0,DOWN,-0.4011981487128515,-0.4011981487128515,-0.4011981487128515,11.688801851287149,200.0,2.3366228812629672,4.0,1711.872306,15910.0,15917.0,2026-07-03 17:00:00,1711.87,1718.76,0.402,12.09,MFE,7.0,1.488,-0.968,3.0,DOWN,-0.4011981487128515,-0.4011981487128515,-0.4011981487128515,11.688801851287149,both
L,200.0,2.2223211006957295,4.0,1799.9199119999998,16183.0,16185.0,2026-07-14 19:00:00,2026-07-14 21:00:00,1799.92,1860.33,3.356,130.25,TP,2.0,3.724,-0.366,13.1,MILD_UP,0.0,0.0,0.0,130.25,200.0,2.2223211006957295,4.0,1799.9199119999998,16183.0,16185.0,2026-07-14 21:00:00,1799.92,1860.33,3.356,130.25,TP,2.0,3.724,-0.366,13.1,MILD_UP,0.0,0.0,0.0,130.25,both
L,200.0,2.126001499113815,4.0,1881.4662179999998,16195.0,16198.0,2026-07-15 07:00:00,2026-07-15 10:00:00,1881.47,1868.96,-0.665,-30.6,ACX,3.0,0.586,-0.844,1.0,MILD_UP,-0.1541199898386908,-0.1541199898386908,-0.1541199898386908,-30.754119989838692,200.0,2.126001499113815,4.0,1881.4662179999998,16195.0,16203.0,2026-07-15 15:00:00,1881.47,1874.45,-0.373,-18.93,BE,8.0,0.586,-0.964,1.0,MILD_UP,-0.1541199898386908,-0.1541199898386908,-0.1541199898386908,-19.08411998983869,both
L,200.0,2.0893916877657355,4.0,1914.43281,16341.0,16350.0,2026-07-21 09:00:00,2026-07-21 18:00:00,1914.43,1940.71,1.373,50.91,MHx,9.0,2.048,-0.567,12.1,MILD_UP,-0.1666677333548582,-0.1666677333548582,-0.1666677333548582,50.74333226664514,200.0,2.0893916877657355,4.0,1914.43281,16341.0,16350.0,2026-07-21 18:00:00,1914.43,1940.71,1.373,50.91,MHx,9.0,2.048,-0.567,12.1,MILD_UP,-0.1666677333548582,-0.1666677333548582,-0.1666677333548582,50.74333226664514,both
L,200.0,2.1103958627799506,4.0,1895.379,16420.0,16424.0,2026-07-24 16:00:00,2026-07-24 20:00:00,1895.38,1882.65,-0.671,-30.86,ACX,4.0,0.0,-1.064,19.2,MILD_UP,0.0,-0.07102579484103179,0.0,-30.86,200.0,2.1103958627799506,4.0,1895.379,16420.0,16427.0,2026-07-24 23:00:00,1895.38,1861.55,-1.785,-75.4,MH,7.0,0.0,-2.596,19.2,MILD_UP,0.0,-0.07102579484103179,0.0,-75.4,both
L,200.0,2.085632417193224,4.0,1917.8835,16567.0,16572.0,2026-07-30 19:00:00,2026-07-31 00:00:00,1917.88,1917.58,-0.016,-4.64,ACX,5.0,0.972,-0.302,8.1,SIDE,-0.07960554047370448,-0.07960554047370448,0.0,-4.7196055404737045,200.0,2.085632417193224,4.0,1917.8835,16567.0,16574.0,2026-07-31 02:00:00,1917.88,1919.51,0.085,-0.62,BE,7.0,0.972,-0.302,8.1,SIDE,-0.07960554047370448,-0.07960554047370448,-0.07960554047370448,-0.6996055404737045,both
L,200.0,2.115195514871744,4.0,1891.07814,16874.0,16882.0,2026-08-12 14:00:00,2026-08-12 22:00:00,1891.08,1900.0,0.472,14.87,MFE,8.0,1.792,-0.351,14.1,SIDE,-0.2915586534145014,-0.2915586534145014,-0.2915586534145014,14.578441346585498,200.0,2.115195514871744,4.0,1891.07814,16874.0,16882.0,2026-08-12 22:00:00,1891.08,1900.0,0.472,14.87,MFE,8.0,1.792,-0.351,14.1,SIDE,-0.2915586534145014,-0.2915586534145014,-0.2915586534145014,14.578441346585498,both
L,200.0,2.0908663982684197,4.0,1913.08254,17012.0,17015.0,2026-08-18 08:00:00,2026-08-18 11:00:00,1913.08,1891.75,-1.115,-48.6,ACX,3.0,0.029,-1.299,13.1,SIDE,0.0,-0.18528294341131774,0.0,-48.6,200.0,2.0908663982684197,4.0,1913.08254,17012.0,17018.0,2026-08-18 14:00:00,1913.08,1894.19,-0.987,-43.5,MH,6.0,0.029,-1.51,13.1,SIDE,0.0,-0.18528294341131774,0.0,-43.5,both
L,200.0,1.7491712343605963,4.0,2286.7972680000003,17071.0,17072.0,2026-08-20 19:00:00,2026-08-20 20:00:00,2286.8,2295.14,0.365,10.59,MFE,1.0,1.399,-0.235,2.0,MILD_UP,0.0,0.0,0.0,10.59,200.0,1.7491712343605963,4.0,2286.7972680000003,17071.0,17072.0,2026-08-20 20:00:00,2286.8,2295.14,0.365,10.59,MFE,1.0,1.399,-0.235,2.0,MILD_UP,0.0,0.0,0.0,10.59,both
L,200.0,1.695503118216316,4.0,2359.1817419999998,17086.0,17092.0,2026-08-21 10:00:00,2026-08-21 16:00:00,2359.18,2371.04,0.502,16.1,MFE,6.0,1.669,-0.977,21.2,MILD_UP,-0.4020395131847372,-0.4020395131847372,0.0,15.697960486815264,200.0,1.695503118216316,4.0,2359.1817419999998,17086.0,17092.0,2026-08-21 16:00:00,2359.18,2371.04,0.502,16.1,MFE,6.0,1.669,-0.977,21.2,MILD_UP,-0.4020395131847372,-0.4020395131847372,0.0,15.697960486815264,both
L,200.0,1.5950862156860268,4.0,2507.70144,17490.0,17495.0,2026-09-07 06:00:00,2026-09-07 11:00:00,2507.7,2510.31,0.104,0.16,MFE,5.0,1.128,-0.883,23.2,SIDE,-0.27075226277466713,-0.27075226277466713,-0.27075226277466713,-0.11075226277466713,200.0,1.5950862156860268,4.0,2507.70144,17490.0,17495.0,2026-09-07 11:00:00,2507.7,2510.31,0.104,0.16,MFE,5.0,1.128,-0.883,23.2,SIDE,-0.27075226277466713,-0.27075226277466713,-0.27075226277466713,-0.11075226277466713,both
S,200.0,1.5229366090345393,4.0,2626.5045940000005,381.0,387.0,2024-09-24 09:00:00,2024-09-24 15:00:00,2626.5,2639.77,-0.505,-24.2,ACX,6.0,0.714,-0.863,33.3,MILD_UP,0.0,0.0,0.0,-24.2,200.0,1.5229366090345393,4.0,2626.5045940000005,381.0,391.0,2024-09-24 19:00:00,2626.5,2646.78,-0.772,-34.88,MH,10.0,0.714,-1.55,33.3,MILD_UP,0.19306100143832453,0.19306100143832453,0.19306100143832453,-34.68693899856168,both
S,200.0,1.5318817164487386,4.0,2611.1676620000003,395.0,398.0,2024-09-24 23:00:00,2024-09-25 02:00:00,2611.17,2647.27,-1.383,-59.3,ACX,3.0,0.236,-1.725,13.1,UP,0.1895964676664259,0.1895964676664259,0.1895964676664259,-59.11040353233357,,,,,,,,,,,,,,,,,,,,,,left_only
S,200.0,1.5290480751346271,4.0,2616.006694,417.0,422.0,2024-09-25 21:00:00,2024-09-26 02:00:00,2616.01,2575.07,1.565,58.59,TP,5.0,2.096,-0.483,14.1,UP,0.1406492055406032,0.1406492055406032,0.1406492055406032,58.73064920554061,200.0,1.5290480751346271,4.0,2616.006694,417.0,422.0,2024-09-26 02:00:00,2616.01,2575.07,1.565,58.59,TP,5.0,2.096,-0.483,14.1,UP,0.1406492055406032,0.1406492055406032,0.1406492055406032,58.73064920554061,both
S,200.0,1.5508660474904277,4.0,2579.204056,562.0,564.0,2024-10-01 22:00:00,2024-10-02 00:00:00,2579.2,2524.04,2.139,81.54,TP,2.0,3.846,-0.443,1.0,MILD_UP,0.32874750943386244,0.0,0.32874750943386244,81.86874750943387,200.0,1.5508660474904277,4.0,2579.204056,562.0,564.0,2024-10-02 00:00:00,2579.2,2524.04,2.139,81.54,TP,2.0,3.846,-0.443,1.0,MILD_UP,0.32874750943386244,0.0,0.32874750943386244,81.86874750943387,both
S,200.0,1.6431740430556947,4.0,2434.3130400000005,748.0,751.0,2024-10-09 16:00:00,2024-10-09 19:00:00,2434.31,2434.14,0.007,-3.71,ACX,3.0,0.332,-0.203,19.2,DOWN,0.0,0.0,0.14563606532276058,-3.71,200.0,1.6431740430556947,4.0,2434.3130400000005,748.0,759.0,2024-10-10 03:00:00,2434.31,2414.72,0.805,28.19,BE,11.0,1.081,-1.533,19.2,DOWN,0.4042766825091648,0.4042766825091648,0.5499127478319255,28.594276682509165,both
S,200.0,1.698846357353899,4.0,2354.5389980000004,761.0,766.0,2024-10-10 05:00:00,2024-10-10 10:00:00,2354.54,2391.12,-1.554,-66.14,ACX,5.0,0.193,-1.928,31.3,DOWN,0.26822881167789614,0.26822881167789614,0.26822881167789614,-65.8717711883221,,,,,,,,,,,,,,,,,,,,,,left_only
S,200.0,1.5419124214868796,4.0,2594.18106,890.0,893.0,2024-10-15 14:00:00,2024-10-15 17:00:00,2594.18,2617.28,-0.891,-39.62,ACX,3.0,0.092,-1.149,6.1,MILD_UP,0.40324093646724873,0.40324093646724873,0.40324093646724873,-39.21675906353275,200.0,1.5419124214868796,4.0,2594.18106,890.0,900.0,2024-10-16 00:00:00,2594.18,2573.09,0.813,28.51,TP,10.0,2.218,-3.646,6.1,MILD_UP,0.7999102421941204,0.40324093646724873,0.7999102421941204,29.30991024219412,both
S,200.0,1.516695538786282,4.0,2637.312432,1053.0,1059.0,2024-10-22 09:00:00,2024-10-22 15:00:00,2637.31,2654.43,-0.649,-29.96,ACX,6.0,0.411,-0.845,34.3,UP,0.0,0.0,0.0,-29.96,200.0,1.516695538786282,4.0,2637.312432,1053.0,1063.0,2024-10-22 19:00:00,2637.31,2632.99,0.164,2.56,MHx,10.0,0.922,-0.845,34.3,UP,0.40141002010944143,0.40141002010944143,0.40141002010944143,2.9614100201094415,both
S,200.0,1.5375274432312387,4.0,2601.57958,1084.0,1087.0,2024-10-23 16:00:00,2024-10-23 19:00:00,2601.58,2581.81,0.76,26.4,ACX,3.0,1.501,-0.341,27.3,MILD_UP,0.0,0.0,0.40008871821633835,26.4,200.0,1.5375274432312387,4.0,2601.57958,1084.0,1092.0,2024-10-24 00:00:00,2601.58,2540.04,2.366,90.62,TP,8.0,2.79,-0.341,27.3,MILD_UP,0.3904696052065415,0.0,0.7905583234228799,91.01046960520655,both
S,200.0,1.5170521079136388,4.0,2636.692556,1277.0,1283.0,2024-10-31 17:00:00,2024-10-31 23:00:00,2636.69,2556.56,3.039,117.56,TP,6.0,3.634,-0.467,10.1,DOWN,0.0,0.0,0.0,117.56,200.0,1.5170521079136388,4.0,2636.692556,1277.0,1283.0,2024-10-31 23:00:00,2636.69,2556.56,3.039,117.56,TP,6.0,3.634,-0.467,10.1,DOWN,0.0,0.0,0.0,117.56,both
S,200.0,1.5992773351902583,4.0,2501.1296740000003,1294.0,1298.0,2024-11-01 10:00:00,2024-11-01 14:00:00,2501.13,2511.04,-0.396,-19.85,ACX,4.0,1.353,-0.754,32.3,DOWN,0.0,0.0,0.0,-19.85,200.0,1.5992773351902583,4.0,2501.1296740000003,1294.0,1304.0,2024-11-01 20:00:00,2501.13,2516.34,-0.608,-28.33,MH,10.0,1.353,-1.005,32.3,DOWN,0.40049544888810906,0.40049544888810906,0.40049544888810906,-27.92950455111189,both
S,200.0,1.2461183887273777,4.0,3209.9678780000004,1584.0,1586.0,2024-11-13 12:00:00,2024-11-13 14:00:00,3209.97,3144.49,2.04,77.59,TP,2.0,2.33,-0.73,4.0,UP,0.0,0.0,0.0,77.59,200.0,1.2461183887273777,4.0,3209.9678780000004,1584.0,1586.0,2024-11-13 14:00:00,3209.97,3144.49,2.04,77.59,TP,2.0,2.33,-0.73,4.0,UP,0.0,0.0,0.0,77.59,both
S,200.0,1.2626118087500453,4.0,3168.036266,1618.0,1620.0,2024-11-14 22:00:00,2024-11-15 00:00:00,3168.04,3079.87,2.783,107.33,TP,2.0,3.5,-0.923,2.0,UP,0.3887897412093577,0.0,0.3887897412093577,107.71878974120935,200.0,1.2626118087500453,4.0,3168.036266,1618.0,1620.0,2024-11-15 00:00:00,3168.04,3079.87,2.783,107.33,TP,2.0,3.5,-0.923,2.0,UP,0.3887897412093577,0.0,0.3887897412093577,107.71878974120935,both
S,200.0,1.28213514848386,4.0,3119.795916,1732.0,1736.0,2024-11-19 16:00:00,2024-11-19 20:00:00,3119.8,3129.21,-0.302,-16.06,ACX,4.0,0.859,-0.405,33.3,MILD_UP,0.0,0.0,0.8495299059811962,-16.06,200.0,1.28213514848386,4.0,3119.795916,1732.0,1742.0,2024-11-20 02:00:00,3119.8,3120.72,-0.03,-5.19,MH,10.0,1.373,-1.049,33.3,MILD_UP,0.611496843949327,0.611496843949327,1.4610267499305232,-4.578503156050673,both
S,200.0,1.1777520503600276,4.0,3396.300604,1900.0,1903.0,2024-11-26 16:00:00,2024-11-26 19:00:00,3396.3,3320.76,2.224,84.96,TP,3.0,2.335,-0.104,29.3,MILD_UP,0.0,0.0,0.49089962473769294,84.96,200.0,1.1777520503600276,4.0,3396.300604,1900.0,1903.0,2024-11-26 19:00:00,3396.3,3320.76,2.224,84.96,TP,3.0,2.335,-0.104,29.3,MILD_UP,0.0,0.0,0.49089962473769294,84.96,both
S,200.0,1.1073316044051928,4.0,3612.2873980000004,2070.0,2073.0,2024-12-03 18:00:00,2024-12-03 21:00:00,3612.29,3608.38,0.108,0.33,ACX,3.0,0.679,-0.253,15.2,UP,0.0,0.0,0.0,0.33,200.0,1.1073316044051928,4.0,3612.2873980000004,2070.0,2074.0,2024-12-03 22:00:00,3612.29,3548.92,1.754,66.17,TP,4.0,2.001,-0.253,15.2,UP,0.0,0.0,0.0,66.17,both
S,200.0,1.043521849593892,4.0,3833.173212,2128.0,2131.0,2024-12-06 04:00:00,2024-12-06 07:00:00,3833.17,3806.52,0.695,23.81,TP,3.0,5.692,-0.82,6.1,UP,0.0,0.0,0.0,23.81,200.0,1.043521849593892,4.0,3833.173212,2128.0,2131.0,2024-12-06 07:00:00,3833.17,3806.52,0.695,23.81,TP,3.0,5.692,-0.82,6.1,UP,0.0,0.0,0.0,23.81,both
S,200.0,1.0880639218578256,4.0,3676.254602,2241.0,2244.0,2024-12-10 21:00:00,2024-12-11 00:00:00,3676.25,3568.79,2.923,112.92,TP,3.0,3.313,-1.529,6.1,MILD_UP,0.38807807745520234,0.0,0.38807807745520234,113.3080780774552,200.0,1.0880639218578256,4.0,3676.254602,2241.0,2244.0,2024-12-11 00:00:00,3676.25,3568.79,2.923,112.92,TP,3.0,3.313,-1.529,6.1,MILD_UP,0.38807807745520234,0.0,0.38807807745520234,113.3080780774552,both
S,200.0,1.1888461465411515,4.0,3364.606944,2621.0,2633.0,2024-12-26 17:00:00,2024-12-27 05:00:00,3364.61,3329.47,1.044,37.78,MHx,12.0,1.772,-0.542,32.3,DOWN,0.2505381511640036,0.2505381511640036,0.2505381511640036,38.030538151164,200.0,1.1888461465411515,4.0,3364.606944,2621.0,2633.0,2024-12-27 05:00:00,3364.61,3329.47,1.044,37.78,MHx,12.0,1.772,-0.542,32.3,DOWN,0.2505381511640036,0.2505381511640036,0.2505381511640036,38.030538151164,both
S,200.0,1.093069999872138,4.0,3659.41797,2910.0,2915.0,2025-01-07 18:00:00,2025-01-07 23:00:00,3659.42,3568.66,2.48,95.2,TP,5.0,4.356,-0.15,6.1,MILD_UP,0.0,0.0,0.0,95.2,200.0,1.093069999872138,4.0,3659.41797,2910.0,2915.0,2025-01-07 23:00:00,3659.42,3568.66,2.48,95.2,TP,5.0,4.356,-0.15,6.1,MILD_UP,0.0,0.0,0.0,95.2,both
S,200.0,1.209577990093121,4.0,3306.93848,2931.0,2939.0,2025-01-08 15:00:00,2025-01-08 23:00:00,3306.94,3369.51,-1.892,-79.69,ACX,8.0,0.013,-2.24,23.2,MILD_UP,0.4056334194750427,0.4056334194750427,0.4056334194750427,-79.28436658052496,200.0,1.209577990093121,4.0,3306.93848,2931.0,2941.0,2025-01-09 01:00:00,3306.94,3313.83,-0.208,-12.34,MH,10.0,0.013,-2.358,23.2,MILD_UP,0.8103570053822109,0.8103570053822109,0.8103570053822109,-11.529642994617788,both
S,200.0,1.2171955824734573,4.0,3286.24262,3268.0,3272.0,2025-01-22 16:00:00,2025-01-22 20:00:00,3286.24,3326.2,-1.216,-52.63,ACX,4.0,0.418,-1.317,18.2,MILD_UP,0.0,0.0,0.40008245039436563,-52.63,200.0,1.2171955824734573,4.0,3286.24262,3268.0,3279.0,2025-01-23 03:00:00,3286.24,3249.57,1.116,40.64,BE,11.0,1.498,-1.384,18.2,MILD_UP,0.3989322005689282,0.3989322005689282,0.7990146509632938,41.03893220056893,both
S,200.0,1.4564782700615262,4.0,2746.35062,3635.0,3636.0,2025-02-06 23:00:00,2025-02-07 00:00:00,2746.35,2704.79,1.513,56.53,TP,1.0,2.404,-0.481,20.2,DOWN,-0.3051443134380271,-0.3051443134380271,0.0,56.22485568656197,200.0,1.4564782700615262,4.0,2746.35062,3635.0,3636.0,2025-02-07 00:00:00,2746.35,2704.79,1.513,56.53,TP,1.0,2.404,-0.481,20.2,DOWN,-0.3051443134380271,-0.3051443134380271,0.0,56.22485568656197,both
S,200.0,1.5195931951154875,4.0,2632.283438,3754.0,3763.0,2025-02-11 22:00:00,2025-02-12 07:00:00,2632.28,2585.41,1.781,67.23,TP,9.0,3.017,-1.671,19.2,DOWN,-0.04998724791581507,-0.04998724791581507,-0.04998724791581507,67.1800127520842,200.0,1.5195931951154875,4.0,2632.283438,3754.0,3763.0,2025-02-12 07:00:00,2632.28,2585.41,1.781,67.23,TP,9.0,3.017,-1.671,19.2,DOWN,-0.04998724791581507,-0.04998724791581507,-0.04998724791581507,67.1800127520842,both
S,200.0,1.5070630052480531,4.0,2654.1690599999997,3800.0,3810.0,2025-02-13 20:00:00,2025-02-14 06:00:00,2654.17,2666.13,-0.451,-22.03,MH,10.0,1.637,-0.891,0.0,DOWN,0.04096865023880446,0.04096865023880446,0.04096865023880446,-21.9890313497612,200.0,1.5070630052480531,4.0,2654.1690599999997,3800.0,3810.0,2025-02-14 06:00:00,2654.17,2666.13,-0.451,-22.03,MH,10.0,1.637,-0.891,0.0,DOWN,0.04096865023880446,0.04096865023880446,0.04096865023880446,-21.9890313497612,both
S,200.0,1.4756293812935017,4.0,2710.70775,3972.0,3975.0,2025-02-21 00:00:00,2025-02-21 03:00:00,2710.71,2737.02,-0.971,-42.82,ACX,3.0,0.187,-1.45,31.3,MILD_UP,0.0,0.0,0.256221005750251,-42.82,200.0,1.4756293812935017,4.0,2710.70775,3972.0,3982.0,2025-02-21 10:00:00,2710.71,2740.86,-1.112,-48.49,MH,10.0,0.187,-2.098,31.3,MILD_UP,0.14433977074806387,0.14433977074806387,0.40056077649831484,-48.34566022925194,both
S,200.0,1.6450996772269195,4.0,2431.46361,4113.0,4115.0,2025-02-26 21:00:00,2025-02-26 23:00:00,2431.46,2435.22,-0.154,-10.17,TP,2.0,2.598,-0.31,3.0,DOWN,0.0,0.0,0.0,-10.17,200.0,1.6450996772269195,4.0,2431.46361,4113.0,4115.0,2025-02-26 23:00:00,2431.46,2435.22,-0.154,-10.17,TP,2.0,2.598,-0.31,3.0,DOWN,0.0,0.0,0.0,-10.17,both
S,200.0,1.7338245547267632,4.0,2307.0385,4139.0,4143.0,2025-02-27 23:00:00,2025-02-28 03:00:00,2307.04,2326.28,-0.834,-37.35,ACX,4.0,0.753,-1.297,14.1,DOWN,0.20243499255901157,0.20243499255901157,0.20243499255901157,-37.14756500744099,200.0,1.7338245547267632,4.0,2307.0385,4139.0,4145.0,2025-02-28 05:00:00,2307.04,2255.55,2.232,85.27,TP,6.0,2.942,-1.297,14.1,DOWN,0.20243499255901157,0.20243499255901157,0.20243499255901157,85.472434992559,both
S,200.0,1.897669729224438,4.0,2107.848346,4240.0,4244.0,2025-03-04 04:00:00,2025-03-04 08:00:00,2107.85,2148.65,-1.936,-81.43,ACX,4.0,0.604,-3.077,26.3,DOWN,-0.17562044779098163,-0.17562044779098163,0.0,-81.60562044779098,200.0,1.897669729224438,4.0,2107.848346,4240.0,4246.0,2025-03-04 10:00:00,2107.85,2056.06,2.457,94.28,TP,6.0,3.986,-3.077,26.3,DOWN,-0.17562044779098163,-0.17562044779098163,-0.17562044779098163,94.10437955220902,both
S,200.0,2.108469694191804,4.0,1897.110502,4587.0,4599.0,2025-03-18 15:00:00,2025-03-19 03:00:00,1897.11,1889.84,0.383,11.33,MHx,12.0,1.369,-0.801,24.2,DOWN,0.22263961540444394,0.22263961540444394,0.22263961540444394,11.552639615404445,200.0,2.108469694191804,4.0,1897.110502,4587.0,4599.0,2025-03-19 03:00:00,1897.11,1889.84,0.383,11.33,MHx,12.0,1.369,-0.801,24.2,DOWN,0.22263961540444394,0.22263961540444394,0.22263961540444394,11.552639615404445,both
S,200.0,1.984415612259255,4.0,2015.706778,4634.0,4639.0,2025-03-20 14:00:00,2025-03-20 19:00:00,2015.71,1982.11,1.667,62.68,TP,5.0,2.252,-0.291,26.3,DOWN,0.061835341211518215,0.061835341211518215,0.061835341211518215,62.74183534121152,200.0,1.984415612259255,4.0,2015.706778,4634.0,4639.0,2025-03-20 19:00:00,2015.71,1982.11,1.667,62.68,TP,5.0,2.252,-0.291,26.3,DOWN,0.061835341211518215,0.061835341211518215,0.061835341211518215,62.74183534121152,both
S,200.0,1.973647290986679,4.0,2026.7045779999999,4786.0,4792.0,2025-03-26 22:00:00,2025-03-27 04:00:00,2026.7,1999.3,1.352,50.09,TP,6.0,2.284,-0.502,10.1,MILD_UP,-0.08874617641455489,-0.08874617641455489,-0.08874617641455489,50.00125382358545,200.0,1.973647290986679,4.0,2026.7045779999999,4786.0,4792.0,2025-03-27 04:00:00,2026.7,1999.3,1.352,50.09,TP,6.0,2.284,-0.502,10.1,MILD_UP,-0.08874617641455489,-0.08874617641455489,-0.08874617641455489,50.00125382358545,both
S,200.0,2.0013807565867308,4.0,1998.620196,4824.0,4825.0,2025-03-28 12:00:00,2025-03-28 13:00:00,1998.62,1936.7,3.098,119.93,TP,1.0,5.1,-0.263,25.3,MILD_UP,0.0,0.0,0.0,119.93,200.0,2.0013807565867308,4.0,1998.620196,4824.0,4825.0,2025-03-28 13:00:00,1998.62,1936.7,3.098,119.93,TP,1.0,5.1,-0.263,25.3,MILD_UP,0.0,0.0,0.0,119.93,both
S,200.0,2.1566725747849187,4.0,1854.7089839999999,4946.0,4949.0,2025-04-02 14:00:00,2025-04-02 17:00:00,1854.71,1867.28,-0.678,-31.12,ACX,3.0,0.217,-1.123,24.2,DOWN,-0.0018093177037212219,-0.0018093177037212219,-0.0018093177037212219,-31.121809317703722,200.0,2.1566725747849187,4.0,1854.7089839999999,4946.0,4956.0,2025-04-03 00:00:00,1854.71,1900.47,-2.467,-102.69,MH,10.0,0.217,-3.412,24.2,DOWN,0.17284290579572567,-0.0018093177037212219,0.17284290579572567,-102.51715709420428,both
S,200.0,2.232103593543819,4.0,1792.0315220000002,4975.0,4977.0,2025-04-03 19:00:00,2025-04-03 21:00:00,1792.03,1758.92,1.848,69.9,TP,2.0,2.487,-0.546,4.0,DOWN,0.0,0.0,0.0,69.9,200.0,2.232103593543819,4.0,1792.0315220000002,4975.0,4977.0,2025-04-03 21:00:00,1792.03,1758.92,1.848,69.9,TP,2.0,2.487,-0.546,4.0,DOWN,0.0,0.0,0.0,69.9,both
S,200.0,2.6143211051348105,4.0,1530.033932,5099.0,5101.0,2025-04-08 23:00:00,2025-04-09 01:00:00,1530.03,1486.3,2.859,110.34,TP,2.0,3.189,-0.551,26.3,DOWN,-0.057191981543583174,-0.057191981543583174,-0.057191981543583174,110.28280801845642,200.0,2.6143211051348105,4.0,1530.033932,5099.0,5101.0,2025-04-09 01:00:00,1530.03,1486.3,2.859,110.34,TP,2.0,3.189,-0.551,26.3,DOWN,-0.057191981543583174,-0.057191981543583174,-0.057191981543583174,110.28280801845642,both
S,200.0,2.513065427155783,4.0,1591.6816000000001,5141.0,5146.0,2025-04-10 17:00:00,2025-04-10 22:00:00,1591.68,1568.55,1.453,54.12,TP,5.0,2.305,-2.257,17.2,DOWN,0.0,0.0,0.0,54.12,200.0,2.513065427155783,4.0,1591.6816000000001,5141.0,5146.0,2025-04-10 22:00:00,1591.68,1568.55,1.453,54.12,TP,5.0,2.305,-2.257,17.2,DOWN,0.0,0.0,0.0,54.12,both
S,200.0,2.4702854214587866,4.0,1619.2460859999999,5267.0,5273.0,2025-04-15 23:00:00,2025-04-16 05:00:00,1619.25,1594.71,1.515,56.61,TP,6.0,2.083,-0.724,33.3,DOWN,0.013407149282434642,0.013407149282434642,0.013407149282434642,56.623407149282436,200.0,2.4702854214587866,4.0,1619.2460859999999,5267.0,5273.0,2025-04-16 05:00:00,1619.25,1594.71,1.515,56.61,TP,6.0,2.083,-0.724,33.3,DOWN,0.013407149282434642,0.013407149282434642,0.013407149282434642,56.623407149282436,both
S,200.0,2.2496627080701788,4.0,1778.0443200000002,5471.0,5477.0,2025-04-24 11:00:00,2025-04-24 17:00:00,1778.04,1734.15,2.469,94.75,TP,6.0,3.196,-0.698,0.0,MILD_UP,0.2855115487784916,0.2855115487784916,0.2855115487784916,95.03551154877849,200.0,2.2496627080701788,4.0,1778.0443200000002,5471.0,5477.0,2025-04-24 17:00:00,1778.04,1734.15,2.469,94.75,TP,6.0,3.196,-0.698,0.0,MILD_UP,0.2855115487784916,0.2855115487784916,0.2855115487784916,95.03551154877849,both
S,200.0,2.2943130537690926,4.0,1743.441242,5495.0,5498.0,2025-04-25 11:00:00,2025-04-25 14:00:00,1743.44,1766.97,-1.35,-57.99,ACX,3.0,0.255,-1.604,32.3,MILD_UP,0.0,0.0,0.0,-57.99,200.0,2.2943130537690926,4.0,1743.441242,5495.0,5505.0,2025-04-25 21:00:00,1743.44,1772.35,-1.658,-70.34,MH,10.0,0.255,-3.359,32.3,MILD_UP,0.31911480187224683,0.31911480187224683,0.31911480187224683,-70.02088519812776,both
S,200.0,2.2548865793629003,4.0,1773.925144,5625.0,5626.0,2025-04-30 21:00:00,2025-04-30 22:00:00,1773.93,1740.49,1.885,71.4,TP,1.0,2.273,-0.07,5.1,UP,0.0,0.0,0.0,71.4,200.0,2.2548865793629003,4.0,1773.925144,5625.0,5626.0,2025-04-30 22:00:00,1773.93,1740.49,1.885,71.4,TP,1.0,2.273,-0.07,5.1,UP,0.0,0.0,0.0,71.4,both
S,200.0,2.184963988089962,4.0,1830.693788,5666.0,5672.0,2025-05-02 14:00:00,2025-05-02 20:00:00,1830.69,1832.76,-0.113,-8.51,ACX,6.0,1.021,-0.322,17.2,MILD_UP,-0.2299226976564819,-0.2299226976564819,-0.2299226976564819,-8.739922697656482,200.0,2.184963988089962,4.0,1830.693788,5666.0,5676.0,2025-05-03 00:00:00,1830.69,1840.58,-0.54,-25.6,MH,10.0,1.021,-1.25,17.2,MILD_UP,-0.25356720825022233,-0.25356720825022233,-0.2299226976564819,-25.853567208250222,both
S,200.0,1.5526174456137654,4.0,2576.294638,5974.0,5980.0,2025-05-15 10:00:00,2025-05-15 16:00:00,2576.29,2530.11,1.793,67.71,TP,6.0,2.426,-0.814,20.2,UP,0.3927671878343599,0.0,0.3927671878343599,68.10276718783436,200.0,1.5526174456137654,4.0,2576.294638,5974.0,5980.0,2025-05-15 16:00:00,2576.29,2530.11,1.793,67.71,TP,6.0,2.426,-0.814,20.2,UP,0.3927671878343599,0.0,0.3927671878343599,68.10276718783436,both
S,200.0,1.6110237055122258,4.0,2482.893322,6105.0,6113.0,2025-05-20 21:00:00,2025-05-21 05:00:00,2482.89,2513.08,-1.216,-52.64,ACX,8.0,1.792,-1.606,24.2,MILD_UP,0.04693175617635336,0.04693175617635336,0.04693175617635336,-52.593068243823645,200.0,1.6110237055122258,4.0,2482.893322,6105.0,6115.0,2025-05-21 07:00:00,2482.89,2515.84,-1.327,-57.08,MH,10.0,1.792,-1.737,24.2,MILD_UP,0.04693175617635336,0.04693175617635336,0.04693175617635336,-57.03306824382364,both
S,200.0,1.519114290499843,4.0,2633.113272,6286.0,6289.0,2025-05-28 10:00:00,2025-05-28 13:00:00,2633.11,2646.16,-0.495,-23.82,ACX,3.0,0.612,-0.712,29.3,MILD_UP,0.0,0.0,0.0,-23.82,200.0,1.519114290499843,4.0,2633.113272,6286.0,6296.0,2025-05-28 20:00:00,2633.11,2656.52,-0.889,-39.56,MH,10.0,1.03,-0.981,29.3,MILD_UP,0.4003413036611666,0.4003413036611666,0.4003413036611666,-39.15965869633884,both
S,200.0,1.514043792538773,4.0,2641.931508,6324.0,6333.0,2025-05-30 00:00:00,2025-05-30 09:00:00,2641.93,2572.75,2.618,100.74,TP,9.0,3.253,-1.17,27.3,MILD_UP,0.29779400503413533,0.29779400503413533,0.6306993265145588,101.03779400503413,200.0,1.514043792538773,4.0,2641.931508,6324.0,6333.0,2025-05-30 09:00:00,2641.93,2572.75,2.618,100.74,TP,9.0,3.253,-1.17,27.3,MILD_UP,0.29779400503413533,0.29779400503413533,0.6306993265145588,101.03779400503413,both
S,200.0,1.4512110328133017,4.0,2756.3186259999998,6647.0,6651.0,2025-06-12 11:00:00,2025-06-12 15:00:00,2756.32,2767.71,-0.413,-20.54,ACX,4.0,0.41,-0.726,34.3,MILD_UP,0.0,0.0,0.0,-20.54,200.0,1.4512110328133017,4.0,2756.3186259999998,6647.0,6659.0,2025-06-12 23:00:00,2756.32,2764.0,-0.279,-15.15,BE,12.0,1.652,-0.726,34.3,MILD_UP,0.3976304243862118,0.3976304243862118,0.3976304243862118,-14.75236957561379,both
S,200.0,1.4718293608137611,4.0,2717.70635,6660.0,6665.0,2025-06-13 00:00:00,2025-06-13 05:00:00,2717.71,2638.4,2.918,112.73,TP,5.0,3.807,-1.923,8.1,MILD_UP,0.0,0.0,0.2133626725345069,112.73,,,,,,,,,,,,,,,,,,,,,,left_only
S,200.0,1.5581017392851326,4.0,2567.226452,7178.0,7182.0,2025-07-04 14:00:00,2025-07-04 18:00:00,2567.23,2551.1,0.628,21.13,ACX,4.0,1.615,-0.069,4.0,MILD_UP,0.2613168300277392,0.2613168300277392,0.2613168300277392,21.391316830027737,200.0,1.5581017392851326,4.0,2567.226452,7178.0,7187.0,2025-07-04 23:00:00,2567.23,2515.87,2.0,76.01,TP,9.0,2.836,-0.069,4.0,MILD_UP,0.2613168300277392,0.2613168300277392,0.2613168300277392,76.27131683002774,both
S,200.0,1.3445220541639942,4.0,2975.0348740000004,7438.0,7442.0,2025-07-15 10:00:00,2025-07-15 14:00:00,2975.03,2974.04,0.033,-2.67,ACX,4.0,1.48,-0.363,26.3,UP,0.0,0.0,0.0,-2.67,200.0,1.3445220541639942,4.0,2975.0348740000004,7438.0,7447.0,2025-07-15 19:00:00,2975.03,2973.69,0.045,-2.2,BE,9.0,1.48,-0.649,26.3,UP,0.4001768215911004,0.4001768215911004,0.4001768215911004,-1.7998231784088998,both
S,200.0,1.096578307449761,4.0,3647.710312,7618.0,7621.0,2025-07-22 22:00:00,2025-07-23 01:00:00,3647.71,3718.01,-1.927,-81.09,ACX,3.0,0.595,-2.804,28.3,UP,0.4076845060452816,0.4076845060452816,0.4076845060452816,-80.68231549395472,200.0,1.096578307449761,4.0,3647.710312,7618.0,7626.0,2025-07-23 06:00:00,3647.71,3705.85,-1.594,-67.76,MH,8.0,0.595,-2.804,28.3,UP,0.4076845060452816,0.4076845060452816,0.4076845060452816,-67.35231549395472,both
S,200.0,1.093850008484393,4.0,3656.808492,7638.0,7642.0,2025-07-23 18:00:00,2025-07-23 22:00:00,3656.81,3587.37,1.899,71.96,TP,4.0,2.1,-0.635,15.2,UP,0.0,0.0,0.0,71.96,200.0,1.093850008484393,4.0,3656.808492,7638.0,7642.0,2025-07-23 22:00:00,3656.81,3587.37,1.899,71.96,TP,4.0,2.1,-0.635,15.2,UP,0.0,0.0,0.0,71.96,both
S,200.0,1.106991511082091,4.0,3613.397176,7679.0,7682.0,2025-07-25 11:00:00,2025-07-25 14:00:00,3613.4,3632.88,-0.539,-25.56,ACX,3.0,1.197,-1.013,9.1,UP,0.0,0.0,0.0,-25.56,200.0,1.106991511082091,4.0,3613.397176,7679.0,7687.0,2025-07-25 19:00:00,3613.4,3718.94,-2.921,-120.84,MH,8.0,1.197,-3.681,9.1,UP,0.4020224668797937,0.4020224668797937,0.4020224668797937,-120.4379775331202,both
S,200.0,1.0650027977437122,4.0,3755.858678,7808.0,7812.0,2025-07-30 20:00:00,2025-07-31 00:00:00,3755.86,3796.52,-1.083,-47.3,ACX,4.0,0.223,-1.999,30.3,MILD_UP,0.06225442330128058,0.0,0.06225442330128058,-47.237745576698714,200.0,1.0650027977437122,4.0,3755.858678,7808.0,7816.0,2025-07-31 04:00:00,3755.86,3759.45,-0.096,-7.83,TP,8.0,2.286,-1.999,30.3,MILD_UP,0.06225442330128058,0.06225442330128058,0.06225442330128058,-7.76774557669872,both
S,200.0,1.0621809541341123,4.0,3765.836682,7835.0,7844.0,2025-07-31 23:00:00,2025-08-01 08:00:00,3765.84,3697.32,1.819,68.78,TP,9.0,2.22,-1.358,4.0,MILD_UP,-0.19465667672797926,-0.19465667672797926,-0.047454956629592884,68.58534332327203,,,,,,,,,,,,,,,,,,,,,,left_only
S,200.0,1.1077148426340637,4.0,3611.0376480000004,7948.0,7951.0,2025-08-05 16:00:00,2025-08-05 19:00:00,3611.04,3681.66,-1.956,-82.23,ACX,3.0,0.122,-2.25,30.3,DOWN,0.0,0.0,0.12466458782265234,-82.23,200.0,1.1077148426340637,4.0,3611.0376480000004,7948.0,7960.0,2025-08-06 04:00:00,3611.04,3570.89,1.112,40.47,MHx,12.0,1.552,-2.25,30.3,DOWN,0.054170314827535676,0.054170314827535676,0.17883490265018803,40.524170314827536,both
S,200.0,0.8498255359801533,4.0,4706.848442,8167.0,8169.0,2025-08-14 19:00:00,2025-08-14 21:00:00,4706.85,4569.4,2.92,112.8,TP,2.0,4.48,-0.64,19.2,UP,0.0,0.0,0.0,112.8,200.0,0.8498255359801533,4.0,4706.848442,8167.0,8169.0,2025-08-14 21:00:00,4706.85,4569.4,2.92,112.8,TP,2.0,4.48,-0.64,19.2,UP,0.0,0.0,0.0,112.8,both
S,200.0,0.8906996515905841,4.0,4490.8516500000005,8195.0,8196.0,2025-08-15 23:00:00,2025-08-16 00:00:00,4490.85,4429.61,1.364,50.55,TP,1.0,2.189,-0.171,6.1,UP,0.25538314998097317,0.0,0.25538314998097317,50.80538314998097,200.0,0.8906996515905841,4.0,4490.8516500000005,8195.0,8196.0,2025-08-16 00:00:00,4490.85,4429.61,1.364,50.55,TP,1.0,2.189,-0.171,6.1,UP,0.25538314998097317,0.0,0.25538314998097317,50.80538314998097,both
S,,,,,,,2025-09-04 14:00:00,,,,,,,,,,,,,,,,200.0,0.9149265941195721,4.0,4371.935438,8666.0,8677.0,2025-09-05 01:00:00,4371.94,4295.5,1.748,65.93,TP,11.0,2.027,-1.374,26.3,DOWN,-0.179915321890462,-0.179915321890462,-0.179915321890462,65.75008467810954,right_only
S,200.0,0.8947353477324128,4.0,4470.595702,8962.0,8965.0,2025-09-16 22:00:00,2025-09-17 01:00:00,4470.6,4462.01,0.192,3.68,ACX,3.0,1.109,-0.02,29.3,MILD_UP,0.08139131888782011,0.08139131888782011,0.08139131888782011,3.7613913188878203,200.0,0.8947353477324128,4.0,4470.595702,8962.0,8972.0,2025-09-17 08:00:00,4470.6,4500.31,-0.665,-30.59,MH,10.0,1.109,-1.176,29.3,MILD_UP,0.17877773772935865,0.08139131888782011,0.17877773772935865,-30.41122226227064,both
S,200.0,0.8797878727975631,4.0,4546.550508,9024.0,9036.0,2025-09-19 12:00:00,2025-09-20 00:00:00,4546.55,4473.18,1.614,60.55,TP,12.0,2.293,-0.231,16.2,MILD_UP,-0.20621159152424892,-0.20621159152424892,-0.036082872240775464,60.343788408475746,200.0,0.8797878727975631,4.0,4546.550508,9024.0,9036.0,2025-09-20 00:00:00,4546.55,4473.18,1.614,60.55,TP,12.0,2.293,-0.231,16.2,MILD_UP,-0.20621159152424892,-0.20621159152424892,-0.036082872240775464,60.343788408475746,both
S,200.0,0.9657027244343938,4.0,4142.061422000001,9162.0,9168.0,2025-09-25 06:00:00,2025-09-25 12:00:00,4142.06,4060.57,1.967,74.69,TP,6.0,2.947,-0.476,26.3,DOWN,-0.34478207432124375,-0.34478207432124375,-0.34478207432124375,74.34521792567875,200.0,0.9657027244343938,4.0,4142.061422000001,9162.0,9168.0,2025-09-25 12:00:00,4142.06,4060.57,1.967,74.69,TP,6.0,2.947,-0.476,26.3,DOWN,-0.34478207432124375,-0.34478207432124375,-0.34478207432124375,74.34521792567875,both
S,200.0,0.8571649284050508,4.0,4666.546504,9459.0,9463.0,2025-10-07 15:00:00,2025-10-07 19:00:00,4666.55,4691.02,-0.524,-24.98,ACX,4.0,0.655,-0.627,20.2,UP,0.4008814652112594,0.4008814652112594,0.4008814652112594,-24.57911853478874,200.0,0.8571649284050508,4.0,4666.546504,9459.0,9468.0,2025-10-08 00:00:00,4666.55,4511.2,3.329,129.16,TP,9.0,4.149,-1.874,20.2,UP,0.7874982827214959,0.4008814652112594,0.7874982827214959,129.94749828272148,both
S,200.0,0.900709878593284,4.0,4440.941634,9480.0,9484.0,2025-10-08 12:00:00,2025-10-08 16:00:00,4440.94,4461.97,-0.474,-22.94,ACX,4.0,0.726,-0.523,27.3,UP,0.24261522226526971,0.0,0.24261522226526971,-22.697384777734733,200.0,0.900709878593284,4.0,4440.941634,9480.0,9488.0,2025-10-08 20:00:00,4440.94,4486.11,-1.017,-44.68,MH,8.0,0.726,-1.442,27.3,UP,0.24261522226526971,0.24261522226526971,0.24261522226526971,-44.43738477773473,both
S,200.0,0.907054602842142,4.0,4409.877848,9503.0,9506.0,2025-10-09 11:00:00,2025-10-09 14:00:00,4409.88,4453.42,-0.987,-43.5,ACX,3.0,0.0,-1.11,25.3,UP,0.0,0.0,0.0,-43.5,200.0,0.907054602842142,4.0,4409.877848,9503.0,9509.0,2025-10-09 17:00:00,4409.88,4327.13,1.877,71.06,TP,6.0,2.115,-1.11,25.3,UP,-0.009069831087983461,-0.009069831087983461,-0.009069831087983461,71.05093016891202,both
S,200.0,0.9352668039750256,4.0,4276.854458,9539.0,9540.0,2025-10-10 23:00:00,2025-10-11 00:00:00,4276.85,4101.3,4.105,160.19,TP,1.0,4.896,-0.106,15.2,MILD_UP,-0.19738965416999,-0.19738965416999,0.0,159.99261034583,200.0,0.9352668039750256,4.0,4276.854458,9539.0,9540.0,2025-10-11 00:00:00,4276.85,4101.3,4.105,160.19,TP,1.0,4.896,-0.106,15.2,MILD_UP,-0.19738965416999,-0.19738965416999,0.0,159.99261034583,both
S,200.0,0.9833503320680161,4.0,4067.726292,9626.0,9627.0,2025-10-14 14:00:00,2025-10-14 15:00:00,4067.73,4002.42,1.605,60.22,TP,1.0,2.54,-0.555,29.3,DOWN,0.0,0.0,0.0,60.22,200.0,0.9833503320680161,4.0,4067.726292,9626.0,9627.0,2025-10-14 15:00:00,4067.73,4002.42,1.605,60.22,TP,1.0,2.54,-0.555,29.3,DOWN,0.0,0.0,0.0,60.22,both
S,200.0,1.0476727096646825,4.0,3817.98625,9699.0,9701.0,2025-10-17 15:00:00,2025-10-17 17:00:00,3817.99,3708.11,2.878,111.11,TP,2.0,3.017,-0.136,5.1,DOWN,0.22148887550121166,0.22148887550121166,0.22148887550121166,111.33148887550121,200.0,1.0476727096646825,4.0,3817.98625,9699.0,9701.0,2025-10-17 17:00:00,3817.99,3708.11,2.878,111.11,TP,2.0,3.017,-0.136,5.1,DOWN,0.22148887550121166,0.22148887550121166,0.22148887550121166,111.33148887550121,both
S,200.0,1.0202453097309403,4.0,3920.625718,9792.0,9793.0,2025-10-21 12:00:00,2025-10-21 13:00:00,3920.63,3849.99,1.802,68.07,TP,1.0,2.018,-0.02,33.3,DOWN,0.0,0.0,0.0,68.07,200.0,1.0202453097309403,4.0,3920.625718,9792.0,9793.0,2025-10-21 13:00:00,3920.63,3849.99,1.802,68.07,TP,1.0,2.018,-0.02,33.3,DOWN,0.0,0.0,0.0,68.07,both
S,200.0,1.0430620680388896,4.0,3834.8628740000004,9822.0,9825.0,2025-10-22 18:00:00,2025-10-22 21:00:00,3834.86,3845.56,-0.279,-15.16,ACX,3.0,1.822,-0.534,21.2,DOWN,0.0,0.0,0.0,-15.16,200.0,1.0430620680388896,4.0,3834.8628740000004,9822.0,9834.0,2025-10-23 06:00:00,3834.86,3743.29,2.388,91.52,TP,12.0,3.352,-1.061,21.2,DOWN,0.09580118551065563,0.09580118551065563,0.09580118551065563,91.61580118551065,both
S,200.0,0.9772302431429271,4.0,4093.201196,9959.0,9964.0,2025-10-28 11:00:00,2025-10-28 16:00:00,4093.2,4116.18,-0.561,-26.46,ACX,5.0,0.706,-0.8,23.2,MILD_UP,0.18561476631493534,0.0,0.18561476631493534,-26.274385233685067,200.0,0.9772302431429271,4.0,4093.201196,9959.0,9969.0,2025-10-28 21:00:00,4093.2,4120.82,-0.675,-30.99,MH,10.0,0.706,-1.008,23.2,MILD_UP,0.18561476631493534,0.18561476631493534,0.18561476631493534,-30.804385233685064,both
S,200.0,1.012801826737179,4.0,3949.439954,9996.0,9999.0,2025-10-30 00:00:00,2025-10-30 03:00:00,3949.44,3916.07,0.845,29.79,TP,3.0,2.872,-1.713,14.1,MILD_UP,0.0,0.0,0.15663132626525308,29.79,200.0,1.012801826737179,4.0,3949.439954,9996.0,9999.0,2025-10-30 03:00:00,3949.44,3916.07,0.845,29.79,TP,3.0,2.872,-1.713,14.1,MILD_UP,0.0,0.0,0.15663132626525308,29.79,both
S,200.0,1.0485211365876432,4.0,3814.896868,10017.0,10022.0,2025-10-30 21:00:00,2025-10-31 02:00:00,3814.9,3770.41,1.166,42.64,TP,5.0,2.33,-0.527,12.1,MILD_UP,-0.25287192233387235,-0.25287192233387235,-0.25287192233387235,42.38712807766613,200.0,1.0485211365876432,4.0,3814.896868,10017.0,10022.0,2025-10-31 02:00:00,3814.9,3770.41,1.166,42.64,TP,5.0,2.33,-0.527,12.1,MILD_UP,-0.25287192233387235,-0.25287192233387235,-0.25287192233387235,42.38712807766613,both
S,200.0,1.182430283085764,4.0,3382.863292,10179.0,10182.0,2025-11-06 15:00:00,2025-11-06 18:00:00,3382.86,3382.18,0.02,-3.19,ACX,3.0,0.737,-0.325,21.2,DOWN,0.1992122358576233,0.1992122358576233,0.1992122358576233,-2.9907877641423766,200.0,1.182430283085764,4.0,3382.863292,10179.0,10188.0,2025-11-07 00:00:00,3382.86,3300.67,2.43,93.19,TP,9.0,3.183,-0.929,21.2,DOWN,0.20198267001089323,0.1992122358576233,0.20198267001089323,93.39198267001089,both
S,200.0,1.2124224689778917,4.0,3299.180032,10206.0,10208.0,2025-11-07 18:00:00,2025-11-07 20:00:00,3299.18,3259.27,1.21,44.39,TP,2.0,2.277,-0.298,23.2,DOWN,0.0,0.0,0.0,44.39,200.0,1.2124224689778917,4.0,3299.180032,10206.0,10208.0,2025-11-07 20:00:00,3299.18,3259.27,1.21,44.39,TP,2.0,2.277,-0.298,23.2,DOWN,0.0,0.0,0.0,44.39,both
S,200.0,1.133053381638579,4.0,3530.283802,10306.0,10310.0,2025-11-11 22:00:00,2025-11-12 02:00:00,3530.28,3472.19,1.645,61.82,TP,4.0,2.471,-0.453,29.3,DOWN,0.11145684621080218,0.11145684621080218,0.11145684621080218,61.9314568462108,200.0,1.133053381638579,4.0,3530.283802,10306.0,10310.0,2025-11-12 02:00:00,3530.28,3472.19,1.645,61.82,TP,4.0,2.471,-0.453,29.3,DOWN,0.11145684621080218,0.11145684621080218,0.11145684621080218,61.9314568462108,both
S,200.0,1.1817387461991087,4.0,3384.842896,10356.0,10358.0,2025-11-14 00:00:00,2025-11-14 02:00:00,3384.84,3255.05,3.835,149.38,TP,2.0,3.925,-0.388,33.3,DOWN,0.0,0.0,0.09287396869063301,149.38,200.0,1.1817387461991087,4.0,3384.842896,10356.0,10358.0,2025-11-14 02:00:00,3384.84,3255.05,3.835,149.38,TP,2.0,3.925,-0.388,33.3,DOWN,0.0,0.0,0.09287396869063301,149.38,both
S,200.0,1.3263845215467875,4.0,3015.7167360000003,10490.0,10493.0,2025-11-19 14:00:00,2025-11-19 17:00:00,3015.72,3079.75,-2.123,-88.93,ACX,3.0,0.214,-2.763,19.2,DOWN,0.2751662513260757,0.2751662513260757,0.2751662513260757,-88.65483374867394,200.0,1.3263845215467875,4.0,3015.7167360000003,10490.0,10501.0,2025-11-20 01:00:00,3015.72,2949.46,2.197,83.88,TP,11.0,2.676,-3.225,19.2,DOWN,0.4014804035470132,0.4014804035470132,0.4014804035470132,84.28148040354701,both
S,200.0,1.3541240603520717,4.0,2953.9390940000003,10524.0,10525.0,2025-11-21 00:00:00,2025-11-21 01:00:00,2953.94,2861.78,3.12,120.79,TP,1.0,3.654,-0.209,22.2,DOWN,0.0,0.0,0.2715733956835604,120.79,200.0,1.3541240603520717,4.0,2953.9390940000003,10524.0,10525.0,2025-11-21 01:00:00,2953.94,2861.78,3.12,120.79,TP,1.0,3.654,-0.209,22.2,DOWN,0.0,0.0,0.2715733956835604,120.79,both
S,200.0,1.3939147443312137,4.0,2869.6159620000003,10637.0,10642.0,2025-11-25 17:00:00,2025-11-25 22:00:00,2869.62,2906.65,-1.291,-55.62,ACX,5.0,0.217,-2.226,18.2,DOWN,0.0,0.0,0.0,-55.62,200.0,1.3939147443312137,4.0,2869.6159620000003,10637.0,10647.0,2025-11-26 03:00:00,2869.62,2923.47,-1.877,-79.07,MH,10.0,0.509,-3.045,18.2,DOWN,0.022430375371601727,0.022430375371601727,0.022430375371601727,-79.0475696246284,both
S,200.0,1.376813644258461,4.0,2905.258832,10662.0,10669.0,2025-11-26 18:00:00,2025-11-27 01:00:00,2905.26,2945.74,-1.393,-59.73,ACX,7.0,0.625,-1.845,28.3,DOWN,0.07599495331508611,0.07599495331508611,0.07599495331508611,-59.65400504668491,200.0,1.376813644258461,4.0,2905.258832,10662.0,10670.0,2025-11-27 02:00:00,2905.26,3025.03,-4.123,-168.91,SN,8.0,0.625,-4.407,28.3,DOWN,0.07599495331508611,0.07599495331508611,0.07599495331508611,-168.83400504668492,both
S,200.0,1.3379528599818096,4.0,2989.641952,10689.0,10692.0,2025-11-27 21:00:00,2025-11-28 00:00:00,2989.64,3010.28,-0.69,-31.62,ACX,3.0,0.195,-0.791,15.2,DOWN,0.03978592540742296,0.0,0.03978592540742296,-31.58021407459258,200.0,1.3379528599818096,4.0,2989.641952,10689.0,10699.0,2025-11-28 07:00:00,2989.64,3010.01,-0.681,-31.25,MH,10.0,0.195,-1.801,15.2,DOWN,0.03978592540742296,0.03978592540742296,0.03978592540742296,-31.210214074592578,both
S,,,,,,,2025-12-04 22:00:00,,,,,,,,,,,,,,,,200.0,1.262324977371673,4.0,3168.756122,10858.0,10864.0,2025-12-05 04:00:00,3168.76,3118.28,1.593,59.71,TP,6.0,3.28,-1.859,0.0,MILD_UP,0.38973157177540596,0.38973157177540596,0.38973157177540596,60.09973157177541,right_only
S,200.0,1.2729199589030915,4.0,3142.3813980000004,10859.0,10864.0,2025-12-04 23:00:00,2025-12-05 04:00:00,3142.38,3118.28,0.767,26.67,TP,5.0,2.469,-2.714,4.0,MILD_UP,0.39300267777361625,0.39300267777361625,0.39300267777361625,27.063002677773618,,,,,,,,,,,,,,,,,,,,,,left_only
S,200.0,1.2914388787491062,4.0,3097.320412,10882.0,10885.0,2025-12-05 22:00:00,2025-12-06 01:00:00,3097.32,3032.3,2.099,79.97,TP,3.0,3.242,-1.927,34.3,MILD_UP,0.19586778446935516,0.19586778446935516,0.19586778446935516,80.16586778446936,200.0,1.2914388787491062,4.0,3097.320412,10882.0,10885.0,2025-12-06 01:00:00,3097.32,3032.3,2.099,79.97,TP,3.0,3.242,-1.927,34.3,MILD_UP,0.19586778446935516,0.19586778446935516,0.19586778446935516,80.16586778446936,both
S,200.0,1.2668136383311823,4.0,3157.528368,11027.0,11031.0,2025-12-11 23:00:00,2025-12-12 03:00:00,3157.53,3202.75,-1.432,-61.29,ACX,4.0,0.135,-2.387,0.0,MILD_UP,0.10532520496102261,0.10532520496102261,0.10532520496102261,-61.18467479503898,200.0,1.2668136383311823,4.0,3157.528368,11027.0,11037.0,2025-12-12 09:00:00,3157.53,3188.25,-0.973,-42.92,MH,10.0,0.135,-3.639,0.0,MILD_UP,0.09515936197911722,0.09515936197911722,0.09515936197911722,-42.82484063802089,both
S,200.0,1.3031922345381128,4.0,3069.386,11052.0,11056.0,2025-12-13 00:00:00,2025-12-13 04:00:00,3069.39,3072.55,-0.103,-8.13,ACX,4.0,0.922,-0.941,11.1,MILD_UP,0.0,-0.009448359479336126,0.0,-8.13,200.0,1.3031922345381128,4.0,3069.386,11052.0,11062.0,2025-12-13 10:00:00,3069.39,3083.81,-0.47,-22.79,MH,10.0,0.922,-0.941,11.1,MILD_UP,0.0042994576765515964,-0.00514890180278453,0.0042994576765515964,-22.785700542323447,both
S,200.0,1.3523161082826338,4.0,2957.888304,11307.0,11312.0,2025-12-23 15:00:00,2025-12-23 20:00:00,2957.89,2972.65,-0.499,-23.97,ACX,5.0,0.226,-0.56,28.3,DOWN,0.27212170618867293,0.27212170618867293,0.27212170618867293,-23.697878293811325,200.0,1.3523161082826338,4.0,2957.888304,11307.0,11318.0,2025-12-24 02:00:00,2957.89,2909.98,1.62,60.78,BE,11.0,1.981,-0.56,28.3,DOWN,0.3766455878171768,0.3766455878171768,0.3766455878171768,61.15664558781718,both
S,200.0,1.3710714356811684,4.0,2917.426398,11334.0,11338.0,2025-12-24 18:00:00,2025-12-24 22:00:00,2917.43,2930.33,-0.442,-21.69,ACX,4.0,0.014,-0.683,29.3,DOWN,0.0,0.0,0.0,-21.69,200.0,1.3710714356811684,4.0,2917.426398,11334.0,11344.0,2025-12-25 04:00:00,2917.43,2945.37,-0.958,-42.31,MH,10.0,1.051,-1.281,29.3,DOWN,0.2257012021100604,0.2257012021100604,0.2257012021100604,-42.08429879788994,both
S,200.0,1.3657637906129367,4.0,2928.76413,11357.0,11361.0,2025-12-25 17:00:00,2025-12-25 21:00:00,2928.76,2927.19,0.054,-1.84,ACX,4.0,0.636,-0.058,0.0,DOWN,0.0,0.0,0.0,-1.84,200.0,1.3657637906129367,4.0,2928.76413,11357.0,11367.0,2025-12-26 03:00:00,2928.76,2958.48,-1.015,-44.59,MH,10.0,0.636,-1.408,0.0,DOWN,0.20088494596524575,0.20088494596524575,0.20088494596524575,-44.38911505403476,both
S,200.0,1.2889217297839255,4.0,3103.369202,11691.0,11701.0,2026-01-08 15:00:00,2026-01-09 01:00:00,3103.37,3121.44,-0.582,-27.3,MH,10.0,1.641,-1.042,28.3,MILD_UP,0.3105571859528407,0.3105571859528407,0.3105571859528407,-26.98944281404716,200.0,1.2889217297839255,4.0,3103.369202,11691.0,11701.0,2026-01-09 01:00:00,3103.37,3121.44,-0.582,-27.3,MH,10.0,1.641,-1.042,28.3,MILD_UP,0.3105571859528407,0.3105571859528407,0.3105571859528407,-26.98944281404716,both
S,200.0,1.2260959596057683,4.0,3262.387392,11892.0,11898.0,2026-01-17 00:00:00,2026-01-17 06:00:00,3262.39,3293.53,-0.955,-42.18,ACX,6.0,0.134,-1.101,4.0,MILD_UP,0.0,0.0,0.11070247968883765,-42.18,200.0,1.2260959596057683,4.0,3262.387392,11892.0,11902.0,2026-01-17 10:00:00,3262.39,3289.92,-0.844,-37.75,MH,10.0,0.134,-1.118,4.0,MILD_UP,0.3381554263927219,0.3381554263927219,0.4488579060815595,-37.411844573607276,both
S,200.0,1.2552278128051575,4.0,3186.672538,11971.0,11975.0,2026-01-20 07:00:00,2026-01-20 11:00:00,3186.67,3191.86,-0.163,-10.51,ACX,4.0,0.68,-0.41,11.1,MILD_UP,0.34460229049848,0.34460229049848,0.34460229049848,-10.16539770950152,200.0,1.2552278128051575,4.0,3186.672538,11971.0,11979.0,2026-01-20 15:00:00,3186.67,3115.82,2.223,84.93,TP,8.0,2.511,-0.41,11.1,MILD_UP,0.34460229049848,0.34460229049848,0.34460229049848,85.27460229049849,both
S,200.0,1.3654980886959391,4.0,2929.3340160000002,12009.0,12012.0,2026-01-21 21:00:00,2026-01-22 00:00:00,2929.33,3001.82,-2.474,-102.98,ACX,3.0,0.347,-3.302,22.2,MILD_UP,0.04561252273390457,0.0,0.04561252273390457,-102.9343874772661,200.0,1.3654980886959391,4.0,2929.3340160000002,12009.0,12014.0,2026-01-22 02:00:00,2929.33,2902.59,0.913,32.52,TP,5.0,2.22,-3.302,22.2,MILD_UP,0.04561252273390457,0.04561252273390457,0.04561252273390457,32.56561252273391,both
S,,,,,,,2026-01-23 17:00:00,,,,,,,,,,,,,,,,200.0,1.3671919597961948,4.0,2925.704742,12053.0,12063.0,2026-01-24 03:00:00,2925.7,2987.78,-2.122,-88.87,MH,10.0,1.214,-3.238,16.2,DOWN,0.2035612901911891,0.2035612901911891,0.2035612901911891,-88.66643870980882,right_only
S,,,,,,,2026-01-29 23:00:00,,,,,,,,,,,,,,,,200.0,1.3916843178221736,4.0,2874.215042,12203.0,12204.0,2026-01-30 00:00:00,2874.22,2823.21,1.774,66.98,TP,1.0,2.755,-0.062,11.1,DOWN,-0.045847900059000524,-0.045847900059000524,0.0,66.934152099941,right_only
S,200.0,1.7464031987847493,4.0,2290.421824,12318.0,12322.0,2026-02-03 18:00:00,2026-02-03 22:00:00,2290.42,2311.52,-0.921,-40.85,ACX,4.0,0.923,-1.132,21.2,DOWN,0.0,0.0,0.0,-40.85,200.0,1.7464031987847493,4.0,2290.421824,12318.0,12325.0,2026-02-04 01:00:00,2290.42,2240.33,2.187,83.48,TP,7.0,2.456,-1.132,21.2,DOWN,-0.1569341102020589,-0.1569341102020589,-0.1569341102020589,83.32306588979795,both
S,200.0,1.8207635483370679,4.0,2196.880536,12346.0,12348.0,2026-02-04 22:00:00,2026-02-05 00:00:00,2196.88,2150.87,2.094,79.77,TP,2.0,2.817,-1.308,16.2,DOWN,-0.23949186040954026,-0.23949186040954026,0.0,79.53050813959045,200.0,1.8207635483370679,4.0,2196.880536,12346.0,12348.0,2026-02-05 00:00:00,2196.88,2150.87,2.094,79.77,TP,2.0,2.817,-1.308,16.2,DOWN,-0.23949186040954026,-0.23949186040954026,0.0,79.53050813959045,both
S,200.0,2.0540308248529127,4.0,1947.3904440000001,12507.0,12513.0,2026-02-11 15:00:00,2026-02-11 21:00:00,1947.39,1951.6,-0.216,-12.65,ACX,6.0,0.873,-0.993,21.2,DOWN,-0.5193315278555218,-0.5193315278555218,-0.5193315278555218,-13.169331527855523,200.0,2.0540308248529127,4.0,1947.3904440000001,12507.0,12516.0,2026-02-12 00:00:00,1947.39,1928.44,0.973,34.93,TP,9.0,2.371,-3.494,21.2,DOWN,-1.0075962218932992,-1.0075962218932992,-0.5193315278555218,33.9224037781067,both
S,200.0,2.0543577872994225,4.0,1947.080506,12540.0,12541.0,2026-02-13 00:00:00,2026-02-13 01:00:00,1947.08,1908.2,1.997,75.87,TP,1.0,2.738,-0.099,7.1,DOWN,0.0,-0.16416506638123302,0.0,75.87,200.0,2.0543577872994225,4.0,1947.080506,12540.0,12541.0,2026-02-13 01:00:00,1947.08,1908.2,1.997,75.87,TP,1.0,2.738,-0.099,7.1,DOWN,0.0,-0.16416506638123302,0.0,75.87,both
S,200.0,2.0313992323009153,4.0,1969.086104,12682.0,12688.0,2026-02-18 22:00:00,2026-02-19 04:00:00,1969.09,1940.21,1.467,54.66,TP,6.0,2.41,-2.068,19.2,DOWN,-0.034914904335445154,-0.034914904335445154,-0.034914904335445154,54.62508509566455,200.0,2.0313992323009153,4.0,1969.086104,12682.0,12688.0,2026-02-19 04:00:00,1969.09,1940.21,1.467,54.66,TP,6.0,2.41,-2.068,19.2,DOWN,-0.034914904335445154,-0.034914904335445154,-0.034914904335445154,54.62508509566455,both
S,200.0,2.083522198109585,4.0,1919.8259580000001,12706.0,12712.0,2026-02-19 22:00:00,2026-02-20 04:00:00,1919.83,1940.53,-1.078,-47.13,ACX,6.0,0.746,-1.465,12.1,DOWN,-0.3154939327160811,-0.3154939327160811,-0.3154939327160811,-47.44549393271608,200.0,2.083522198109585,4.0,1919.8259580000001,12706.0,12716.0,2026-02-20 08:00:00,1919.83,1948.54,-1.496,-63.83,MH,10.0,0.746,-1.728,12.1,DOWN,-0.5037104012424433,-0.5037104012424433,-0.3154939327160811,-64.33371040124244,both
S,200.0,2.2047835115353283,4.0,1814.2370799999999,12826.0,12829.0,2026-02-24 22:00:00,2026-02-25 01:00:00,1814.24,1857.8,-2.401,-100.05,ACX,3.0,0.672,-2.667,28.3,DOWN,-0.12109602074635627,-0.12109602074635627,-0.12109602074635627,-100.17109602074635,200.0,2.2047835115353283,4.0,1814.2370799999999,12826.0,12836.0,2026-02-25 08:00:00,1814.24,1851.46,-2.052,-86.07,MH,10.0,0.672,-2.775,28.3,DOWN,-0.22129131606024105,-0.22129131606024105,-0.12109602074635627,-86.29129131606024,both
S,200.0,1.95140041558077,4.0,2049.809956,12875.0,12877.0,2026-02-26 23:00:00,2026-02-27 01:00:00,2049.81,1983.29,3.245,125.81,TP,2.0,3.611,-0.129,0.0,DOWN,0.15570082595500867,0.15570082595500867,0.15570082595500867,125.96570082595501,200.0,1.95140041558077,4.0,2049.809956,12875.0,12877.0,2026-02-27 01:00:00,2049.81,1983.29,3.245,125.81,TP,2.0,3.611,-0.129,0.0,DOWN,0.15570082595500867,0.15570082595500867,0.15570082595500867,125.96570082595501,both
S,200.0,2.0210144271731694,4.0,1979.20408,12895.0,12898.0,2026-02-27 19:00:00,2026-02-27 22:00:00,1979.2,1962.43,0.847,29.9,TP,3.0,2.183,-0.194,27.3,DOWN,0.0,0.0,0.0,29.9,200.0,2.0210144271731694,4.0,1979.20408,12895.0,12898.0,2026-02-27 22:00:00,1979.2,1962.43,0.847,29.9,TP,3.0,2.183,-0.194,27.3,DOWN,0.0,0.0,0.0,29.9,both
S,200.0,1.9012498978434664,4.0,2103.87914,13036.0,13039.0,2026-03-05 16:00:00,2026-03-05 19:00:00,2103.88,2155.51,-2.454,-102.17,ACX,3.0,0.544,-2.81,7.1,MILD_UP,0.0,-0.03348891794591737,0.0,-102.17,200.0,1.9012498978434664,4.0,2103.87914,13036.0,13045.0,2026-03-06 01:00:00,2103.88,2079.59,1.155,42.19,TP,9.0,2.297,-2.81,7.1,MILD_UP,-0.05802815910328329,-0.09151707704920066,-0.05802815910328329,42.13197184089672,both
S,200.0,1.943352954049869,4.0,2058.2982580000003,13062.0,13066.0,2026-03-06 18:00:00,2026-03-06 22:00:00,2058.3,2018.92,1.913,72.52,TP,4.0,2.002,-0.487,4.0,MILD_UP,0.0,0.0,0.0,72.52,200.0,1.943352954049869,4.0,2058.2982580000003,13062.0,13066.0,2026-03-06 22:00:00,2058.3,2018.92,1.913,72.52,TP,4.0,2.002,-0.487,4.0,MILD_UP,0.0,0.0,0.0,72.52,both
S,200.0,1.7306894379983417,4.0,2311.217664,13351.0,13352.0,2026-03-18 19:00:00,2026-03-18 20:00:00,2311.22,2268.55,1.846,69.84,TP,1.0,2.129,-0.312,19.2,UP,0.0,0.0,0.0,69.84,200.0,1.7306894379983417,4.0,2311.217664,13351.0,13352.0,2026-03-18 20:00:00,2311.22,2268.55,1.846,69.84,TP,1.0,2.129,-0.312,19.2,UP,0.0,0.0,0.0,69.84,both
S,200.0,1.8477142157938764,4.0,2164.836946,13372.0,13378.0,2026-03-19 16:00:00,2026-03-19 22:00:00,2164.84,2137.1,1.281,47.25,TP,6.0,2.676,-1.254,11.1,UP,0.0,-0.0348465061105767,0.0,47.25,200.0,1.8477142157938764,4.0,2164.836946,13372.0,13378.0,2026-03-19 22:00:00,2164.84,2137.1,1.281,47.25,TP,6.0,2.676,-1.254,11.1,UP,0.0,-0.0348465061105767,0.0,47.25,both
S,200.0,1.8883902144461309,4.0,2118.206274,13538.0,13542.0,2026-03-26 14:00:00,2026-03-26 18:00:00,2118.21,2081.71,1.723,64.93,TP,4.0,2.134,-0.379,20.2,DOWN,0.02865710333360952,0.02865710333360952,0.02865710333360952,64.95865710333362,200.0,1.8883902144461309,4.0,2118.206274,13538.0,13542.0,2026-03-26 18:00:00,2118.21,2081.71,1.723,64.93,TP,4.0,2.134,-0.379,20.2,DOWN,0.02865710333360952,0.02865710333360952,0.02865710333360952,64.95865710333362,both
S,200.0,1.9612823044536745,4.0,2039.4820220000001,13566.0,13567.0,2026-03-27 18:00:00,2026-03-27 19:00:00,2039.48,1990.1,2.421,92.86,TP,1.0,2.85,-0.208,26.3,DOWN,0.0,0.0,0.0,92.86,200.0,1.9612823044536745,4.0,2039.4820220000001,13566.0,13567.0,2026-03-27 19:00:00,2039.48,1990.1,2.421,92.86,TP,1.0,2.85,-0.208,26.3,DOWN,0.0,0.0,0.0,92.86,both
S,200.0,1.97483583019414,4.0,2025.4848220000001,13713.0,13716.0,2026-04-02 21:00:00,2026-04-03 00:00:00,2025.48,2058.87,-1.648,-69.93,ACX,3.0,0.49,-2.296,23.2,DOWN,-0.2961179246077613,-0.2961179246077613,0.0,-70.22611792460776,200.0,1.97483583019414,4.0,2025.4848220000001,13713.0,13723.0,2026-04-03 07:00:00,2025.48,2059.49,-1.679,-71.16,MH,10.0,0.49,-2.494,23.2,DOWN,-0.2961179246077613,-0.2961179246077613,-0.2961179246077613,-71.45611792460775,both
S,200.0,1.9525146580278696,4.0,2048.64019,13737.0,13740.0,2026-04-03 21:00:00,2026-04-04 00:00:00,2048.64,2050.72,-0.102,-8.06,ACX,3.0,0.409,-0.401,14.1,DOWN,-0.03835123960215073,-0.03835123960215073,0.0,-8.09835123960215,200.0,1.9525146580278696,4.0,2048.64019,13737.0,13747.0,2026-04-04 07:00:00,2048.64,2051.5,-0.14,-9.58,MH,10.0,0.409,-0.603,14.1,DOWN,-0.03835123960215073,-0.03835123960215073,-0.03835123960215073,-9.61835123960215,both
S,200.0,1.9158259437300404,4.0,2087.872342,13831.0,13837.0,2026-04-07 19:00:00,2026-04-08 01:00:00,2087.87,2083.03,0.232,5.28,ACX,6.0,1.43,-0.257,28.3,MILD_UP,0.041072091569924155,0.041072091569924155,0.041072091569924155,5.321072091569924,200.0,1.9158259437300404,4.0,2087.872342,13831.0,13841.0,2026-04-08 05:00:00,2087.87,2114.99,-1.299,-55.96,MH,10.0,1.43,-1.769,28.3,MILD_UP,0.041072091569924155,0.041072091569924155,0.041072091569924155,-55.91892790843008,both
S,200.0,1.8229122306762136,4.0,2194.2910540000003,13859.0,13862.0,2026-04-08 23:00:00,2026-04-09 02:00:00,2194.29,2231.15,-1.68,-71.18,ACX,3.0,0.065,-2.022,13.1,MILD_UP,0.27092083783339344,0.27092083783339344,0.27092083783339344,-70.90907916216662,,,,,,,,,,,,,,,,,,,,,,left_only
S,200.0,1.8371255470242254,4.0,2177.31445,13870.0,13875.0,2026-04-09 10:00:00,2026-04-09 15:00:00,2177.31,2180.97,-0.168,-10.71,ACX,5.0,0.211,-0.517,5.1,MILD_UP,0.0,0.0,0.0,-10.71,,,,,,,,,,,,,,,,,,,,,,left_only
S,,,,,,,2026-04-09 22:00:00,,,,,,,,,,,,,,,,200.0,1.848619200554478,4.0,2163.777158,13882.0,13892.0,2026-04-10 08:00:00,2163.78,2189.36,-1.182,-51.29,MH,10.0,0.359,-3.807,4.0,MILD_UP,0.12915537645720912,0.07856611267545326,0.12915537645720912,-51.16084462354279,right_only
S,200.0,1.8963474930711874,4.0,2109.3180519999996,14840.0,14846.0,2026-05-19 20:00:00,2026-05-20 02:00:00,2109.32,2115.28,-0.283,-15.31,ACX,6.0,0.766,-0.836,24.2,DOWN,0.1435235345911694,0.1435235345911694,0.1435235345911694,-15.16647646540883,200.0,1.8963474930711874,4.0,2109.3180519999996,14840.0,14850.0,2026-05-20 06:00:00,2109.32,2116.42,-0.337,-17.47,MH,10.0,0.766,-0.836,24.2,DOWN,0.1435235345911694,0.1435235345911694,0.1435235345911694,-17.32647646540883,both
S,200.0,1.8829155634354484,4.0,2124.365042,14907.0,14913.0,2026-05-22 15:00:00,2026-05-22 21:00:00,2124.37,2134.64,-0.484,-23.34,ACX,6.0,0.311,-0.61,1.0,DOWN,0.12390329692117519,0.12390329692117519,0.12390329692117519,-23.216096703078826,200.0,1.8829155634354484,4.0,2124.365042,14907.0,14918.0,2026-05-23 02:00:00,2124.37,2119.04,0.25,6.02,BE,11.0,0.629,-0.61,1.0,DOWN,0.36096810793212575,0.36096810793212575,0.36096810793212575,6.380968107932126,both
S,200.0,1.9386163761093966,4.0,2063.327252,15034.0,15037.0,2026-05-27 22:00:00,2026-05-28 01:00:00,2063.33,2069.73,-0.31,-16.42,ACX,3.0,0.474,-0.789,27.3,DOWN,0.24477035153316534,0.24477035153316534,0.24477035153316534,-16.175229648466836,200.0,1.9386163761093966,4.0,2063.327252,15034.0,15042.0,2026-05-28 06:00:00,2063.33,2020.49,2.076,79.04,TP,8.0,2.392,-0.789,27.3,DOWN,0.24477035153316534,0.24477035153316534,0.24477035153316534,79.28477035153317,both
S,200.0,2.02732292850657,4.0,1973.0453120000002,15178.0,15179.0,2026-06-02 22:00:00,2026-06-02 23:00:00,1973.05,1941.05,1.622,60.87,TP,1.0,2.486,-0.073,24.2,DOWN,0.0,0.0,0.0,60.87,200.0,2.02732292850657,4.0,1973.0453120000002,15178.0,15179.0,2026-06-02 23:00:00,1973.05,1941.05,1.622,60.87,TP,1.0,2.486,-0.073,24.2,DOWN,0.0,0.0,0.0,60.87,both
S,200.0,2.2196948308276174,4.0,1802.049518,15208.0,15211.0,2026-06-04 04:00:00,2026-06-04 07:00:00,1802.05,1828.82,-1.485,-63.41,ACX,3.0,1.906,-2.749,18.2,DOWN,0.0,0.0,0.0,-63.41,200.0,2.2196948308276174,4.0,1802.049518,15208.0,15214.0,2026-06-04 10:00:00,1802.05,1759.53,2.359,90.38,TP,6.0,2.658,-2.749,18.2,DOWN,0.30780630191317526,0.30780630191317526,0.30780630191317526,90.68780630191317,both
S,200.0,2.3132430732411344,4.0,1729.174096,15239.0,15242.0,2026-06-05 11:00:00,2026-06-05 14:00:00,1729.17,1683.71,2.629,101.18,TP,3.0,2.838,-1.031,3.0,DOWN,0.0,0.0,0.0,101.18,200.0,2.3132430732411344,4.0,1729.174096,15239.0,15242.0,2026-06-05 14:00:00,1729.17,1683.71,2.629,101.18,TP,3.0,2.838,-1.031,3.0,DOWN,0.0,0.0,0.0,101.18,both
S,200.0,2.4072203128953107,4.0,1661.6676,15333.0,15337.0,2026-06-09 09:00:00,2026-06-09 13:00:00,1661.67,1686.0,-1.464,-62.57,ACX,4.0,0.516,-2.066,22.2,DOWN,0.0,0.0,0.0,-62.57,200.0,2.4072203128953107,4.0,1661.6676,15333.0,15343.0,2026-06-09 19:00:00,1661.67,1674.02,-0.744,-33.75,MH,10.0,0.516,-2.066,22.2,DOWN,0.0014551848997958437,0.0014551848997958437,0.0014551848997958437,-33.7485448151002,both
S,200.0,2.2672946723745766,4.0,1764.2170859999999,15533.0,15541.0,2026-06-17 17:00:00,2026-06-18 01:00:00,1764.22,1771.34,-0.404,-20.16,ACX,8.0,1.352,-1.54,24.2,MILD_UP,-0.029621224682749726,-0.029621224682749726,-0.029621224682749726,-20.18962122468275,200.0,2.2672946723745766,4.0,1764.2170859999999,15533.0,15543.0,2026-06-18 03:00:00,1764.22,1769.6,-0.305,-16.21,MH,10.0,1.352,-1.778,24.2,MILD_UP,-0.029621224682749726,-0.029621224682749726,-0.029621224682749726,-16.23962122468275,both
S,200.0,2.379714705499019,4.0,1680.8737580000002,15564.0,15568.0,2026-06-19 00:00:00,2026-06-19 04:00:00,1680.87,1705.13,-1.443,-61.73,ACX,4.0,0.614,-1.546,18.2,MILD_UP,0.0,-0.027649475624688762,0.0,-61.73,200.0,2.379714705499019,4.0,1680.8737580000002,15564.0,15574.0,2026-06-19 10:00:00,1680.87,1713.13,-1.919,-80.77,MH,10.0,0.614,-2.258,18.2,MILD_UP,0.2666088363901858,0.23895936076549704,0.2666088363901858,-80.5033911636098,both
S,200.0,2.3358517498055833,4.0,1712.437444,15674.0,15677.0,2026-06-23 14:00:00,2026-06-23 17:00:00,1712.44,1647.69,3.781,147.24,TP,3.0,4.62,-0.034,31.3,MILD_UP,0.013161589101528667,0.013161589101528667,0.013161589101528667,147.25316158910155,200.0,2.3358517498055833,4.0,1712.437444,15674.0,15677.0,2026-06-23 17:00:00,1712.44,1647.69,3.781,147.24,TP,3.0,4.62,-0.034,31.3,MILD_UP,0.013161589101528667,0.013161589101528667,0.013161589101528667,147.25316158910155,both
S,200.0,2.6029760118880203,4.0,1536.702598,15730.0,15739.0,2026-06-25 22:00:00,2026-06-26 07:00:00,1536.7,1569.79,-2.153,-90.14,ACX,9.0,0.0,-3.706,13.1,DOWN,-0.33233009605414876,-0.33233009605414876,-0.33233009605414876,-90.47233009605415,200.0,2.6029760118880203,4.0,1536.702598,15730.0,15740.0,2026-06-26 08:00:00,1536.7,1567.28,-1.99,-83.6,MH,10.0,0.0,-3.706,13.1,DOWN,-0.400237537699536,-0.400237537699536,-0.33233009605414876,-84.00023753769953,both
S,200.0,2.526922230593649,4.0,1582.953346,15845.0,15849.0,2026-06-30 17:00:00,2026-06-30 21:00:00,1582.95,1552.12,1.948,73.91,TP,4.0,2.082,-0.222,16.2,DOWN,0.0,0.0,0.0,73.91,200.0,2.526922230593649,4.0,1582.953346,15845.0,15849.0,2026-06-30 21:00:00,1582.95,1552.12,1.948,73.91,TP,4.0,2.082,-0.222,16.2,DOWN,0.0,0.0,0.0,73.91,both
S,200.0,2.31409939384573,4.0,1728.5342240000002,16043.0,16046.0,2026-07-08 23:00:00,2026-07-09 02:00:00,1728.53,1732.63,-0.237,-13.47,ACX,3.0,0.931,-0.999,33.3,UP,0.18082151537560784,0.18082151537560784,0.18082151537560784,-13.289178484624394,200.0,2.31409939384573,4.0,1728.5342240000002,16043.0,16051.0,2026-07-09 07:00:00,1728.53,1740.85,-0.712,-32.5,MH,8.0,0.931,-0.999,33.3,UP,0.18082151537560784,0.18082151537560784,0.18082151537560784,-32.319178484624395,both
S,200.0,2.0947584755470183,4.0,1909.5280180000002,16228.0,16233.0,2026-07-16 16:00:00,2026-07-16 21:00:00,1909.53,1872.1,1.96,74.39,TP,5.0,2.252,-0.139,12.1,MILD_UP,0.0,0.0,0.24321597835067382,74.39,200.0,2.0947584755470183,4.0,1909.5280180000002,16228.0,16233.0,2026-07-16 21:00:00,1909.53,1872.1,1.96,74.39,TP,5.0,2.252,-0.139,12.1,MILD_UP,0.0,0.0,0.24321597835067382,74.39,both
S,200.0,2.1943715534864365,4.0,1822.845358,16250.0,16255.0,2026-07-17 14:00:00,2026-07-17 19:00:00,1822.85,1836.27,-0.736,-33.45,ACX,5.0,0.162,-0.916,33.3,MILD_UP,0.19143399831945587,0.19143399831945587,0.19143399831945587,-33.25856600168055,200.0,2.1943715534864365,4.0,1822.845358,16250.0,16260.0,2026-07-18 00:00:00,1822.85,1830.57,-0.424,-20.94,MH,10.0,1.118,-1.086,33.3,MILD_UP,0.2895081082352571,0.19143399831945587,0.2895081082352571,-20.650491891764744,both
S,200.0,2.0875664157037117,4.0,1916.106702,16371.0,16374.0,2026-07-22 15:00:00,2026-07-22 18:00:00,1916.11,1923.95,-0.41,-20.38,ACX,3.0,0.354,-0.51,26.3,MILD_UP,0.05707705237132269,0.05707705237132269,0.05707705237132269,-20.322922947628676,200.0,2.0875664157037117,4.0,1916.106702,16371.0,16381.0,2026-07-23 01:00:00,1916.11,1949.39,-1.737,-73.48,MH,10.0,0.354,-2.226,26.3,MILD_UP,0.31877149133928123,0.31877149133928123,0.31877149133928123,-73.16122850866073,both
S,200.0,2.0896162456228717,4.0,1914.227078,16396.0,16406.0,2026-07-23 16:00:00,2026-07-24 02:00:00,1914.23,1878.11,1.887,71.48,TP,10.0,2.156,-0.863,3.0,MILD_UP,-0.12873878027965083,-0.2612852895815112,-0.12873878027965083,71.35126121972036,200.0,2.0896162456228717,4.0,1914.227078,16396.0,16406.0,2026-07-24 02:00:00,1914.23,1878.11,1.887,71.48,TP,10.0,2.156,-0.863,3.0,MILD_UP,-0.12873878027965083,-0.2612852895815112,-0.12873878027965083,71.35126121972036,both
S,200.0,2.1546399832144063,4.0,1856.458634,16426.0,16431.0,2026-07-24 22:00:00,2026-07-25 03:00:00,1856.46,1862.13,-0.306,-16.22,ACX,5.0,0.554,-0.66,26.3,MILD_UP,0.06881789362832631,0.06881789362832631,0.06881789362832631,-16.15118210637167,200.0,2.1546399832144063,4.0,1856.458634,16426.0,16436.0,2026-07-25 08:00:00,1856.46,1860.94,-0.242,-13.66,MH,10.0,0.554,-0.66,26.3,MILD_UP,0.2857873971952842,0.06881789362832631,0.2857873971952842,-13.374212602804716,both
S,200.0,2.115560622501894,4.0,1890.751774,16548.0,16551.0,2026-07-30 00:00:00,2026-07-30 03:00:00,1890.75,1919.97,-1.546,-65.82,ACX,3.0,0.226,-2.34,13.1,MILD_UP,0.0,0.0,0.08575205293409753,-65.82,200.0,2.115560622501894,4.0,1890.751774,16548.0,16558.0,2026-07-30 10:00:00,1890.75,1916.66,-1.37,-58.82,MH,10.0,1.084,-2.34,13.1,MILD_UP,0.15571349214358923,0.15571349214358923,0.24146554507768675,-58.66428650785641,both
S,200.0,1.6428704075688352,4.0,2434.7629500000003,17201.0,17206.0,2026-08-26 05:00:00,2026-08-26 10:00:00,2434.76,2455.48,-0.851,-38.04,ACX,5.0,0.907,-1.1,27.3,UP,0.1261193444725286,0.1261193444725286,0.1261193444725286,-37.91388065552747,200.0,1.6428704075688352,4.0,2434.7629500000003,17201.0,17209.0,2026-08-26 13:00:00,2434.76,2456.26,-0.883,-39.32,MH,8.0,0.907,-1.529,27.3,UP,0.1261193444725286,0.1261193444725286,0.1261193444725286,-39.19388065552747,both
S,200.0,1.606250340269076,4.0,2490.271846,17255.0,17259.0,2026-08-28 11:00:00,2026-08-28 15:00:00,2490.27,2502.2,-0.479,-23.16,ACX,4.0,0.666,-0.561,17.2,UP,0.0,0.0,0.0,-23.16,200.0,1.606250340269076,4.0,2490.271846,17255.0,17263.0,2026-08-28 19:00:00,2490.27,2506.02,-0.632,-29.3,MH,8.0,0.666,-0.747,17.2,UP,-0.005330827163035758,-0.005330827163035758,-0.005330827163035758,-29.305330827163036,both
